player_id,player_name,position,team,status,headshot_url
00-0023459,Aaron Rodgers,QB,PIT,ACT,"https://static.www.nfl.com/image/upload/f_auto,q_auto/league/dypvakakxhccxs67tb0y"
00-0025565,Nick Folk,K,ATL,ACT,"https://static.www.nfl.com/image/upload/f_auto,q_auto/league/qf6vaghxuoxqw0pyrvg3"
00-0026158,Joe Flacco,QB,CIN,ACT,"https://static.www.nfl.com/image/upload/f_auto,q_auto/league/dre1d2f2d6dxqohzn5l2"
00-0026300,Josh Johnson,QB,CIN,DEV,"https://static.www.nfl.com/image/upload/f_auto,q_auto/league/sijqkai2yy1cbw3rwndh"
00-0026498,Matthew Stafford,QB,LA,ACT,"https://static.www.nfl.com/image/upload/f_auto,q_auto/league/jwpkjfrkzufdyh8u1mg7"
00-0027973,Andy Dalton,QB,PHI,ACT,"https://static.www.nfl.com/image/upload/f_auto,q_auto/league/sfsneh0bn46e2kwve7sr"
00-0028118,Tyrod Taylor,QB,GB,ACT,"https://static.www.nfl.com/image/upload/f_auto,q_auto/league/whpztm9akd7yefplp37r"
00-0028986,Case Keenum,QB,CHI,ACT,"https://static.www.nfl.com/image/upload/f_auto,q_auto/league/weixhyzal4ntsyszyepu"
00-0029604,Kirk Cousins,QB,LV,ACT,"https://static.www.nfl.com/image/upload/f_auto,q_auto/league/za7cynvpwlsro1tsaijk"
00-0029892,Kyle Juszczyk,RB,SF,ACT,"https://static.www.nfl.com/image/upload/f_auto,q_auto/league/tsejiiddtouukwyyqr9q"
00-0030035,Adam Thielen,WR,MIN,RET,"https://static.www.nfl.com/image/upload/f_auto,q_auto/league/pv6gajxtt6zhum2unnsl"
00-0030061,Zach Ertz,TE,PHI,DEV,"https://static.www.nfl.com/image/upload/f_auto,q_auto/league/xktmmeumuoglbuam75iz"
00-0030279,Keenan Allen,WR,IND,ACT,"https://static.www.nfl.com/image/upload/f_auto,q_auto/league/ri267r6lzfwarh89hsn6"
00-0030506,Travis Kelce,TE,KC,ACT,"https://static.www.nfl.com/image/upload/f_auto,q_auto/league/dpxovcfku6ud2aohgf6a"
00-0030565,Geno Smith,QB,NYJ,ACT,"https://static.www.nfl.com/image/upload/f_auto,q_auto/league/zppfqqcyjfma14jjif3a"
00-0031136,Chris Boswell,K,PIT,ACT,"https://static.www.nfl.com/image/upload/f_auto,q_auto/league/rxbnhvnfjmheuryvdmuf"
00-0031203,Cairo Santos,K,CHI,ACT,"https://static.www.nfl.com/image/upload/f_auto,q_auto/league/tz5ecjri52gwpoo9s7be"
00-0031235,Odell Beckham Jr.,WR,NYG,ACT,"https://static.www.nfl.com/image/upload/f_auto,q_auto/league/ffmalg3wr7lwnsz59i7v"
00-0031236,Brandin Cooks,WR,SF,DEV,"https://static.www.nfl.com/image/upload/f_auto,q_auto/league/krz3gv9jjs92arlctvqf"
00-0031237,Teddy Bridgewater,QB,DET,RET,"https://static.www.nfl.com/image/upload/f_auto,q_auto/league/vwtggtoroccnjv3h0niq"
00-0031381,Davante Adams,WR,LA,ACT,"https://static.www.nfl.com/image/upload/f_auto,q_auto/league/tdzluk4xau3arxqk9zsl"
00-0031408,Mike Evans,WR,SF,ACT,"https://static.www.nfl.com/image/upload/f_auto,q_auto/league/zc4ujpmndyxrbiyyjomz"
00-0031484,Chris Manhertz,TE,NYG,ACT,"https://static.www.nfl.com/image/upload/f_auto,q_auto/league/bw0kytk1nwrdln9t3wzg"
00-0031492,Jason Myers,K,SEA,ACT,"https://static.www.nfl.com/image/upload/f_auto,q_auto/league/zcd7q9loflr0t5bsvzig"
00-0031503,Jameis Winston,QB,NYG,ACT,"https://static.www.nfl.com/image/upload/f_auto,q_auto/league/e5qyxnibbyawi0pvfpjl"
00-0031588,Stefon Diggs,WR,WAS,ACT,"https://static.www.nfl.com/image/upload/f_auto,q_auto/league/cemcexmscsarpvwhafln"
00-0031595,Michael Burton,RB,CLE,ACT,"https://static.www.nfl.com/image/upload/f_auto,q_auto/league/ibyeabk3yu68mgipxklr"
00-0031610,Darren Waller,TE,CAR,ACT,"https://static.www.nfl.com/image/upload/f_auto,q_auto/league/loyehiyzcu2lexjk7plq"
00-0032104,Ameer Abdullah,RB,JAX,ACT,"https://static.www.nfl.com/image/upload/f_auto,q_auto/league/k8teyeiqchljlm0h5te4"
00-0032268,Marcus Mariota,QB,WAS,ACT,"https://static.www.nfl.com/image/upload/f_auto,q_auto/league/grx6m1fmu1odltjo3y31"
00-0032385,Sterling Shepard,WR,NYJ,ACT,"https://static.www.nfl.com/image/upload/f_auto,q_auto/league/l47czwi8aaznnit0se5h"
00-0032392,Austin Hooper,TE,ATL,ACT,"https://static.www.nfl.com/image/upload/f_auto,q_auto/league/dd0j9ccd8fxokl48alzg"
00-0032394,Nick Vannett,TE,BAL,DEV,"https://static.www.nfl.com/image/upload/f_auto,q_auto/league/srrlkx2mydsb8gfco6fp"
00-0032398,Chris Moore,WR,BAL,ACT,"https://static.www.nfl.com/image/upload/f_auto,q_auto/league/o0s29hnpztyxqotqdx8h"
00-0032464,Kalif Raymond,WR,CHI,ACT,"https://static.www.nfl.com/image/upload/f_auto,q_auto/league/dpdv6dm0almcbjdppizx"
00-0032569,Wil Lutz,K,DEN,ACT,"https://static.www.nfl.com/image/upload/f_auto,q_auto/league/vcglg5vsgbiyggwibgy0"
00-0032726,Ka'imi Fairbairn,K,HOU,ACT,"https://static.www.nfl.com/image/upload/f_auto,q_auto/league/nbrs7doetqydf2rzhjjl"
00-0032764,Derrick Henry,RB,BAL,ACT,"https://static.www.nfl.com/image/upload/f_auto,q_auto/league/tm79x0iknqg6hms3ypyt"
00-0032775,Demarcus Robinson,WR,SF,RES,"https://static.www.nfl.com/image/upload/f_auto,q_auto/league/cokassoz2z7hb4wk2krh"
00-0032918,C.J. Ham,RB,MIN,RET,"https://static.www.nfl.com/image/upload/f_auto,q_auto/league/evssvutwjy6szq7dpelm"
00-0032950,Carson Wentz,QB,MIN,ACT,"https://static.www.nfl.com/image/upload/f_auto,q_auto/league/vuolixdvigc8axelug66"
00-0032951,Laquon Treadwell,WR,IND,ACT,"https://static.www.nfl.com/image/upload/f_auto,q_auto/league/xspi3oy2wlnszorzn6vk"
00-0033077,Dak Prescott,QB,DAL,ACT,"https://static.www.nfl.com/image/upload/f_auto,q_auto/league/yvscmqq1qki8zfsemmcd"
00-0033090,Hunter Henry,TE,NE,ACT,"https://static.www.nfl.com/image/upload/f_auto,q_auto/league/cvlunbqgztudbhjrug7l"
00-0033106,Jared Goff,QB,DET,ACT,"https://static.www.nfl.com/image/upload/f_auto,q_auto/league/kaicbot8qhzrvddilbtp"
00-0033110,Tyler Higbee,TE,LA,ACT,"https://static.www.nfl.com/image/upload/f_auto,q_auto/league/x1d4osiefibd04df6gow"
00-0033119,Jacoby Brissett,QB,ARI,ACT,"https://static.www.nfl.com/image/upload/f_auto,q_auto/league/qjswiunczrn5xmdiqhlz"
00-0033217,Mo Alie-Cox,TE,IND,ACT,"https://static.www.nfl.com/image/upload/f_auto,q_auto/league/ivdxijcqlhfwsydxh6ox"
00-0033246,Johnny Mundt,TE,PHI,ACT,"https://static.www.nfl.com/image/upload/f_auto,q_auto/league/gbsnomwbzavt5124vvaz"
00-0033280,Christian McCaffrey,RB,SF,ACT,"https://static.www.nfl.com/image/upload/f_auto,q_auto/league/st82s2ytyzanatcmkqck"
00-0033288,George Kittle,TE,SF,ACT,"https://static.www.nfl.com/image/upload/f_auto,q_auto/league/vkicdglglkyukgyxtmpx"
00-0033293,Aaron Jones,RB,MIN,ACT,"https://static.www.nfl.com/image/upload/f_auto,q_auto/league/bktkfvgfwujkdbzkcfim"
00-0033303,Harrison Butker,K,KC,ACT,"https://static.www.nfl.com/image/upload/f_auto,q_auto/league/yphf8avl8ji0ncdohabz"
00-0033307,Kendrick Bourne,WR,ARI,ACT,"https://static.www.nfl.com/image/upload/f_auto,q_auto/league/yzfa94cmhpcqamrwzdzk"
00-0033319,Nick Mullens,QB,JAX,DEV,"https://static.www.nfl.com/image/upload/f_auto,q_auto/league/haxwyajgngz6quuyqg19"
00-0033375,Tim Patrick,WR,NYJ,RES,"https://static.www.nfl.com/image/upload/f_auto,q_auto/league/hw06t7n00cfpt7euljza"
00-0033376,Patrick Ricard,RB,NYG,ACT,"https://static.www.nfl.com/image/upload/f_auto,q_auto/league/nm7ezh46zd5bdxaxz6a9"
00-0033439,Pharaoh Brown,TE,IND,DEV,"https://static.www.nfl.com/image/upload/f_auto,q_auto/league/hfgg6gr7aiyzmdzh4iww"
00-0033526,Samaje Perine,RB,CIN,ACT,"https://static.www.nfl.com/image/upload/f_auto,q_auto/league/fllwhcdovol5i7xxahf6"
00-0033537,Deshaun Watson,QB,CLE,ACT,"https://static.www.nfl.com/image/private/f_auto,q_auto/league/otfs2docj6eahaebo5xn"
00-0033553,James Conner,RB,ARI,RES,"https://static.www.nfl.com/image/upload/f_auto,q_auto/league/ka8wlhtteg8hsowsdofk"
00-0033555,Mack Hollins,WR,NE,ACT,"https://static.www.nfl.com/image/upload/f_auto,q_auto/league/qbz7whjzsittudcecezw"
00-0033576,Eric Saubert,TE,SEA,ACT,"https://static.www.nfl.com/image/upload/f_auto,q_auto/league/czzieyox5rht6ae3g5tx"
00-0033589,David Moore,WR,CAR,ACT,"https://static.www.nfl.com/image/upload/f_auto,q_auto/league/iyawzolvibsds35fwapv"
00-0033662,Cooper Rush,QB,ATL,INA,"https://static.www.nfl.com/image/upload/f_auto,q_auto/league/mwrtykpswz7nbfisqlmj"
00-0033757,Robert Tonyan,TE,PIT,ACT,"https://static.www.nfl.com/image/upload/f_auto,q_auto/league/m8h8rzmxq4sjywitqnyb"
00-0033787,Jake Elliott,K,PHI,ACT,"https://static.www.nfl.com/image/upload/f_auto,q_auto/league/gxy1mhbnz1p2nufkg8qz"
00-0033854,Dare Ogunbowale,RB,LV,DEV,"https://static.www.nfl.com/image/upload/f_auto,q_auto/league/bsm0k0jkytuiej2riudv"
00-0033858,Jonnu Smith,TE,GB,ACT,"https://static.www.nfl.com/image/upload/f_auto,q_auto/league/egd6llghj3n5wfdrqacw"
00-0033869,Mitchell Trubisky,QB,TEN,ACT,"https://static.www.nfl.com/image/upload/f_auto,q_auto/league/yxs7ix2pmcfv5k1qn1sk"
00-0033873,Patrick Mahomes,QB,KC,ACT,"https://static.www.nfl.com/image/upload/f_auto,q_auto/league/wdckwtob1lybvkmxnf7p"
00-0033881,Evan Engram,TE,DEN,ACT,"https://static.www.nfl.com/image/upload/f_auto,q_auto/league/nucl2dxmpvhlywhyro8o"
00-0033885,David Njoku,TE,LAC,RES,"https://static.www.nfl.com/image/upload/f_auto,q_auto/league/y4g1iayqrbrhdvkqywpx"
00-0033906,Alvin Kamara,RB,NO,ACT,"https://static.www.nfl.com/image/upload/f_auto,q_auto/league/yxebpuskandivlh2iil4"
00-0033908,Cooper Kupp,WR,SEA,ACT,"https://static.www.nfl.com/image/upload/f_auto,q_auto/league/kjixprihktsfog6wx9sq"
00-0033921,Chris Godwin Jr.,WR,TB,ACT,"https://static.www.nfl.com/image/upload/f_auto,q_auto/league/ilkheljdx4hbjpisulke"
00-0033949,Joshua Dobbs,QB,DET,ACT,"https://static.www.nfl.com/image/upload/f_auto,q_auto/league/twaqqjexyi0vgyfbvzis"
00-0033955,Jeremy McNichols,RB,WAS,RES,"https://static.www.nfl.com/image/upload/f_auto,q_auto/league/xcrgrtlk6ukrshtlnr5e"
00-0034161,Daniel Carlson,K,NO,ACT,"https://static.www.nfl.com/image/upload/f_auto,q_auto/league/gsvj7rtvqwbwdeho8whf"
00-0034173,Eddy Pineiro,K,SF,ACT,"https://static.www.nfl.com/image/upload/f_auto,q_auto/league/v3vtl2t4dfzkueanjfwc"
00-0034270,Tyler Conklin,TE,DET,INA,"https://static.www.nfl.com/image/upload/f_auto,q_auto/league/knjuzxnzsfjxwcjxp5en"
00-0034272,Marquez Valdes-Scantling,WR,LAC,ACT,"https://static.www.nfl.com/image/upload/f_auto,q_auto/league/xkdli55uvkkffiq6fwnu"
00-0034348,Courtland Sutton,WR,DEN,ACT,"https://static.www.nfl.com/image/upload/f_auto,q_auto/league/kqwmqcrlrwmqcvfuguhs"
00-0034351,Dallas Goedert,TE,PHI,ACT,"https://static.www.nfl.com/image/upload/f_auto,q_auto/league/bafepstxu7vvxb9v5vua"
00-0034365,Ian Thomas,TE,LV,ACT,"https://static.www.nfl.com/image/upload/f_auto,q_auto/league/gvpwnq0mjefjlekgzxro"
00-0034383,Dalton Schultz,TE,HOU,ACT,"https://static.www.nfl.com/image/upload/f_auto,q_auto/league/ym8sbkev8l4scnrc0vd8"
00-0034407,Ray-Ray McCloud,WR,CHI,RES,"https://static.www.nfl.com/image/upload/f_auto,q_auto/league/nvwn3sdihyyd2itjt7vy"
00-0034419,Braxton Berrios,WR,NYG,ACT,"https://static.www.nfl.com/image/upload/f_auto,q_auto/league/striwxmn9t0ixherw7l8"
00-0034487,Trent Sherfield,WR,BUF,DEV,"https://static.www.nfl.com/image/upload/f_auto,q_auto/league/iiig88xbj5zeau59ifvv"
00-0034577,Kyle Allen,QB,BUF,ACT,"https://static.www.nfl.com/image/upload/f_auto,q_auto/league/s3vbqdcoc6oc6yh460v9"
00-0034613,Tanner Hudson,TE,CIN,ACT,"https://static.www.nfl.com/image/upload/f_auto,q_auto/league/pyl2bpjw0vy4idcseama"
00-0034753,Mark Andrews,TE,BAL,ACT,"https://static.www.nfl.com/image/upload/f_auto,q_auto/league/u4xzz7tclch0tpzm9hhz"
00-0034771,Mason Rudolph,QB,PIT,ACT,"https://static.www.nfl.com/image/upload/f_auto,q_auto/league/oadtxde6hxz1jgrs618o"
00-0034775,Christian Kirk,WR,SF,RES,"https://static.www.nfl.com/image/upload/f_auto,q_auto/league/ffp75mtwnqgrv0qz0txz"
00-0034794,Jason Sanders,K,NYJ,ACT,"https://static.www.nfl.com/image/upload/f_auto,q_auto/league/k3ldptfygihmqgl2eir6"
00-0034796,Lamar Jackson,QB,BAL,ACT,"https://static.www.nfl.com/image/upload/f_auto,q_auto/league/eno6s5qzl9grbfbfwhoa"
00-0034798,Durham Smythe,TE,BAL,ACT,"https://static.www.nfl.com/image/upload/f_auto,q_auto/league/pwcuy1ntmris98x8xmxi"
00-0034827,DJ Moore,WR,BUF,ACT,"https://static.www.nfl.com/image/upload/f_auto,q_auto/league/lsavpxtqoqu25emwcnvy"
00-0034829,Mike Gesicki,TE,CIN,ACT,"https://static.www.nfl.com/image/upload/f_auto,q_auto/league/dykckg6we3cnw9yhpggi"
00-0034837,Calvin Ridley,WR,TEN,ACT,"https://static.www.nfl.com/image/upload/f_auto,q_auto/league/zrv8bjm7zdtboyka2jvr"
00-0034844,Saquon Barkley,RB,PHI,ACT,"https://static.www.nfl.com/image/upload/f_auto,q_auto/league/qcayrzjpura2zydszonh"
00-0034854,KhaDarel Hodge,WR,SF,ACT,"https://static.www.nfl.com/image/upload/f_auto,q_auto/league/mozew14dow474cun5eqp"
00-0034855,Baker Mayfield,QB,TB,ACT,"https://static.www.nfl.com/image/upload/f_auto,q_auto/league/gjb8e69jtt1ffqf1afue"
00-0034857,Josh Allen,QB,BUF,ACT,"https://static.www.nfl.com/image/upload/f_auto,q_auto/league/mjwbioajzldkq1vzoz2d"
00-0034869,Sam Darnold,QB,SEA,ACT,"https://static.www.nfl.com/image/upload/f_auto,q_auto/league/fyay8vruj0cqmhopufzk"
00-0034959,Andrew Beck,RB,NYJ,ACT,"https://static.www.nfl.com/image/upload/f_auto,q_auto/league/zv8xb3nfxamq7sqa1xqt"
00-0034960,Jakobi Meyers,WR,JAX,ACT,"https://static.www.nfl.com/image/upload/f_auto,q_auto/league/zrs4ij8mvw7wr1uujwew"
00-0034975,Justice Hill,RB,BAL,ACT,"https://static.www.nfl.com/image/upload/f_auto,q_auto/league/fuodbrwvianete2gy5ag"
00-0034981,Foster Moreau,TE,HOU,ACT,"https://static.www.nfl.com/image/upload/f_auto,q_auto/league/daymhftrwf00siu0iviy"
00-0035021,Ashton Dulin,WR,IND,INA,"https://static.www.nfl.com/image/upload/f_auto,q_auto/league/ux55cx0r9iwqwmfmaip6"
00-0035039,Stephen Carlson,TE,CHI,DEV,"https://static.www.nfl.com/image/upload/f_auto,q_auto/league/i54p7n9yfpyytifzv7rz"
00-0035045,D.J. Montgomery,WR,IND,RES,"https://static.www.nfl.com/image/upload/f_auto,q_auto/league/tpo0g9pqvia4lh2noq33"
00-0035125,Alec Ingold,RB,LAC,ACT,"https://static.www.nfl.com/image/upload/f_auto,q_auto/league/saqgxmq3xrr68byket0r"
00-0035192,Joey Slye,K,TEN,ACT,"https://static.www.nfl.com/image/upload/f_auto,q_auto/league/qyugyvvddildncveryob"
00-0035208,Olamide Zaccheaus,WR,ATL,ACT,"https://static.www.nfl.com/image/upload/f_auto,q_auto/league/zsnzd30ysrewgufbv06y"
00-0035228,Kyler Murray,QB,MIN,ACT,"https://static.www.nfl.com/image/upload/f_auto,q_auto/league/btfruyf33adgnjzpcuen"
00-0035229,T.J. Hockenson,TE,MIN,ACT,"https://static.www.nfl.com/image/upload/f_auto,q_auto/league/rs8o65x0u0n9xzde0fd6"
00-0035249,Josh Oliver,TE,MIN,ACT,"https://static.www.nfl.com/image/upload/f_auto,q_auto/league/awdb5xedlbq0ebpptgzb"
00-0035250,Devin Singletary,RB,NYG,INA,"https://static.www.nfl.com/image/upload/f_auto,q_auto/league/xy2r2msxjqneml2c1cdc"
00-0035251,Will Grier,QB,CAR,RET,"https://static.www.nfl.com/image/upload/f_auto,q_auto/league/c8cmoyu2wemjpl6ctk9g"
00-0035261,Tony Pollard,RB,TEN,ACT,"https://static.www.nfl.com/image/upload/f_auto,q_auto/league/mb2xdrqiys6ktlcuah2n"
00-0035264,Jarrett Stidham,QB,DEN,ACT,"https://static.www.nfl.com/image/upload/f_auto,q_auto/league/uzdn86skeienyyqxyiuw"
00-0035269,Matt Gay,K,LV,ACT,"https://static.www.nfl.com/image/upload/f_auto,q_auto/league/opglxpqmhu21eydoyvg2"
00-0035282,Easton Stick,QB,TB,DEV,"https://static.www.nfl.com/image/upload/f_auto,q_auto/league/rspxeh6kxzfr7ftkcywh"
00-0035289,Gardner Minshew,QB,ARI,ACT,"https://static.www.nfl.com/image/upload/f_auto,q_auto/league/knlacyr7rqfkcxiriudj"
00-0035298,Scott Miller,WR,CHI,CUT,"https://static.www.nfl.com/image/upload/f_auto,q_auto/league/mlx2xhjvzt6pqwgoloqa"
00-0035345,Chris Myarick,TE,LV,DEV,"https://static.www.nfl.com/image/upload/f_auto,q_auto/league/zyedrh1lvylrutfof4ld"
00-0035358,Chase McLaughlin,K,TB,ACT,"https://static.www.nfl.com/image/upload/f_auto,q_auto/league/enkzsuyzk232mbq5oe4w"
00-0035359,David Sills,WR,TB,RES,"https://static.www.nfl.com/image/upload/f_auto,q_auto/league/g0jd9yaq2yhw05ktamlh"
00-0035406,Lil'Jordan Humphrey,WR,DEN,INA,"https://static.www.nfl.com/image/upload/f_auto,q_auto/league/otxrvkflhixz9akhmfqq"
00-0035500,Greg Dortch,WR,BUF,ACT,"https://static.www.nfl.com/image/upload/f_auto,q_auto/league/pylafoddjiqh4rhjlhpf"
00-0035535,Darius Slayton,WR,IND,INA,"https://static.www.nfl.com/image/upload/f_auto,q_auto/league/otksyfjll5waf0vsczeu"
00-0035537,Ty Johnson,RB,BUF,ACT,"https://static.www.nfl.com/image/upload/f_auto,q_auto/league/zruhihypizhtgpvsaj3c"
00-0035544,Tom Kennedy,WR,DET,ACT,"https://static.www.nfl.com/image/upload/f_auto,q_auto/league/cbpuzvde5zqalmkjo0dv"
00-0035567,Craig Reynolds,RB,WAS,DEV,"https://static.www.nfl.com/image/upload/f_auto,q_auto/league/f5zuttg3hinfqgronrsg"
00-0035589,Gary Jennings,WR,LAC,DEV,"https://static.www.nfl.com/image/private/f_auto,q_auto/league/kfmi1ueidfxfixmaggov"
00-0035594,Travis Homer,RB,PIT,ACT,"https://static.www.nfl.com/image/upload/f_auto,q_auto/league/dyyclvfaagspov2ydf3i"
00-0035602,Alex Bachman,WR,LA,DEV,"https://static.www.nfl.com/image/upload/f_auto,q_auto/league/xebxem8tzjm0yyygaklg"
00-0035631,Drew Sample,TE,CIN,ACT,"https://static.www.nfl.com/image/upload/f_auto,q_auto/league/mmxrr2k7gdfowqpyxtr7"
00-0035639,Parris Campbell,WR,DAL,RET,"https://static.www.nfl.com/image/upload/f_auto,q_auto/league/pmb3ypquiy5a2qzzmio4"
00-0035640,DK Metcalf,WR,PIT,ACT,"https://static.www.nfl.com/image/upload/f_auto,q_auto/league/kxql4sjfelubhxawu2zh"
00-0035644,Noah Fant,TE,NO,ACT,"https://static.www.nfl.com/image/upload/f_auto,q_auto/league/lijnonbrcmplvkcb5kqv"
00-0035645,Gunner Olszewski,WR,NYG,RES,"https://static.www.nfl.com/image/upload/f_auto,q_auto/league/q6fs5e2eotgeh47xeo74"
00-0035659,Terry McLaurin,WR,WAS,ACT,"https://static.www.nfl.com/image/upload/f_auto,q_auto/league/tmfl2zruajmkrtcg4zxp"
00-0035662,Marquise Brown,WR,PHI,ACT,"https://static.www.nfl.com/image/upload/f_auto,q_auto/league/shkjxggufymydgp6wk3p"
00-0035676,A.J. Brown,WR,NE,RES,"https://static.www.nfl.com/image/upload/f_auto,q_auto/league/qfhvjyssf0lwsh0kienp"
00-0035685,David Montgomery,RB,HOU,ACT,"https://static.www.nfl.com/image/upload/f_auto,q_auto/league/csz0c9roa4pqsccothxg"
00-0035689,Dawson Knox,TE,BUF,ACT,"https://static.www.nfl.com/image/upload/f_auto,q_auto/league/k8bi9ppahwfmoxs8ij4w"
00-0035700,Josh Jacobs,RB,GB,EXE,"https://static.www.nfl.com/image/upload/f_auto,q_auto/league/uceokxeo0uqrqms3e3vl"
00-0035704,Drew Lock,QB,SEA,ACT,"https://static.www.nfl.com/image/upload/f_auto,q_auto/league/vdixnkk1uglfpwowalf8"
00-0035710,Daniel Jones,QB,IND,ACT,"https://static.www.nfl.com/image/upload/f_auto,q_auto/league/ohvvctuykzwrpqer7xgl"
00-0035719,Deebo Samuel Sr.,WR,SF,ACT,"https://static.www.nfl.com/image/upload/f_auto,q_auto/league/ntgyhqg6hq7fanhhsqiw"
00-0035891,Cody White,WR,LV,ACT,"https://static.www.nfl.com/image/upload/f_auto,q_auto/league/qaxlehtrp722qleo48sc"
00-0035924,Jonathan Ward,RB,BAL,DEV,"https://static.www.nfl.com/image/upload/f_auto,q_auto/league/yct3a4xznwcxjvn4iosk"
00-0035993,Tyler Huntley,QB,BAL,ACT,"https://static.www.nfl.com/image/upload/f_auto,q_auto/league/fxyjf9d5qkwqjdd8ypvv"
00-0036020,Salvon Ahmed,RB,CHI,DEV,"https://static.www.nfl.com/image/upload/f_auto,q_auto/league/nbqkon8x1bkphihywnkw"
00-0036040,Juwan Johnson,TE,NO,ACT,"https://static.www.nfl.com/image/upload/f_auto,q_auto/league/ahzqkvhjot6lygwr4ccb"
00-0036139,Rico Dowdle,RB,PIT,INA,"https://static.www.nfl.com/image/upload/f_auto,q_auto/league/mx2bxccuzmdvzbksypws"
00-0036158,J.K. Dobbins,RB,DEN,ACT,"https://static.www.nfl.com/image/upload/f_auto,q_auto/league/cevotvl3ho5h1mioruyg"
00-0036162,Tyler Bass,K,BUF,ACT,"https://static.www.nfl.com/image/upload/f_auto,q_auto/league/rwidgp7jp8vxhssi7und"
00-0036165,Isaiah Hodgins,WR,PIT,DEV,"https://static.www.nfl.com/image/upload/f_auto,q_auto/league/ywbemecs6xa8bsm3h7bb"
00-0036182,Nick Westbrook-Ikhine,WR,IND,ACT,"https://static.www.nfl.com/image/upload/f_auto,q_auto/league/cyczwxlgfksrmurbb1ez"
00-0036187,Reggie Gilliam,RB,NE,ACT,"https://static.www.nfl.com/image/upload/f_auto,q_auto/league/jjntivnnkczvlclkiwwm"
00-0036212,Tua Tagovailoa,QB,ATL,ACT,"https://static.www.nfl.com/image/upload/f_auto,q_auto/league/tmm4ohds7qci0vqoobhm"
00-0036223,Jonathan Taylor,RB,IND,ACT,"https://static.www.nfl.com/image/upload/f_auto,q_auto/league/yw46ky6akdm7h7siofu8"
00-0036244,Colby Parkinson,TE,LA,ACT,"https://static.www.nfl.com/image/upload/f_auto,q_auto/league/qsyrgtfjj06wryahnxc9"
00-0036252,Michael Pittman,WR,PIT,ACT,"https://static.www.nfl.com/image/upload/f_auto,q_auto/league/q1ythn05kwcmdr4mwzll"
00-0036259,Jauan Jennings,WR,MIN,ACT,"https://static.www.nfl.com/image/upload/f_auto,q_auto/league/ben8kbygzzlid6ltmdum"
00-0036264,Jordan Love,QB,GB,ACT,"https://static.www.nfl.com/image/upload/f_auto,q_auto/league/thz8stjkbjwddxqnozi5"
00-0036265,AJ Dillon,RB,CAR,ACT,"https://static.www.nfl.com/image/upload/f_auto,q_auto/league/imxxt8yrbrxptoxr1hw5"
00-0036275,D'Andre Swift,RB,CHI,ACT,"https://static.www.nfl.com/image/upload/f_auto,q_auto/league/owpmwzoilitcodc6cmxo"
00-0036290,Cole Kmet,TE,CHI,ACT,"https://static.www.nfl.com/image/upload/f_auto,q_auto/league/ysnui8mzlu2fo70ub0yt"
00-0036309,Darnell Mooney,WR,NYG,ACT,"https://static.www.nfl.com/image/upload/f_auto,q_auto/league/eaejonwaflt9drrs9ika"
00-0036322,Justin Jefferson,WR,MIN,ACT,"https://static.www.nfl.com/image/upload/f_auto,q_auto/league/htjevkugzk6ietrjysny"
00-0036331,Devin Duvernay,WR,ARI,ACT,"https://static.www.nfl.com/image/upload/f_auto,q_auto/league/tj3t166iwsxbnyzxcyyl"
00-0036332,Josiah Deguara,TE,PHI,DEV,"https://static.www.nfl.com/image/upload/f_auto,q_auto/league/wivlyvbmlm0aogcvl2yz"
00-0036345,K.J. Osborn,WR,TEN,DEV,"https://static.www.nfl.com/image/upload/f_auto,q_auto/league/ytgf9lftpnc3hqg81vhj"
00-0036355,Justin Herbert,QB,LAC,ACT,"https://static.www.nfl.com/image/upload/f_auto,q_auto/league/jnkspnntgebegzp4ghve"
00-0036358,CeeDee Lamb,WR,DAL,ACT,"https://static.www.nfl.com/image/upload/f_auto,q_auto/league/mbblzwtynxr15ovzkevi"
00-0036387,Jalen Reagor,WR,MIA,DEV,"https://static.www.nfl.com/image/upload/f_auto,q_auto/league/r55ywr41a014zd9zmvc1"
00-0036389,Jalen Hurts,QB,PHI,ACT,"https://static.www.nfl.com/image/upload/f_auto,q_auto/league/xow5yvxjeqa6witmofmp"
00-0036407,Jerry Jeudy,WR,CLE,ACT,"https://static.www.nfl.com/image/upload/f_auto,q_auto/league/szca1v9butuqkjs7ekpm"
00-0036410,Tee Higgins,WR,CIN,ACT,"https://static.www.nfl.com/image/upload/f_auto,q_auto/league/gpwtyv3viwy9q4ewderl"
00-0036415,Van Jefferson,WR,WAS,DEV,"https://static.www.nfl.com/image/upload/f_auto,q_auto/league/inwxk1xlvzculj8m3pah"
00-0036422,Adam Trautman,TE,DEN,ACT,"https://static.www.nfl.com/image/upload/f_auto,q_auto/league/bqsgkwkfolczyrxmdp1j"
00-0036423,Albert Okwuegbunam,TE,LV,DEV,"https://static.www.nfl.com/image/upload/f_auto,q_auto/league/ivyip7mtbv6i0wbnlrph"
00-0036425,DeeJay Dallas,RB,MIN,ACT,"https://static.www.nfl.com/image/upload/f_auto,q_auto/league/qrvemj4m3g2mqlbgy352"
00-0036427,Tyler Johnson,WR,NYJ,DEV,"https://static.www.nfl.com/image/upload/f_auto,q_auto/league/wvdkhxotikdvohhaypee"
00-0036429,Charlie Woerner,TE,ATL,ACT,"https://static.www.nfl.com/image/upload/f_auto,q_auto/league/tuzldnhk23mvsapfejqd"
00-0036442,Joe Burrow,QB,CIN,ACT,"https://static.www.nfl.com/image/upload/f_auto,q_auto/league/gnnvcgui1cijybukk2w7"
00-0036463,Chris Blair,WR,ATL,ACT,"https://static.www.nfl.com/image/upload/f_auto,q_auto/league/gfkhv6k1wr45fnhl0p1d"
00-0036491,Tarik Black,WR,DET,CUT,"https://static.www.nfl.com/image/upload/f_auto,q_auto/league/nwu8axcyqw8yk3i300ob"
00-0036497,Tim Jones,WR,JAX,DEV,"https://static.www.nfl.com/image/upload/f_auto,q_auto/league/rgthh35tnl9dbi7jshxv"
00-0036534,Shane Zylstra,TE,NE,CUT,"https://static.www.nfl.com/image/upload/f_auto,q_auto/league/jxq0fpgw6dzavqabgl1j"
00-0036550,Rashod Bateman,WR,BAL,ACT,"https://static.www.nfl.com/image/upload/f_auto,q_auto/league/gtktmsfcxc1eijwpwzyq"
00-0036554,Nico Collins,WR,HOU,INA,"https://static.www.nfl.com/image/upload/f_auto,q_auto/league/fguybjrn1kwflxm5szwq"
00-0036555,Chuba Hubbard,RB,CAR,ACT,"https://static.www.nfl.com/image/upload/f_auto,q_auto/league/rzsvnt0pxsaize2ndhxm"
00-0036556,Brevin Jordan,TE,HOU,INA,"https://static.www.nfl.com/image/upload/f_auto,q_auto/league/rn42gehfbeflx2px8njx"
00-0036590,Quintin Morris,TE,JAX,ACT,"https://static.www.nfl.com/image/upload/f_auto,q_auto/league/auqtvapzdtpdxg6myw6b"
00-0036613,Jaylen Waddle,WR,DEN,ACT,"https://static.www.nfl.com/image/upload/f_auto,q_auto/league/gkh7m1jedon9mwn5jlf1"
00-0036626,Dyami Brown,WR,WAS,ACT,"https://static.www.nfl.com/image/upload/f_auto,q_auto/league/addv9eheok1jj7amfkpb"
00-0036628,John Bates,TE,WAS,ACT,"https://static.www.nfl.com/image/upload/f_auto,q_auto/league/sqaiwpind6kk4ns4acql"
00-0036630,Tylan Wallace,WR,CLE,ACT,"https://static.www.nfl.com/image/upload/f_auto,q_auto/league/rifnnpeub6okv41offnd"
00-0036635,Ihmir Smith-Marsette,WR,CAR,DEV,"https://static.www.nfl.com/image/upload/f_auto,q_auto/league/mnfsun286mv5azpa8zaw"
00-0036637,Noah Gray,TE,KC,ACT,"https://static.www.nfl.com/image/upload/f_auto,q_auto/league/bpmlguml8jth2rbdfyp5"
00-0036646,Simi Fehoko,WR,ARI,ACT,"https://static.www.nfl.com/image/upload/f_auto,q_auto/league/eep30drknwucjdj6tivh"
00-0036647,Cornell Powell,WR,PIT,CUT,"https://static.www.nfl.com/image/private/f_auto,q_auto/league/vnpyhf8dp1opjhvyotff"
00-0036670,Jermar Jefferson,RB,MIN,CUT,"https://static.www.nfl.com/image/upload/f_auto,q_auto/league/bkgrgirrdwlm05vqg74b"
00-0036679,Shane Buechele,QB,BUF,DEV,"https://static.www.nfl.com/image/upload/f_auto,q_auto/league/kmbuzxucmmytpuoy8yfc"
00-0036727,Adam Prentice,RB,DEN,ACT,"https://static.www.nfl.com/image/upload/f_auto,q_auto/league/xuvyqidnso9ga1dfefoy"
00-0036741,Jack Stoll,TE,SF,DEV,"https://static.www.nfl.com/image/upload/f_auto,q_auto/league/vx5eqo8t1qvj0ijwmiwm"
00-0036754,Brock Wright,TE,DET,ACT,"https://static.www.nfl.com/image/upload/f_auto,q_auto/league/ghmaeofuj87fm97yhvcp"
00-0036755,Jaret Patterson,RB,MIN,DEV,"https://static.www.nfl.com/image/upload/f_auto,q_auto/league/thg0iebj03kg0nuykglu"
00-0036775,Brandon Smith,WR,PIT,DEV,"https://static.www.nfl.com/image/upload/f_auto,q_auto/league/h4ezdffu0biwqoxn7bql"
00-0036816,Riley Patterson,K,MIA,ACT,"https://static.www.nfl.com/image/upload/f_auto,q_auto/league/xjg7x98iyq5hlgjc62ot"
00-0036825,Feleipe Franks,TE,CAR,ACT,"https://static.www.nfl.com/image/upload/f_auto,q_auto/league/nbn1wxlh6los4y2am3ro"
00-0036841,Austin Trammell,WR,JAX,DEV,"https://static.www.nfl.com/image/upload/f_auto,q_auto/league/vpkcobp7jdqvk8qwhhtg"
00-0036842,Kene Nwangwu,RB,NYJ,INA,"https://static.www.nfl.com/image/upload/f_auto,q_auto/league/rlnqgz517fsohrndgjrb"
00-0036849,Tutu Atwell,WR,LA,INA,"https://static.www.nfl.com/image/upload/f_auto,q_auto/league/tl2aa9ucbtcwhr1yk3tf"
00-0036854,Evan McPherson,K,CIN,ACT,"https://static.www.nfl.com/image/upload/f_auto,q_auto/league/t6fs7i54i4n7xjiayoz0"
00-0036862,Ben Skowronek,WR,PIT,ACT,"https://static.www.nfl.com/image/upload/f_auto,q_auto/league/etozk8ja4u8lpjcvvo6l"
00-0036875,Rhamondre Stevenson,RB,NE,ACT,"https://static.www.nfl.com/image/upload/f_auto,q_auto/league/zmpuirvuw4r04inxth5i"
00-0036876,Kylen Granson,TE,TEN,INA,"https://static.www.nfl.com/image/upload/f_auto,q_auto/league/ysbxmdw4da30q3kjb571"
00-0036879,Sam Ehlinger,QB,DEN,INA,"https://static.www.nfl.com/image/upload/f_auto,q_auto/league/imtb2ia03w2ujrl9dprs"
00-0036887,Luke Farrell,TE,SF,ACT,"https://static.www.nfl.com/image/upload/f_auto,q_auto/league/kdq2zratulrdsv4ykugy"
00-0036893,Najee Harris,RB,NYG,ACT,"https://static.www.nfl.com/image/upload/f_auto,q_auto/league/grfxgbvqnzz40r7rdtvk"
00-0036894,Pat Freiermuth,TE,PIT,ACT,"https://static.www.nfl.com/image/upload/f_auto,q_auto/league/pyrdsypgggjshiaygkr7"
00-0036898,Davis Mills,QB,HOU,ACT,"https://static.www.nfl.com/image/upload/f_auto,q_auto/league/jh9e97vjzmeafx8jz0sn"
00-0036900,Ja'Marr Chase,WR,CIN,ACT,"https://static.www.nfl.com/image/upload/f_auto,q_auto/league/qya3dtjb5kgofcuj2tuw"
00-0036906,Khalil Herbert,RB,ATL,DEV,"https://static.www.nfl.com/image/upload/f_auto,q_auto/league/gjwksf9ygntjmtceeerh"
00-0036912,DeVonta Smith,WR,PHI,ACT,"https://static.www.nfl.com/image/upload/f_auto,q_auto/league/k724kq3hyv7jc0y9s03x"
00-0036919,Kenny Gainwell,RB,TB,ACT,"https://static.www.nfl.com/image/upload/f_auto,q_auto/league/eo62l8ec8e3lzt86ihth"
00-0036924,Michael Carter,RB,TEN,INA,"https://static.www.nfl.com/image/upload/f_auto,q_auto/league/cwqrxzouk4gkhfziyqre"
00-0036945,Justin Fields,QB,KC,ACT,"https://static.www.nfl.com/image/upload/f_auto,q_auto/league/npjrombgxkc5vjkctcgy"
00-0036959,Michael Bandy,WR,DEN,DEV,"https://static.www.nfl.com/image/upload/f_auto,q_auto/league/bcashgwve9ean9pq8egb"
00-0036963,Amon-Ra St. Brown,WR,DET,ACT,"https://static.www.nfl.com/image/upload/f_auto,q_auto/league/fd8nwhm6pvxfyzphzl6i"
00-0036970,Kyle Pitts,TE,ATL,ACT,"https://static.www.nfl.com/image/upload/f_auto,q_auto/league/xczipzxvytnmvgznhhb4"
00-0036971,Trevor Lawrence,QB,JAX,ACT,"https://static.www.nfl.com/image/upload/f_auto,q_auto/league/k9uzdernqkx7oquy7dkg"
00-0036972,Mac Jones,QB,SF,ACT,"https://static.www.nfl.com/image/upload/f_auto,q_auto/league/mbdwfwiuhl0ib5ajtmzq"
00-0036973,Travis Etienne,RB,NO,ACT,"https://static.www.nfl.com/image/upload/f_auto,q_auto/league/pwko5dybmjie8qqo4qz2"
00-0036980,Elijah Moore,WR,PHI,ACT,"https://static.www.nfl.com/image/upload/f_auto,q_auto/league/wax90oyx9vs0x9j4nt5n"
00-0036984,Trey Sermon,RB,ATL,RES,"https://static.www.nfl.com/image/upload/f_auto,q_auto/league/eqhl3xiczodsyqlmsxvr"
00-0036988,Josh Palmer,WR,BUF,ACT,"https://static.www.nfl.com/image/upload/f_auto,q_auto/league/woswdfrtxnsfgzsjvsxx"
00-0036997,Javonte Williams,RB,DAL,ACT,"https://static.www.nfl.com/image/upload/f_auto,q_auto/league/xvwroirev2kie6oiphtz"
00-0037004,Hunter Long,TE,ARI,ACT,"https://static.www.nfl.com/image/upload/f_auto,q_auto/league/wlj6sdfj5qcy8bt2qyxb"
00-0037005,Tommy Tremble,TE,CAR,ACT,"https://static.www.nfl.com/image/upload/f_auto,q_auto/league/t7wjikfv09d3o1q7wjdx"
00-0037011,Tre' McKitty,TE,WAS,CUT,"https://static.www.nfl.com/image/upload/f_auto,q_auto/league/hcsuglnch88wtxp9emcv"
00-0037012,Trey Lance,QB,LAC,ACT,"https://static.www.nfl.com/image/upload/f_auto,q_auto/league/j3psmvvxo13kmbgi60ej"
00-0037013,Zach Wilson,QB,NO,INA,"https://static.www.nfl.com/image/upload/f_auto,q_auto/league/i17xpbsar7evcypbhtel"
00-0037031,Nikola Kalinic,TE,CHI,RES,"https://static.www.nfl.com/image/upload/f_auto,q_auto/league/monk9ruop1ec5bfysiwl"
00-0037055,Lance McCutcheon,WR,TEN,CUT,"https://static.www.nfl.com/image/upload/f_auto,q_auto/league/mbesuisbtobyu5hozclc"
00-0037077,Sam Howell,QB,DAL,ACT,"https://static.www.nfl.com/image/upload/f_auto,q_auto/league/sx77bippywnl0dx6m8q9"
00-0037078,Cole Turner,TE,MIA,RES,"https://static.www.nfl.com/image/upload/f_auto,q_auto/league/tuoxojttzngaook6qbde"
00-0037085,Tyler Badie,RB,DEN,ACT,"https://static.www.nfl.com/image/upload/f_auto,q_auto/league/ghhul5piv9vzeih6atsj"
00-0037086,Grant Calcaterra,TE,PHI,RES,"https://static.www.nfl.com/image/upload/f_auto,q_auto/league/inpyxw55sxo96shrt4si"
00-0037091,Bo Melton,WR,GB,ACT,"https://static.www.nfl.com/image/upload/f_auto,q_auto/league/d7hxvsyeufobjykcxhls"
00-0037093,Dareke Young,WR,LV,ACT,"https://static.www.nfl.com/image/upload/f_auto,q_auto/league/xd0585sr1fy1wpry0ued"
00-0037098,Samori Toure,WR,PHI,CUT,"https://static.www.nfl.com/image/upload/f_auto,q_auto/league/tkjitxda1ufeev3tzpuk"
00-0037112,Jake Tonges,TE,SF,RES,"https://static.www.nfl.com/image/upload/f_auto,q_auto/league/z6goxhdhfc2m0rmwvtbl"
00-0037120,Tyler Goodson,RB,DAL,ACT,"https://static.www.nfl.com/image/upload/f_auto,q_auto/league/zqmesi6fwv82lhfzlht6"
00-0037132,Britain Covey,WR,PHI,ACT,"https://static.www.nfl.com/image/upload/f_auto,q_auto/league/jgvgr3prtme8ua28bfxi"
00-0037156,Irvin Charles,WR,SEA,RES,"https://static.www.nfl.com/image/upload/f_auto,q_auto/league/heeyyjyf5prqas5tmwvk"
00-0037157,Bam Knight,RB,ARI,ACT,"https://static.www.nfl.com/image/upload/f_auto,q_auto/league/mjxnlzlnnwlfqayeybut"
00-0037197,Isiah Pacheco,RB,DET,RES,"https://static.www.nfl.com/image/upload/f_auto,q_auto/league/hkqb4imkum3vxxkwuetl"
00-0037224,Cameron Dicker,K,LAC,ACT,"https://static.www.nfl.com/image/upload/f_auto,q_auto/league/fvkop13kntnwv3amucpf"
00-0037228,Jaylen Warren,RB,PIT,ACT,"https://static.www.nfl.com/image/upload/f_auto,q_auto/league/dkiteytgnxar1mpaxcxv"
00-0037231,Kevin Austin Jr.,WR,NO,ACT,"https://static.www.nfl.com/image/upload/f_auto,q_auto/league/fh2yaqaxkornxeb7d9ie"
00-0037238,Drake London,WR,ATL,ACT,"https://static.www.nfl.com/image/upload/f_auto,q_auto/league/mcllowcfrmmdeo4zy3g1"
00-0037239,Chris Olave,WR,NO,ACT,"https://static.www.nfl.com/image/upload/f_auto,q_auto/league/onmxufsprtvglhejg94o"
00-0037240,Jameson Williams,WR,DET,ACT,"https://static.www.nfl.com/image/upload/f_auto,q_auto/league/byiptqggtglvy5qrw5wp"
00-0037247,George Pickens,WR,DAL,ACT,"https://static.www.nfl.com/image/upload/f_auto,q_auto/league/cbpyykoguf7rsxezqzvk"
00-0037248,James Cook,RB,BUF,ACT,"https://static.www.nfl.com/image/upload/f_auto,q_auto/league/anjbznqb9i21wzcgrtbs"
00-0037252,Greg Dulcich,TE,MIA,ACT,"https://static.www.nfl.com/image/upload/f_auto,q_auto/league/kw4cwgjl4kywh6le4sfh"
00-0037256,Rachaad White,RB,WAS,ACT,"https://static.www.nfl.com/image/upload/f_auto,q_auto/league/wtdhs50gcl2p6vngsnre"
00-0037258,Dameon Pierce,RB,PHI,DEV,"https://static.www.nfl.com/image/upload/f_auto,q_auto/league/oai3defivyfyofxxh4ux"
00-0037261,Khalil Shakir,WR,BUF,ACT,"https://static.www.nfl.com/image/upload/f_auto,q_auto/league/syvp3hficobwcsim3i9v"
00-0037263,Tyler Allgeier,RB,ARI,ACT,"https://static.www.nfl.com/image/upload/f_auto,q_auto/league/sp9lhhmpv4qy3xy2msxd"
00-0037267,Jerome Ford,RB,MIN,DEV,"https://static.www.nfl.com/image/upload/f_auto,q_auto/league/rntmoum7ncnyo5j2bdei"
00-0037276,Ty Chandler,RB,NO,RES,"https://static.www.nfl.com/image/upload/f_auto,q_auto/league/dmprsfd75phecgmbkf4l"
00-0037277,Teagan Quitoriano,TE,ARI,DEV,"https://static.www.nfl.com/image/upload/f_auto,q_auto/league/adwepaexueevxdcqjhyf"
00-0037282,James Mitchell,TE,DAL,DEV,"https://static.www.nfl.com/image/upload/f_auto,q_auto/league/q8b9goebgmuwusl6vqdc"
00-0037291,Jalen Nailor,WR,LV,ACT,"https://static.www.nfl.com/image/upload/f_auto,q_auto/league/nojopyt8hxuwycxyaokb"
00-0037292,Andrew Ogletree,TE,IND,ACT,"https://static.www.nfl.com/image/upload/f_auto,q_auto/league/wvcrk0ygv3coprxj4cnt"
00-0037304,Connor Heyward,RB,LV,ACT,"https://static.www.nfl.com/image/upload/f_auto,q_auto/league/nbbhxtutzvbj0ejljyyp"
00-0037311,Ko Kieft,TE,TB,ACT,"https://static.www.nfl.com/image/upload/f_auto,q_auto/league/whd4f9mav6qqckqltqwu"
00-0037317,Nick Muse,TE,ATL,ACT,"https://static.www.nfl.com/image/upload/f_auto,q_auto/league/cdidnsvt1we5d7ffnjbo"
00-0037324,Chris Oladokun,QB,KC,RES,"https://static.www.nfl.com/image/upload/f_auto,q_auto/league/zlcmvcyi6laaklmjv1j2"
00-0037327,Skylar Thompson,QB,BAL,RES,"https://static.www.nfl.com/image/upload/f_auto,q_auto/league/estx7utxpnqif0lto9cq"
00-0037329,Brittain Brown,RB,CHI,RES,"https://static.www.nfl.com/image/upload/f_auto,q_auto/league/xo28viloq6rjkgca3gpz"
00-0037340,Zaire Mitchell-Paden,TE,HOU,DEV,"https://static.www.nfl.com/image/upload/f_auto,q_auto/league/kx728asxtg6ykmh1yblc"
00-0037348,Tanner Conner,TE,NE,DEV,"https://static.www.nfl.com/image/upload/f_auto,q_auto/league/hya7vfgtuyx5k4tnhmic"
00-0037380,Kaden Davis,WR,CHI,DEV,"https://static.www.nfl.com/image/upload/f_auto,q_auto/league/j4pxqpw02oztmctolcdr"
00-0037382,Brandon Johnson,WR,PIT,DEV,"https://static.www.nfl.com/image/upload/f_auto,q_auto/league/pjdx1jdr9snczoeyevli"
00-0037410,Jashaun Corbin,RB,DAL,CUT,"https://static.www.nfl.com/image/upload/f_auto,q_auto/league/ovzlcbe1osd6ugfxu55d"
00-0037422,Kendric Pryor,WR,CIN,CUT,"https://static.www.nfl.com/image/upload/f_auto,q_auto/league/fpklza3pwkzdiqjqlene"
00-0037475,Stone Smartt,TE,NO,DEV,"https://static.www.nfl.com/image/upload/f_auto,q_auto/league/g8mtiyojkmj8vwzmg0ez"
00-0037487,Deven Thompkins,WR,LV,DEV,"https://static.www.nfl.com/image/upload/f_auto,q_auto/league/hohgyaldfuylxqwnb8i2"
00-0037509,Sincere McCormick,RB,SF,DEV,"https://static.www.nfl.com/image/upload/f_auto,q_auto/league/t2e5ffjyc1iimyxufxjs"
00-0037524,Tay Martin,WR,DET,ACT,"https://static.www.nfl.com/image/upload/f_auto,q_auto/league/ttdp5v9tl0zqmb0dmmuv"
00-0037525,Jordan Mason,RB,MIN,RES,"https://static.www.nfl.com/image/upload/f_auto,q_auto/league/qeeucinnxl8mpzaw23hc"
00-0037539,Lucas Krull,TE,DEN,DEV,"https://static.www.nfl.com/image/upload/f_auto,q_auto/league/eolvpkk5jjmipuqmf5v6"
00-0037545,Rashid Shaheed,WR,SEA,ACT,"https://static.www.nfl.com/image/upload/f_auto,q_auto/league/ku2naisfbxmzgagxojnm"
00-0037557,Ronnie Rivers,RB,LA,RES,"https://static.www.nfl.com/image/upload/f_auto,q_auto/league/t9l7jhs1jw1joy8jpxee"
00-0037563,Malik Davis,RB,DAL,RES,"https://static.www.nfl.com/image/upload/f_auto,q_auto/league/zvranxxyt8qeihn8c2q9"
00-0037570,Dennis Houston,WR,TB,CUT,"https://static.www.nfl.com/image/upload/f_auto,q_auto/league/mrysbvm2hmsouvdwti9w"
00-0037594,Julius Chestnut,RB,TEN,ACT,"https://static.www.nfl.com/image/upload/f_auto,q_auto/league/bkhv6hpjogvs5b31wwrs"
00-0037614,John Metchie III,WR,CAR,ACT,"https://static.www.nfl.com/image/upload/f_auto,q_auto/league/nsjpnskeldxzbzckpfgg"
00-0037617,Hassan Haskins,RB,NE,DEV,"https://static.www.nfl.com/image/upload/f_auto,q_auto/league/n9jwsfxyo1xppmhscpik"
00-0037664,Alec Pierce,WR,IND,RES,"https://static.www.nfl.com/image/upload/f_auto,q_auto/league/qcg9t51wgp3hicavmkmy"
00-0037666,Jalen Tolbert,WR,MIA,ACT,"https://static.www.nfl.com/image/upload/f_auto,q_auto/league/dthrzudnyh1mcrh1det2"
00-0037692,Brandon Aubrey,K,DAL,ACT,"https://static.www.nfl.com/image/upload/f_auto,q_auto/league/bgwg06zmyohjxvzznbf6"
00-0037708,Maurice Alexander,WR,CHI,CUT,"https://static.www.nfl.com/image/upload/f_auto,q_auto/league/yzohmksbod2i5sslcndw"
00-0037740,Garrett Wilson,WR,NYJ,ACT,"https://static.www.nfl.com/image/upload/f_auto,q_auto/league/upxwxmhdd8xluztgqwhe"
00-0037741,Jahan Dotson,WR,ATL,ACT,"https://static.www.nfl.com/image/upload/f_auto,q_auto/league/gwuibfw7ljxudxtldcvh"
00-0037742,Treylon Burks,WR,WAS,ACT,"https://static.www.nfl.com/image/upload/f_auto,q_auto/league/bmozbzdxgnnwdniuvgnn"
00-0037744,Trey McBride,TE,ARI,ACT,"https://static.www.nfl.com/image/upload/f_auto,q_auto/league/psasp10nn5pcvkli9kil"
00-0037745,Velus Jones Jr.,RB,SEA,ACT,"https://static.www.nfl.com/image/upload/f_auto,q_auto/league/d4y5fxivhcxk34q7stpb"
00-0037746,Brian Robinson,RB,ATL,ACT,"https://static.www.nfl.com/image/upload/f_auto,q_auto/league/n1xhex1ytisxcbcggqu7"
00-0037755,Jelani Woods,TE,NYJ,ACT,"https://static.www.nfl.com/image/upload/f_auto,q_auto/league/bnezem4laynlarqnpyc5"
00-0037801,KaVontae Turpin,WR,DAL,ACT,"https://static.www.nfl.com/image/upload/f_auto,q_auto/league/tayjlp1hgmm6rewgl1k4"
00-0037805,Jeremy Ruckert,TE,NYJ,ACT,"https://static.www.nfl.com/image/upload/f_auto,q_auto/league/bcqcta7r1uee3rqhejdh"
00-0037809,Chig Okonkwo,TE,WAS,INA,"https://static.www.nfl.com/image/upload/f_auto,q_auto/league/pzcez6pi9tpdqkmjjnzk"
00-0037816,Romeo Doubs,WR,NE,ACT,"https://static.www.nfl.com/image/upload/f_auto,q_auto/league/yxvzijmgwyyigljxfmyb"
00-0037828,Danny Gray,WR,PHI,CUT,"https://static.www.nfl.com/image/upload/f_auto,q_auto/league/qu9ojb3kaf3rhjotlycy"
00-0037834,Brock Purdy,QB,SF,ACT,"https://static.www.nfl.com/image/upload/f_auto,q_auto/league/xs2fyj1sqdgwvt9ihbri"
00-0037837,Calvin Austin III,WR,NYG,RES,"https://static.www.nfl.com/image/private/f_auto,q_auto/league/qlt6ztqcbu0uzad6aavt"
00-0037838,Isaiah Likely,TE,NYG,ACT,"https://static.www.nfl.com/image/upload/f_auto,q_auto/league/b1pahldt9ixp9lssxi2d"
00-0037840,Kyren Williams,RB,LA,ACT,"https://static.www.nfl.com/image/upload/f_auto,q_auto/league/xti3pek6rmojqchakxpy"
00-0038040,Zamir White,RB,NO,DEV,"https://static.www.nfl.com/image/upload/f_auto,q_auto/league/jzthyqk2ld52f31ka1ir"
00-0038041,Jake Ferguson,TE,DAL,ACT,"https://static.www.nfl.com/image/upload/f_auto,q_auto/league/xpykb0tbosfwsn6dqstb"
00-0038046,Charlie Kolar,TE,LAC,INA,"https://static.www.nfl.com/image/upload/f_auto,q_auto/league/g75ws8vkqz9cqwifhcy7"
00-0038090,Skyy Moore,WR,GB,ACT,"https://static.www.nfl.com/image/upload/f_auto,q_auto/league/id9k0aylvgyq8lulabe3"
00-0038092,Erik Ezukanma,WR,PHI,CUT,"https://static.www.nfl.com/image/upload/f_auto,q_auto/league/jlhjonsu8idqrcj6tune"
00-0038098,Pierre Strong,RB,GB,DEV,"https://static.www.nfl.com/image/upload/f_auto,q_auto/league/aa0nufst85vutgor1fqv"
00-0038102,Kenny Pickett,QB,CAR,ACT,"https://static.www.nfl.com/image/upload/f_auto,q_auto/league/gw6lyiuevyuspfkglnmj"
00-0038104,Tyquan Thornton,WR,KC,ACT,"https://static.www.nfl.com/image/upload/f_auto,q_auto/league/bjqzuempyiwxe0hl7e5a"
00-0038108,Bailey Zappe,QB,NYJ,CUT,"https://static.www.nfl.com/image/upload/f_auto,q_auto/league/b6ntwwdcbjnzv2gml8tk"
00-0038115,Daniel Bellinger,TE,TEN,ACT,"https://static.www.nfl.com/image/upload/f_auto,q_auto/league/nvabdu88h2cvroeygabo"
00-0038117,Wan'Dale Robinson,WR,TEN,ACT,"https://static.www.nfl.com/image/upload/f_auto,q_auto/league/yzcvyhmilvxedfjfjglc"
00-0038120,Breece Hall,RB,NYJ,ACT,"https://static.www.nfl.com/image/upload/f_auto,q_auto/league/i01xtqbfajfq68lb6orh"
00-0038124,Christian Watson,WR,GB,ACT,"https://static.www.nfl.com/image/upload/f_auto,q_auto/league/tumeg4d32sirkab2xzu5"
00-0038128,Malik Willis,QB,MIA,ACT,"https://static.www.nfl.com/image/upload/f_auto,q_auto/league/txvgdbwbryzyyqq6gfet"
00-0038129,Cade Otton,TE,TB,ACT,"https://static.www.nfl.com/image/upload/f_auto,q_auto/league/yanr6h9aplae3jyzimf7"
00-0038134,Kenneth Walker III,RB,KC,ACT,"https://static.www.nfl.com/image/upload/f_auto,q_auto/league/vk6nruaqdewdglofcwwg"
00-0038145,Thomas Odukoya,TE,KC,EXE,"https://static.www.nfl.com/image/upload/f_auto,q_auto/league/q1orevkdiqpclldhtauj"
00-0038181,Lucky Jackson,WR,DET,DEV,"https://static.www.nfl.com/image/upload/f_auto,q_auto/league/xa9o8zlctwgga8wh5apl"
00-0038354,Tanner Brown,K,NO,CUT,"https://static.www.nfl.com/image/upload/f_auto,q_auto/league/urrsg5etku9rfbsdgmui"
00-0038359,Xavier Smith,WR,LA,ACT,"https://static.www.nfl.com/image/upload/f_auto,q_auto/league/hqvwpitewijx8bjrcofe"
00-0038389,Israel Abanikanda,RB,DAL,DEV,"https://static.www.nfl.com/image/upload/f_auto,q_auto/league/mt7lgg9gbjcmb2wttxeg"
00-0038391,Sean Clifford,QB,CIN,DEV,"https://static.www.nfl.com/image/upload/f_auto,q_auto/league/v0tmzl4x5qf2fo2yimqf"
00-0038393,Dontayvion Wicks,WR,PHI,ACT,"https://static.www.nfl.com/image/upload/f_auto,q_auto/league/v1lt8kpvkn0qw5elyaoz"
00-0038394,Will Mallory,TE,IND,RES,"https://static.www.nfl.com/image/upload/f_auto,q_auto/league/sl1pkiox1hucg9sxttfi"
00-0038396,Eric Gray,RB,CLE,DEV,"https://static.www.nfl.com/image/upload/f_auto,q_auto/league/ijjxwxv1ccyowzhpuw2k"
00-0038397,Evan Hull,RB,ARI,DEV,"https://static.www.nfl.com/image/upload/f_auto,q_auto/league/xyyujk9mvvzegaiefp51"
00-0038400,Tanner McKee,QB,PHI,ACT,"https://static.www.nfl.com/image/upload/f_auto,q_auto/league/oveivzhzv13jrfvkp8zg"
00-0038406,Zack Kuntz,TE,DAL,CUT,"https://static.www.nfl.com/image/upload/f_auto,q_auto/league/snmajpxpwgxwzo5sfrsx"
00-0038409,Lew Nichols III,RB,PIT,ACT,"https://static.www.nfl.com/image/upload/f_auto,q_auto/league/plqg1yngo8vvs8ths7aw"
00-0038416,Tyson Bagent,QB,CHI,ACT,"https://static.www.nfl.com/image/upload/f_auto,q_auto/league/ymimvligfyrucu0v3p6a"
00-0038428,Andre Szmyt,K,CLE,ACT,"https://static.www.nfl.com/image/upload/f_auto,q_auto/league/tkah6glpysuyq2a54gts"
00-0038440,Zavier Scott,RB,CHI,DEV,"https://static.www.nfl.com/image/upload/f_auto,q_auto/league/z8sqpgdoyuv5rask15vn"
00-0038454,Keaton Mitchell,RB,LAC,ACT,"https://static.www.nfl.com/image/upload/f_auto,q_auto/league/ztciwwpbyaffmckwrzdk"
00-0038458,Owen Wright,RB,HOU,CUT,"https://static.www.nfl.com/image/upload/f_auto,q_auto/league/nig1vy9k1asfhkanvlki"
00-0038476,Tommy DeVito,QB,NE,ACT,"https://static.www.nfl.com/image/upload/f_auto,q_auto/league/hb3m2zbfb5aprw6vdqx8"
00-0038488,Brady Russell,RB,SEA,ACT,"https://static.www.nfl.com/image/upload/f_auto,q_auto/league/vfz3osmr3fgeoyu5us80"
00-0038489,Ben VanSumeren,RB,KC,ACT,"https://static.www.nfl.com/image/upload/f_auto,q_auto/league/ncnb1nwr2b1usus557xy"
00-0038492,Jason Brownlee,WR,KC,CUT,"https://static.www.nfl.com/image/upload/f_auto,q_auto/league/lxmpoub3eslnvevtpoqf"
00-0038496,Xavier Gipson,WR,PHI,DEV,"https://static.www.nfl.com/image/upload/f_auto,q_auto/league/o81mvslx374ouca313mw"
00-0038498,E.J. Jenkins,TE,PHI,ACT,"https://static.www.nfl.com/image/upload/f_auto,q_auto/league/jmhuk0gcnyotcjhdxo6v"
00-0038519,Nikko Remigio,WR,KC,ACT,"https://static.www.nfl.com/image/upload/f_auto,q_auto/league/n6b1tsy32fswbd0xgsim"
00-0038542,Bijan Robinson,RB,ATL,ACT,"https://static.www.nfl.com/image/upload/f_auto,q_auto/league/esii5yb8yn9edboi4mlq"
00-0038543,Jaxon Smith-Njigba,WR,SEA,ACT,"https://static.www.nfl.com/image/upload/f_auto,q_auto/league/yx1xjrupbqdknnjaq4a6"
00-0038544,Quentin Johnston,WR,LAC,ACT,"https://static.www.nfl.com/image/upload/f_auto,q_auto/league/lyvsrjh4mjb4dqwp6shm"
00-0038547,Luke Schoonmaker,TE,DAL,ACT,"https://static.www.nfl.com/image/upload/f_auto,q_auto/league/g1slhy5joxxfeudlzrh9"
00-0038550,Hendon Hooker,QB,TEN,DEV,"https://static.www.nfl.com/image/upload/f_auto,q_auto/league/jq92ol8hm5n7byqhpcps"
00-0038551,Kendre Miller,RB,NO,ACT,"https://static.www.nfl.com/image/upload/f_auto,q_auto/league/vclaomtslw55smksopku"
00-0038555,Tank Bigsby,RB,PHI,ACT,"https://static.www.nfl.com/image/upload/f_auto,q_auto/league/vfkdjfpiyrcuzahrmfvn"
00-0038558,Darnell Washington,TE,PIT,ACT,"https://static.www.nfl.com/image/upload/f_auto,q_auto/league/inwx7uipfktapaump5pj"
00-0038559,Michael Wilson,WR,ARI,ACT,"https://static.www.nfl.com/image/upload/f_auto,q_auto/league/hm2b9z4zujjmbiyldh8n"
00-0038562,Jake Moody,K,BAL,CUT,"https://static.www.nfl.com/image/upload/f_auto,q_auto/league/apt7uakuwoxlpsjp5lp5"
00-0038563,Tre Tucker,WR,LV,ACT,"https://static.www.nfl.com/image/upload/f_auto,q_auto/league/hazzk3hrcequzosdgzgv"
00-0038564,Cameron Latu,TE,NE,ACT,"https://static.www.nfl.com/image/upload/f_auto,q_auto/league/hquihmithkmhoncvkqwt"
00-0038567,Chad Ryland,K,ARI,ACT,"https://static.www.nfl.com/image/upload/f_auto,q_auto/league/gbfzwbzdl9wj582nh5g9"
00-0038573,Derius Davis,WR,LAC,ACT,"https://static.www.nfl.com/image/upload/f_auto,q_auto/league/ykmeihbr6903smvblzgc"
00-0038576,Charlie Jones,WR,NYG,DEV,"https://static.www.nfl.com/image/upload/f_auto,q_auto/league/poy4ph18jx211xbe6ajt"
00-0038579,Aidan O'Connell,QB,LV,INA,"https://static.www.nfl.com/image/upload/f_auto,q_auto/league/bcejxo7ofgk5pszhup12"
00-0038589,Josh Whyle,TE,GB,ACT,"https://static.www.nfl.com/image/upload/f_auto,q_auto/league/an9hxzbzmg6kgkdai022"
00-0038590,Justin Shorter,WR,LV,RES,"https://static.www.nfl.com/image/upload/f_auto,q_auto/league/htymyxoyw1hh52zoo3lb"
00-0038597,Chase Brown,RB,CIN,ACT,"https://static.www.nfl.com/image/upload/f_auto,q_auto/league/tch3y6jlj7khvyi9jg0c"
00-0038606,Parker Washington,WR,JAX,ACT,"https://static.www.nfl.com/image/upload/f_auto,q_auto/league/yn0hc5xrz5nqeccg8two"
00-0038608,Kayshon Boutte,WR,HOU,ACT,"https://static.www.nfl.com/image/upload/f_auto,q_auto/league/mg4icjqhwhnc5uobmau5"
00-0038611,Chris Rodriguez Jr.,RB,JAX,ACT,"https://static.www.nfl.com/image/upload/f_auto,q_auto/league/pknd5uajvpvfd8c744im"
00-0038614,Scott Matlock,RB,LAC,RES,"https://static.www.nfl.com/image/upload/f_auto,q_auto/league/biif35k2hwpqmhlxn0sa"
00-0038618,Xavier Hutchinson,WR,HOU,ACT,"https://static.www.nfl.com/image/upload/f_auto,q_auto/league/n5baiu6sg9wh3xhhewkd"
00-0038619,Andrei Iosivas,WR,CIN,RES,"https://static.www.nfl.com/image/upload/f_auto,q_auto/league/xhrvbt81iohroyftuyj2"
00-0038621,DeMario Douglas,WR,NE,ACT,"https://static.www.nfl.com/image/upload/f_auto,q_auto/league/cm9vnzqu5phlmsocjwgc"
00-0038622,Deuce Vaughn,RB,HOU,CUT,"https://static.www.nfl.com/image/upload/f_auto,q_auto/league/z8lnunc6vvq9qlnidaw3"
00-0038640,Jalen Brooks,WR,ARI,ACT,"https://static.www.nfl.com/image/upload/f_auto,q_auto/league/xeg0tvg6klf0afgddkq6"
00-0038643,Brayden Willis,TE,SF,ACT,"https://static.www.nfl.com/image/upload/f_auto,q_auto/league/sdifjifrgrvunhiigdub"
00-0038647,Ronnie Bell,WR,LV,DEV,"https://static.www.nfl.com/image/upload/f_auto,q_auto/league/oc0bqykntgi6uiczr7zc"
00-0038658,Adrian Martinez,QB,SF,CUT,"https://static.www.nfl.com/image/upload/f_auto,q_auto/league/w0ehlpfwk70tqpswllwv"
00-0038667,Elijah Cooks,WR,CAR,CUT,"https://static.www.nfl.com/image/upload/f_auto,q_auto/league/jdwpqogatij3pqncde1l"
00-0038678,Jordan Mims,RB,PHI,CUT,"https://static.www.nfl.com/image/upload/f_auto,q_auto/league/nvamfcrdqvkwtnpgmzdh"
00-0038679,Tyrell Shavers,WR,BUF,RES,"https://static.www.nfl.com/image/upload/f_auto,q_auto/league/r9nabownt8mbqlj730su"
00-0038685,Chris Brooks,RB,GB,ACT,"https://static.www.nfl.com/image/upload/f_auto,q_auto/league/ityat7ltppdxe9t0imjd"
00-0038705,Emari Demercado,RB,DAL,INA,"https://static.www.nfl.com/image/upload/f_auto,q_auto/league/wu0sm9ttr4aiugi9fquf"
00-0038710,Blake Whiteheart,TE,CLE,ACT,"https://static.www.nfl.com/image/upload/f_auto,q_auto/league/senw8edxu2ovkg1dbdxs"
00-0038720,Julian Hill,TE,NE,RES,"https://static.www.nfl.com/image/upload/f_auto,q_auto/league/idjirwpxilfybc74zhwr"
00-0038728,Jared Wayne,WR,HOU,ACT,"https://static.www.nfl.com/image/upload/f_auto,q_auto/league/ykhrjnmqsqyprplhy6pl"
00-0038735,Princeton Fant,TE,DAL,RES,"https://static.www.nfl.com/image/upload/f_auto,q_auto/league/dh67wj7xhek86nhyucig"
00-0038738,Hunter Luepke,RB,DAL,ACT,"https://static.www.nfl.com/image/upload/f_auto,q_auto/league/m28qafff4o5vb3aaumiv"
00-0038740,Jalen Moreno-Cropper,WR,NO,ACT,"https://static.www.nfl.com/image/upload/f_auto,q_auto/league/key7qkukzlgva9oz7k2r"
00-0038748,B.T. Potter,K,TB,CUT,"https://static.www.nfl.com/image/upload/f_auto,q_auto/league/gmtlr2dtch6dbfxj7vdt"
00-0038752,Jake Bobo,WR,SEA,RES,"https://static.www.nfl.com/image/upload/f_auto,q_auto/league/esyfp5hwdtepk2ypsru4"
00-0038783,Nate Adkins,TE,DEN,ACT,"https://static.www.nfl.com/image/upload/f_auto,q_auto/league/hedaw0ksq5qdzp9uhe3w"
00-0038794,Jaleel McLaughlin,RB,CLE,ACT,"https://static.www.nfl.com/image/upload/f_auto,q_auto/league/jlzkji7mfkcmkyz2tygj"
00-0038797,Emanuel Wilson,RB,SEA,ACT,"https://static.www.nfl.com/image/upload/f_auto,q_auto/league/uorruvczsxzvffpbxu8z"
00-0038809,Ben Sims,TE,MIA,CUT,"https://static.www.nfl.com/image/upload/f_auto,q_auto/league/rigksrncrdjmbhvfuclp"
00-0038824,Ryan Miller,WR,MIA,ACT,"https://static.www.nfl.com/image/upload/f_auto,q_auto/league/g7bpkzvg0xyww8weku0r"
00-0038839,Mitchell Tinsley,WR,HOU,DEV,"https://static.www.nfl.com/image/upload/f_auto,q_auto/league/t4h8qtzndtvf6is6naew"
00-0038840,Brycen Tremayne,WR,CAR,ACT,"https://static.www.nfl.com/image/upload/f_auto,q_auto/league/isc094ihkf69vzrlkiql"
00-0038883,Isaiah Winstead,WR,PIT,CUT,
00-0038891,Shedrick Jackson,WR,BAL,DEV,"https://static.www.nfl.com/image/upload/f_auto,q_auto/league/pimh65yyziduaq7vbmi5"
00-0038896,Jacob Saylors,RB,DET,ACT,"https://static.www.nfl.com/image/upload/f_auto,q_auto/league/wunm6abfmikwaewmwkp7"
00-0038905,Blake Grupe,K,NYJ,INA,"https://static.www.nfl.com/image/upload/f_auto,q_auto/league/de3vz6xjjo9paba6encd"
00-0038911,Malik Cunningham,WR,DET,CUT,"https://static.www.nfl.com/image/upload/f_auto,q_auto/league/b1zs666er20onzjnff8h"
00-0038930,Carlos Washington,RB,MIA,DEV,"https://static.www.nfl.com/image/upload/f_auto,q_auto/league/oc9zhtjhrxq5vxr1qkak"
00-0038933,Dalton Kincaid,TE,BUF,ACT,"https://static.www.nfl.com/image/upload/f_auto,q_auto/league/z7k857flehljboaixj8m"
00-0038935,Brenton Strange,TE,JAX,ACT,"https://static.www.nfl.com/image/upload/f_auto,q_auto/league/devxzxwf1sfficgncggm"
00-0038938,Jalin Hyatt,WR,NYG,DEV,"https://static.www.nfl.com/image/upload/f_auto,q_auto/league/fqgvjckxe03pr4eup6m7"
00-0038941,Tyler Scott,WR,LA,CUT,"https://static.www.nfl.com/image/upload/f_auto,q_auto/league/lmtqp0nnsglmo6ypp1ec"
00-0038951,Sean Tucker,RB,TB,ACT,"https://static.www.nfl.com/image/upload/f_auto,q_auto/league/wiarwjvy8p6bojlratp4"
00-0038953,Dylan Drummond,WR,ATL,DEV,"https://static.www.nfl.com/image/upload/f_auto,q_auto/league/xyexcy7ur9nscytyhinx"
00-0038976,Marvin Mims Jr.,WR,DEN,INA,"https://static.www.nfl.com/image/upload/f_auto,q_auto/league/zbdjtph5xplbf4yocz0l"
00-0038977,Tank Dell,WR,HOU,RES,"https://static.www.nfl.com/image/upload/f_auto,q_auto/league/dzjep37g7fqdweqtncso"
00-0038979,Cedric Tillman,WR,NO,DEV,"https://static.www.nfl.com/image/upload/f_auto,q_auto/league/xust9v3gob1qqwhziugh"
00-0038994,Jordan Addison,WR,MIN,ACT,"https://static.www.nfl.com/image/upload/f_auto,q_auto/league/mi4lzk9gvjrvo6rwdf1e"
00-0038996,Tucker Kraft,TE,GB,ACT,"https://static.www.nfl.com/image/upload/f_auto,q_auto/league/n6vu44jbq31rydoaadaq"
00-0038997,Josh Downs,WR,IND,ACT,"https://static.www.nfl.com/image/upload/f_auto,q_auto/league/z3wahaxpmc6d5lcxgh60"
00-0038998,Jake Haener,QB,NYG,ACT,"https://static.www.nfl.com/image/upload/f_auto,q_auto/league/jfxyp1qkekty7jwh5kcr"
00-0039021,Roschon Johnson,RB,CHI,ACT,"https://static.www.nfl.com/image/upload/f_auto,q_auto/league/xbham6uvckkshpntb8oj"
00-0039023,Joel Wilson,TE,TEN,DEV,"https://static.www.nfl.com/image/upload/f_auto,q_auto/league/cshaunf0zeexbjo7ofiv"
00-0039032,Tyjae Spears,RB,TEN,ACT,"https://static.www.nfl.com/image/upload/f_auto,q_auto/league/pkly3nkohty1tuijtwty"
00-0039040,De'Von Achane,RB,MIA,ACT,"https://static.www.nfl.com/image/upload/f_auto,q_auto/league/xk1xwio0bryfxo1ylweu"
00-0039041,Elijah Higgins,TE,ARI,ACT,"https://static.www.nfl.com/image/upload/f_auto,q_auto/league/qgvtaa0gekopg4ad6vqe"
00-0039050,Payne Durham,TE,TB,ACT,"https://static.www.nfl.com/image/upload/f_auto,q_auto/league/emibbexzjbzvopbvo1at"
00-0039052,Trey Palmer,WR,NO,DEV,"https://static.www.nfl.com/image/upload/f_auto,q_auto/league/cdtzofb5u510xjh08qr4"
00-0039062,Jonathan Mingo,WR,DAL,ACT,"https://static.www.nfl.com/image/upload/f_auto,q_auto/league/u2b8s2s0ix5hntyg3eog"
00-0039064,Zay Flowers,WR,BAL,ACT,"https://static.www.nfl.com/image/upload/f_auto,q_auto/league/xzhto2dejy2pflkfx40c"
00-0039065,Sam LaPorta,TE,DET,ACT,"https://static.www.nfl.com/image/upload/f_auto,q_auto/league/wxlk7ysg2nfq6h6ntdcu"
00-0039066,Michael Mayer,TE,LV,ACT,"https://static.www.nfl.com/image/upload/f_auto,q_auto/league/twnkr9uq1phvukxb5jmh"
00-0039067,Rashee Rice,WR,KC,ACT,"https://static.www.nfl.com/image/upload/f_auto,q_auto/league/qhkbqrydjeur8zvrrmfl"
00-0039074,Davis Allen,TE,LA,ACT,"https://static.www.nfl.com/image/upload/f_auto,q_auto/league/iweydtcrfchsl3mt6jtd"
00-0039075,Puka Nacua,WR,LA,INA,"https://static.www.nfl.com/image/upload/f_auto,q_auto/league/ipy6qw7hdygdfc8k86ba"
00-0039107,Stetson Bennett,QB,LA,ACT,"https://static.www.nfl.com/image/upload/f_auto,q_auto/league/s0eo3fstv6rkitzbefzu"
00-0039139,Jahmyr Gibbs,RB,DET,ACT,"https://static.www.nfl.com/image/upload/f_auto,q_auto/league/cursejnmmp1i9hnxihkj"
00-0039144,Luke Musgrave,TE,GB,RES,"https://static.www.nfl.com/image/upload/f_auto,q_auto/league/jchchyfhiycpvm5zzn2y"
00-0039146,Jayden Reed,WR,GB,INA,"https://static.www.nfl.com/image/upload/f_auto,q_auto/league/uhb95fij1uo92ymqxpmg"
00-0039150,Bryce Young,QB,CAR,ACT,"https://static.www.nfl.com/image/upload/f_auto,q_auto/league/vcvhmxvxw2a3armle0af"
00-0039152,Will Levis,QB,NYJ,DEV,"https://static.www.nfl.com/image/upload/f_auto,q_auto/league/npovrxpll0gqlkptsn6r"
00-0039163,C.J. Stroud,QB,HOU,ACT,"https://static.www.nfl.com/image/upload/f_auto,q_auto/league/tt4zrtxlhifaljhj0rn7"
00-0039164,Anthony Richardson,QB,IND,ACT,"https://static.www.nfl.com/image/upload/f_auto,q_auto/league/wrddeyklfcgk9qybgofq"
00-0039165,Zach Charbonnet,RB,SEA,RES,"https://static.www.nfl.com/image/upload/f_auto,q_auto/league/cuuyog0lpxfaj0y0huvp"
00-0039172,Jake Bates,K,DET,ACT,"https://static.www.nfl.com/image/upload/f_auto,q_auto/league/umhfee7ax7r8gjdt8okb"
00-0039229,Charlie Smyth,K,NO,DEV,"https://static.www.nfl.com/image/upload/f_auto,q_auto/league/yv9x4ywdfecxioletyol"
00-0039236,Johnny Wilson,WR,PHI,RES,"https://static.www.nfl.com/image/upload/f_auto,q_auto/league/azz7slr16byvcvbnaifa"
00-0039244,Chris Collier,RB,LV,RES,"https://static.www.nfl.com/image/upload/f_auto,q_auto/league/ljfhyvlszo4qs63fo4ow"
00-0039259,Dayton Wade,WR,BAL,CUT,"https://static.www.nfl.com/image/upload/f_auto,q_auto/league/blt6hxkltzfxpcqsnlp8"
00-0039263,McCallan Castles,TE,GB,RES,"https://static.www.nfl.com/image/upload/f_auto,q_auto/league/r3amk2t7xokcd4rsohns"
00-0039266,Kendall Milton,RB,CIN,DEV,"https://static.www.nfl.com/image/upload/f_auto,q_auto/league/zz9yrqh5ep6o5hvtwzkq"
00-0039275,Messiah Swinson,TE,CLE,DEV,"https://static.www.nfl.com/image/upload/f_auto,q_auto/league/xmkhcrh5fbfetx1wxk2z"
00-0039299,George Holani,RB,SEA,ACT,"https://static.www.nfl.com/image/upload/f_auto,q_auto/league/pgwvv5qhcmnwf3tomy1a"
00-0039305,Jack Westover,TE,WAS,DEV,"https://static.www.nfl.com/image/upload/f_auto,q_auto/league/zpo5vbntn8b9hih2fi66"
00-0039325,Carson Steele,RB,PHI,DEV,"https://static.www.nfl.com/image/upload/f_auto,q_auto/league/q6dciqten6frfdm1takb"
00-0039329,Julian Hicks,WR,SEA,DEV,"https://static.www.nfl.com/image/upload/f_auto,q_auto/league/knvt0zhyvozokeadswgf"
00-0039337,Malik Nabers,WR,NYG,ACT,"https://static.www.nfl.com/image/upload/f_auto,q_auto/league/w3edoyyuomqlovvp9ixc"
00-0039338,Brock Bowers,TE,LV,ACT,"https://static.www.nfl.com/image/upload/f_auto,q_auto/league/waorceny0ggpaeckaol8"
00-0039342,Xavier Legette,WR,CAR,INA,"https://static.www.nfl.com/image/upload/f_auto,q_auto/league/yoyxkitrdqbkhyqncy5p"
00-0039344,Jonathon Brooks,RB,CAR,RES,"https://static.www.nfl.com/image/upload/f_auto,q_auto/league/txl39rwjrs2fkm1shtxh"
00-0039355,Luke McCaffrey,WR,WAS,ACT,"https://static.www.nfl.com/image/upload/f_auto,q_auto/league/xtxiwlkniuldrqg65n3q"
00-0039356,Ja'Tavion Sanders,TE,CAR,INA,"https://static.www.nfl.com/image/upload/f_auto,q_auto/league/le2akm1cbou170ioctxl"
00-0039359,Cade Stover,TE,HOU,ACT,"https://static.www.nfl.com/image/upload/f_auto,q_auto/league/ur3ihcg0rkeqbfiksj5y"
00-0039361,Bucky Irving,RB,TB,ACT,"https://static.www.nfl.com/image/upload/f_auto,q_auto/league/vkc00rvnix3f2b96vkwo"
00-0039363,Isaac Guerendo,RB,SF,RES,"https://static.www.nfl.com/image/upload/f_auto,q_auto/league/uy1bdu0dokosyzl4ohmi"
00-0039364,Sione Vaki,RB,DET,ACT,"https://static.www.nfl.com/image/upload/f_auto,q_auto/league/abqcluf2gbejhiyjjtoz"
00-0039365,Jacob Cowing,WR,SF,ACT,"https://static.www.nfl.com/image/upload/f_auto,q_auto/league/uarciagmnzmyzs102dv6"
00-0039373,Audric Estimé,RB,NO,CUT,"https://static.www.nfl.com/image/upload/f_auto,q_auto/league/lcoend1mysjfhl8f4rrt"
00-0039376,Spencer Rattler,QB,NO,ACT,"https://static.www.nfl.com/image/upload/f_auto,q_auto/league/gcgmcf4kex3jsl4rlrng"
00-0039379,Jamari Thrash,WR,CLE,CUT,"https://static.www.nfl.com/image/upload/f_auto,q_auto/league/byihyhwwpltzyetas85a"
00-0039384,Tyrone Tracy Jr.,RB,NYG,ACT,"https://static.www.nfl.com/image/upload/f_auto,q_auto/league/b9nje50lohbprf06xoom"
00-0039386,Bub Means,WR,CLE,DEV,"https://static.www.nfl.com/image/upload/f_auto,q_auto/league/nnqvulr4up0nwhmipksq"
00-0039391,Kimani Vidal,RB,LAC,ACT,"https://static.www.nfl.com/image/upload/f_auto,q_auto/league/tqdctdun0bv60d5ziwtl"
00-0039392,Jha'Quan Jackson,WR,TB,CUT,"https://static.www.nfl.com/image/upload/f_auto,q_auto/league/xzqucxk9wawtcmyocqr9"
00-0039394,Casey Washington,WR,CAR,DEV,"https://static.www.nfl.com/image/upload/f_auto,q_auto/league/wkoysykj4htld4yajljn"
00-0039397,Tejhaun Palmer,WR,NE,CUT,"https://static.www.nfl.com/image/upload/f_auto,q_auto/league/al9fpqmjmybys0iedi9c"
00-0039398,Joe Milton III,QB,DAL,DEV,"https://static.www.nfl.com/image/upload/f_auto,q_auto/league/tsj9lobse1gxzanf39dt"
00-0039404,Will Reichard,K,MIN,ACT,"https://static.www.nfl.com/image/upload/f_auto,q_auto/league/wv1h4umuddkfss96uutw"
00-0039405,Jawhar Jordan,RB,HOU,DEV,"https://static.www.nfl.com/image/upload/f_auto,q_auto/league/mdov6nge0ui6pc3kx0l2"
00-0039407,Dylan Laube,RB,LV,ACT,"https://static.www.nfl.com/image/upload/f_auto,q_auto/league/lpizdza73bgksstymv5t"
00-0039409,Cam Little,K,JAX,ACT,"https://static.www.nfl.com/image/upload/f_auto,q_auto/league/mc9goepr7mglrx6ek1fi"
00-0039410,Ryan Flournoy,WR,DAL,ACT,"https://static.www.nfl.com/image/upload/f_auto,q_auto/league/tqwq3cgpqu7j9hzoyicx"
00-0039420,Jaheim Bell,TE,PIT,CUT,"https://static.www.nfl.com/image/upload/f_auto,q_auto/league/swxvhppaewwccieyx6ax"
00-0039424,Devaughn Vele,WR,NO,ACT,"https://static.www.nfl.com/image/upload/f_auto,q_auto/league/fa3dwsu8nxzkbf2knczm"
00-0039437,Cornelius Johnson,WR,BAL,CUT,"https://static.www.nfl.com/image/upload/f_auto,q_auto/league/fml6omt7xsb5bw3w75sm"
00-0039451,Isaiah Williams,WR,NYJ,ACT,"https://static.www.nfl.com/image/upload/f_auto,q_auto/league/rj2etltwzmlxyz1cfkeo"
00-0039458,Brenden Bates,TE,JAX,DEV,"https://static.www.nfl.com/image/upload/f_auto,q_auto/league/beeomv1jxgkwgqubgef9"
00-0039464,Austin Reed,QB,BAL,CUT,"https://static.www.nfl.com/image/upload/f_auto,q_auto/league/gh0y2g1z1xqop1t0boeu"
00-0039466,Ian Wheeler,RB,BUF,CUT,"https://static.www.nfl.com/image/upload/f_auto,q_auto/league/qxewapbjpqnku0yltsza"
00-0039471,Frank Gore Jr.,RB,BUF,DEV,"https://static.www.nfl.com/image/upload/f_auto,q_auto/league/qzf7faowlqoh5nengpq5"
00-0039473,Xavier Johnson,WR,CIN,CUT,"https://static.www.nfl.com/image/upload/f_auto,q_auto/league/vgowznjwdokzsl7qiyiq"
00-0039489,Hayden Rucci,TE,LAC,ACT,"https://static.www.nfl.com/image/upload/f_auto,q_auto/league/vkscrzclmd0tboxpi8lk"
00-0039491,Jalen Coker,WR,CAR,ACT,"https://static.www.nfl.com/image/upload/f_auto,q_auto/league/yynz8rxen6tsvhojggiv"
00-0039498,Harrison Mevis,K,LA,ACT,"https://static.www.nfl.com/image/upload/f_auto,q_auto/league/yjmtai1e4eqbsw2yk6mh"
00-0039518,Treyton Welch,TE,NO,INA,"https://static.www.nfl.com/image/upload/f_auto,q_auto/league/rutsetwerjfsym9ohqrs"
00-0039521,Xavier Weaver,WR,ARI,CUT,"https://static.www.nfl.com/image/upload/f_auto,q_auto/league/kubeuin8fuw75xuxnhli"
00-0039530,Brevyn Spann-Ford,TE,DAL,ACT,"https://static.www.nfl.com/image/upload/f_auto,q_auto/league/sko2pmuqociwa92ep1ad"
00-0039534,Carter Bradley,QB,JAX,RES,"https://static.www.nfl.com/image/upload/f_auto,q_auto/league/ystkos8c5gnjtsgxg7vg"
00-0039550,Shawn Bowman,TE,ARI,DEV,"https://static.www.nfl.com/image/upload/f_auto,q_auto/league/fsmfihfrlibes4ihhauy"
00-0039576,Spencer Shrader,K,IND,ACT,"https://static.www.nfl.com/image/upload/f_auto,q_auto/league/upbporhm1frqfpgalfrk"
00-0039577,Kedon Slovis,QB,GB,DEV,"https://static.www.nfl.com/image/upload/f_auto,q_auto/league/hkvrcpwl9tm41jr3b0x3"
00-0039589,Kameron Johnson,WR,TB,ACT,"https://static.www.nfl.com/image/upload/f_auto,q_auto/league/ms7auybbkq1nwbd2ev0d"
00-0039603,British Brooks,RB,HOU,ACT,"https://static.www.nfl.com/image/upload/f_auto,q_auto/league/jethzcwj6oeitvdprnk8"
00-0039623,Mason Tipton,WR,NO,RES,"https://static.www.nfl.com/image/upload/f_auto,q_auto/league/jcloxjivlxbcveled5lr"
00-0039626,Cole Burgess,WR,PIT,RES,"https://static.www.nfl.com/image/upload/f_auto,q_auto/league/vlp9c4lmddujjj46gz6p"
00-0039631,Cam Grandy,TE,MIN,DEV,"https://static.www.nfl.com/image/upload/f_auto,q_auto/league/uay5dmniqx1baal3q3uu"
00-0039648,David Martin-Robinson,TE,TEN,ACT,"https://static.www.nfl.com/image/upload/f_auto,q_auto/league/imh2h5q6jmoqno5xlpwm"
00-0039650,Bryce Oliver,WR,HOU,DEV,"https://static.www.nfl.com/image/upload/f_auto,q_auto/league/bdsenkkodb8gbdvtivvr"
00-0039652,Jabari Small,RB,DET,DEV,"https://static.www.nfl.com/image/upload/f_auto,q_auto/league/jevnypgyk9xm7tcfldvi"
00-0039677,Sam Hartman,QB,WAS,DEV,"https://static.www.nfl.com/image/upload/f_auto,q_auto/league/mvpbrqp3o04zla5lzf7u"
00-0039679,Ben Nikkel,WR,IND,CUT,"https://static.www.nfl.com/image/upload/f_auto,q_auto/league/nudylqi97cv72dqpmqqq"
00-0039686,Colson Yankoff,TE,WAS,ACT,"https://static.www.nfl.com/image/upload/f_auto,q_auto/league/cgsxdjqy6l2zuqaftbd6"
00-0039702,Mason Pline,TE,KC,CUT,"https://static.www.nfl.com/image/upload/f_auto,q_auto/league/wnd0lmuy6bd5kwvejkyo"
00-0039703,Cody Schrader,RB,DEN,DEV,"https://static.www.nfl.com/image/upload/f_auto,q_auto/league/snrwsjepuvkatdjjokp8"
00-0039710,Jeshaun Jones,WR,MIN,RES,"https://static.www.nfl.com/image/upload/f_auto,q_auto/league/pwlziiyhd7ectylkejgc"
00-0039722,JaQuae Jackson,WR,LAC,CUT,"https://static.www.nfl.com/image/upload/f_auto,q_auto/league/wvxmupkflng8vn8bcjzj"
00-0039732,Bo Nix,QB,DEN,ACT,"https://static.www.nfl.com/image/upload/f_auto,q_auto/league/zvo9xatffmqn9lnukpgk"
00-0039737,Tip Reiman,TE,ARI,RES,"https://static.www.nfl.com/image/upload/f_auto,q_auto/league/yfi3fqch6kzqrcvuptal"
00-0039738,Blake Corum,RB,LA,ACT,"https://static.www.nfl.com/image/upload/f_auto,q_auto/league/axzqbqjkrbwfzodwwakq"
00-0039739,Roman Wilson,WR,PIT,ACT,"https://static.www.nfl.com/image/upload/f_auto,q_auto/league/xuhjoscmhmmsutbvfmrs"
00-0039746,Will Shipley,RB,PHI,ACT,"https://static.www.nfl.com/image/upload/f_auto,q_auto/league/pvpaepncsdfgzdubkuhg"
00-0039751,Jordan Whittington,WR,LA,ACT,"https://static.www.nfl.com/image/upload/f_auto,q_auto/league/enqcg1lgjkuk0hqz3qjc"
00-0039754,Devin Culp,TE,TB,CUT,"https://static.www.nfl.com/image/upload/f_auto,q_auto/league/e32gorf12yuyy6iyijt9"
00-0039792,Devontez Walker,WR,BAL,ACT,"https://static.www.nfl.com/image/upload/f_auto,q_auto/league/x3x3k5ispk44ms0f7vrv"
00-0039793,AJ Barner,TE,SEA,ACT,"https://static.www.nfl.com/image/upload/f_auto,q_auto/league/i0esiguve9if4ts5mm1q"
00-0039794,Braelon Allen,RB,NYJ,ACT,"https://static.www.nfl.com/image/upload/f_auto,q_auto/league/fmpzgmfjmcbrv1gmqbdn"
00-0039796,Rasheen Ali,RB,BAL,ACT,"https://static.www.nfl.com/image/upload/f_auto,q_auto/league/zwjrkzu3ia3cfrwgotqt"
00-0039798,Isaiah Davis,RB,NYJ,ACT,"https://static.www.nfl.com/image/upload/f_auto,q_auto/league/x6r9a5xhtaklbvnqmtw7"
00-0039811,MarShawn Lloyd,RB,GB,ACT,"https://static.www.nfl.com/image/upload/f_auto,q_auto/league/xp8sd4enimuk4zd0aqgu"
00-0039814,Erick All,TE,CIN,ACT,"https://static.www.nfl.com/image/upload/f_auto,q_auto/league/ifkhcxze7lnxkpzjvsmk"
00-0039816,Anthony Gould,WR,IND,ACT,"https://static.www.nfl.com/image/upload/f_auto,q_auto/league/irctulz9pij3tzpokih0"
00-0039824,Jared Wiley,TE,KC,INA,"https://static.www.nfl.com/image/upload/f_auto,q_auto/league/qbu14rgh4wchepqsrgb0"
00-0039843,Qadir Ismail,TE,CHI,DEV,"https://static.www.nfl.com/image/upload/f_auto,q_auto/league/j8bnryrjhs5ojoxmeson"
00-0039847,Theo Johnson,TE,NYG,ACT,"https://static.www.nfl.com/image/upload/f_auto,q_auto/league/fv2jbzlocr1o3ahkru43"
00-0039849,Marvin Harrison Jr.,WR,ARI,ACT,"https://static.www.nfl.com/image/upload/f_auto,q_auto/league/hwpoo1icpnh8emjvqaii"
00-0039851,Drake Maye,QB,NE,ACT,"https://static.www.nfl.com/image/upload/f_auto,q_auto/league/s1nmoon2xnrc3bnyulv4"
00-0039855,Jalen McMillan,WR,TB,ACT,"https://static.www.nfl.com/image/upload/f_auto,q_auto/league/s8tlj5wsi6cq8kjhp06v"
00-0039868,Troy Franklin,WR,DEN,ACT,"https://static.www.nfl.com/image/upload/f_auto,q_auto/league/wgfbgxjntyqzojpizgaj"
00-0039874,Jaylen Wright,RB,MIA,INA,"https://static.www.nfl.com/image/upload/f_auto,q_auto/league/feeuommtlmpvuxvtb1zt"
00-0039875,Ray Davis,RB,BUF,ACT,"https://static.www.nfl.com/image/upload/f_auto,q_auto/league/xibwzhrl6q5xkgh3utug"
00-0039880,Malik Washington,WR,MIA,ACT,"https://static.www.nfl.com/image/upload/f_auto,q_auto/league/dmaiwnmaal9nrwfskl28"
00-0039884,Tahj Washington,WR,PHI,CUT,"https://static.www.nfl.com/image/upload/f_auto,q_auto/league/voyr5ajdxwydmp6cc1bw"
00-0039890,Adonai Mitchell,WR,NYJ,INA,"https://static.www.nfl.com/image/upload/f_auto,q_auto/league/hwwacoa3pqapd7pgahfx"
00-0039893,Brian Thomas Jr.,WR,JAX,ACT,"https://static.www.nfl.com/image/upload/f_auto,q_auto/league/plnekkriys4cm11rnxwl"
00-0039894,Xavier Worthy,WR,KC,ACT,"https://static.www.nfl.com/image/upload/f_auto,q_auto/league/u6fmnffwteccoxn3uguq"
00-0039901,Keon Coleman,WR,BUF,ACT,"https://static.www.nfl.com/image/upload/f_auto,q_auto/league/cm7g87waetksjouyjgvg"
00-0039907,Ja'Lynn Polk,WR,NO,RET,"https://static.www.nfl.com/image/upload/f_auto,q_auto/league/w4hcfpfjrpt0fchb0xmm"
00-0039910,Jayden Daniels,QB,WAS,INA,"https://static.www.nfl.com/image/upload/f_auto,q_auto/league/gfz8k5onuqjrche9ogqc"
00-0039912,Ben Sinnott,TE,WAS,ACT,"https://static.www.nfl.com/image/upload/f_auto,q_auto/league/ilkrv6dqajndnlsbmv8f"
00-0039915,Ladd McConkey,WR,LAC,ACT,"https://static.www.nfl.com/image/upload/f_auto,q_auto/league/q2sk7yforrkiusvruo1o"
00-0039916,Ricky Pearsall,WR,SF,RES,"https://static.www.nfl.com/image/upload/f_auto,q_auto/league/rrv2qhkjqagb8ibzwakv"
00-0039917,Michael Penix Jr.,QB,ATL,ACT,"https://static.www.nfl.com/image/upload/f_auto,q_auto/league/mip4kogkqxwkkya6mvmh"
00-0039918,Caleb Williams,QB,CHI,ACT,"https://static.www.nfl.com/image/upload/f_auto,q_auto/league/h4qs11kutwiw7whekmyt"
00-0039919,Rome Odunze,WR,CHI,ACT,"https://static.www.nfl.com/image/upload/f_auto,q_auto/league/niewdl2p2325kpohbw9v"
00-0039920,Malachi Corley,WR,CLE,ACT,"https://static.www.nfl.com/image/upload/f_auto,q_auto/league/lay1p8pvwrglmqorc6ev"
00-0039921,Trey Benson,RB,ARI,RES,"https://static.www.nfl.com/image/upload/f_auto,q_auto/league/liruc5jotnsi4ue9p9yx"
00-0039923,J.J. McCarthy,QB,MIN,INA,"https://static.www.nfl.com/image/upload/f_auto,q_auto/league/omybnfokapjw6jwb5dd3"
00-0039936,Thomas Yassmin,TE,GB,RES,"https://static.www.nfl.com/image/upload/f_auto,q_auto/league/dojmdkrk14lr14g8wr3o"
00-0040003,Lenny Krieg,K,GB,DEV,"https://static.www.nfl.com/image/upload/f_auto,q_auto/league/gxhpy5ntqhgmcwwzn9do"
00-0040009,Savion Williams,WR,GB,RES,"https://static.www.nfl.com/image/upload/f_auto,q_auto/league/snmedlu4ra62snufe1qg"
00-0040014,Kyle McCord,QB,MIA,ACT,"https://static.www.nfl.com/image/upload/f_auto,q_auto/league/smdh2mmu457aammcblth"
00-0040021,Phil Mafah,RB,NYG,DEV,"https://static.www.nfl.com/image/upload/f_auto,q_auto/league/r91conel40ilon72blzb"
00-0040024,Darius Cooper,WR,PHI,ACT,"https://static.www.nfl.com/image/upload/f_auto,q_auto/league/pe71oe4eoyyfnq80fkxc"
00-0040039,Amar Johnson,RB,LAC,DEV,"https://static.www.nfl.com/image/upload/f_auto,q_auto/league/qw1s7luuaia2f08p19aq"
00-0040046,Rivaldo Fairweather,TE,ARI,CUT,"https://static.www.nfl.com/image/upload/f_auto,q_auto/league/dlfhb5iydthvgpx1jhfv"
00-0040049,Josh Kelly,WR,HOU,DEV,"https://static.www.nfl.com/image/upload/f_auto,q_auto/league/wkhsgcxyw5v9dtaqycui"
00-0040058,Nick Kallerup,TE,SEA,ACT,"https://static.www.nfl.com/image/upload/f_auto,q_auto/league/eetx8ba2ztsmk9wabbzp"
00-0040060,Marshall Lang,TE,MIN,CUT,"https://static.www.nfl.com/image/upload/f_auto,q_auto/league/eavb7c8qiuvtsqv3qrwe"
00-0040067,Jacardia Wright,RB,SEA,DEV,"https://static.www.nfl.com/image/upload/f_auto,q_auto/league/tp3d97gujpw7fkvn7gno"
00-0040074,Tyler Loop,K,BAL,ACT,"https://static.www.nfl.com/image/upload/f_auto,q_auto/league/kbwixtntqevptepedhll"
00-0040075,LaJohntay Wester,WR,BAL,ACT,"https://static.www.nfl.com/image/upload/f_auto,q_auto/league/t6cyhtqoihm88xppswud"
00-0040078,Brashard Smith,RB,KC,ACT,"https://static.www.nfl.com/image/upload/f_auto,q_auto/league/xnf4x6b9a2yunsc0gaej"
00-0040081,Jake Briningstool,TE,KC,ACT,"https://static.www.nfl.com/image/upload/f_auto,q_auto/league/q7n84oth87v1glz5a5sz"
00-0040094,Tre Watson,TE,MIA,DEV,"https://static.www.nfl.com/image/upload/f_auto,q_auto/league/ugdci6mdpfinji42u1om"
00-0040099,Xavier Guillory,WR,BAL,DEV,"https://static.www.nfl.com/image/upload/f_auto,q_auto/league/p9cbbzkdpk6nrhamjntb"
00-0040120,Jimmy Holiday,WR,KC,RES,"https://static.www.nfl.com/image/upload/f_auto,q_auto/league/yk1s0zu3wukxx2plsfpd"
00-0040122,Ashton Jeanty,RB,LV,ACT,"https://static.www.nfl.com/image/upload/f_auto,q_auto/league/syspis1mntov9kgspb7r"
00-0040124,Tetairoa McMillan,WR,CAR,ACT,"https://static.www.nfl.com/image/upload/f_auto,q_auto/league/gilgvjemumd6kpc9eiku"
00-0040126,Colston Loveland,TE,CHI,ACT,"https://static.www.nfl.com/image/upload/f_auto,q_auto/league/cnxiyi76jeahgx94nh6d"
00-0040128,Tyler Warren,TE,IND,ACT,"https://static.www.nfl.com/image/upload/f_auto,q_auto/league/f1mfwwrr3qvnxuiackgq"
00-0040129,Emeka Egbuka,WR,TB,ACT,"https://static.www.nfl.com/image/upload/f_auto,q_auto/league/z224kbzs62rjuykc0vha"
00-0040130,Jayden Higgins,WR,HOU,RES,"https://static.www.nfl.com/image/upload/f_auto,q_auto/league/s3zuo0ysm9ncxr9o4420"
00-0040131,Kyle Williams,WR,NE,ACT,"https://static.www.nfl.com/image/upload/f_auto,q_auto/league/xkicyhizq6sm86wr5osk"
00-0040134,Pat Bryant,WR,DEN,ACT,"https://static.www.nfl.com/image/upload/f_auto,q_auto/league/n91hznzkfpftxhqt1qd9"
00-0040138,Jaylin Noel,WR,HOU,ACT,"https://static.www.nfl.com/image/upload/f_auto,q_auto/league/ehlm8w4afdqoisx1e6as"
00-0040142,Kaleb Johnson,RB,GB,ACT,"https://static.www.nfl.com/image/upload/f_auto,q_auto/league/zpzc4oobxi8nr5dyonob"
00-0040154,Tai Felton,WR,MIN,ACT,"https://static.www.nfl.com/image/upload/f_auto,q_auto/league/pyritorbaz2enqayclln"
00-0040162,Dylan Sampson,RB,CLE,RES,"https://static.www.nfl.com/image/upload/f_auto,q_auto/league/den1hzzomdxfcsgk88o5"
00-0040164,Jaylin Lane,WR,WAS,ACT,"https://static.www.nfl.com/image/upload/f_auto,q_auto/league/fa5ufxqxs3hzioih3cfb"
00-0040170,Elic Ayomanor,WR,TEN,ACT,"https://static.www.nfl.com/image/upload/f_auto,q_auto/league/jjmscqt6v4ecasveugoh"
00-0040172,Jordan Watkins,WR,SF,ACT,"https://static.www.nfl.com/image/upload/f_auto,q_auto/league/agcwewjrj4dfssqkzksp"
00-0040177,Jordan James,RB,SF,ACT,"https://static.www.nfl.com/image/upload/f_auto,q_auto/league/un9cfqnwdzugrcy8caoh"
00-0040179,DJ Giddens,RB,IND,INA,"https://static.www.nfl.com/image/upload/f_auto,q_auto/league/y2vrgvb9kbvfpmyb3yzu"
00-0040184,KeAndre Lambert-Smith,WR,LAC,RES,"https://static.www.nfl.com/image/upload/f_auto,q_auto/league/xhhzgylwh0ptvpaghnuu"
00-0040187,Mitchell Evans,TE,CAR,ACT,"https://static.www.nfl.com/image/upload/f_auto,q_auto/league/yruhsxdnyfaa7iswn1dp"
00-0040189,Oronde Gadsden II,TE,LAC,ACT,"https://static.www.nfl.com/image/upload/f_auto,q_auto/league/r8b4oghjwhw8x9nv1wbs"
00-0040194,Jackson Hawes,TE,BUF,ACT,"https://static.www.nfl.com/image/upload/f_auto,q_auto/league/gl3easmpg7rn6e5siya2"
00-0040198,Ollie Gordon II,RB,MIA,ACT,"https://static.www.nfl.com/image/upload/f_auto,q_auto/league/bv33rgypaauv7sealwkr"
00-0040200,Andy Borregales,K,NE,ACT,"https://static.www.nfl.com/image/upload/f_auto,q_auto/league/x2fxn5qf6zkgmvedjpys"
00-0040202,Devin Neal,RB,NO,RES,"https://static.www.nfl.com/image/upload/f_auto,q_auto/league/set0xwgpkp0k3bofcpzn"
00-0040203,Will Howard,QB,PIT,INA,"https://static.www.nfl.com/image/upload/f_auto,q_auto/league/wzt7xj9ownxfit5igpcd"
00-0040205,Kalel Mullings,RB,TEN,DEV,"https://static.www.nfl.com/image/upload/f_auto,q_auto/league/jv2phcl7aihai00wkqgb"
00-0040206,Riley Leonard,QB,IND,INA,"https://static.www.nfl.com/image/upload/f_auto,q_auto/league/okxcrf19ylc0hwfefmwl"
00-0040208,Tahj Brooks,RB,CIN,ACT,"https://static.www.nfl.com/image/upload/f_auto,q_auto/league/s89clgkij0ytcmrkdydt"
00-0040211,Graham Mertz,QB,HOU,RES,"https://static.www.nfl.com/image/upload/f_auto,q_auto/league/v5l7nuj0z669orqxga16"
00-0040215,Gavin Bartholomew,TE,MIN,ACT,"https://static.www.nfl.com/image/upload/f_auto,q_auto/league/vezjblfvo9gduiyonlum"
00-0040218,Jimmy Horn Jr.,WR,CLE,DEV,"https://static.www.nfl.com/image/upload/f_auto,q_auto/league/gggcgfbghcft0xwxtrhk"
00-0040222,Cam Miller,QB,MIA,CUT,"https://static.www.nfl.com/image/upload/f_auto,q_auto/league/cmxq5676dl7nfub07rao"
00-0040225,Thomas Fidone II,TE,NYG,INA,"https://static.www.nfl.com/image/upload/f_auto,q_auto/league/vbaqpkcxcfwh9dhzescy"
00-0040234,Quinn Ewers,QB,JAX,ACT,"https://static.www.nfl.com/image/upload/f_auto,q_auto/league/bbcwyjuhyijtqe7jo274"
00-0040236,Kyle Monangai,RB,CHI,ACT,"https://static.www.nfl.com/image/upload/f_auto,q_auto/league/bkkk3uuouhcobydqawro"
00-0040237,Tez Johnson,WR,TB,ACT,"https://static.www.nfl.com/image/upload/f_auto,q_auto/league/ajbnpagviw0glrhf5a2e"
00-0040238,LeQuint Allen Jr.,RB,JAX,ACT,"https://static.www.nfl.com/image/upload/f_auto,q_auto/league/i0utigksuuvo2njb9wtk"
00-0040239,Kaden Prather,WR,GB,CUT,"https://static.www.nfl.com/image/upload/f_auto,q_auto/league/vuben0ncqttl4wjxityh"
00-0040240,Caleb Lohner,TE,DEN,RES,"https://static.www.nfl.com/image/upload/f_auto,q_auto/league/larx1n07ooq73y5gy3av"
00-0040241,Dominic Lovett,WR,DET,DEV,"https://static.www.nfl.com/image/upload/f_auto,q_auto/league/ccplcgivzomevih1erpl"
00-0040242,Jacory Croskey-Merritt,RB,WAS,ACT,"https://static.www.nfl.com/image/upload/f_auto,q_auto/league/qew4qhlj4yuf50voko61"
00-0040244,Moliki Matavao,TE,NO,RES,"https://static.www.nfl.com/image/upload/f_auto,q_auto/league/sloxqlvfyoufh2bb3zku"
00-0040247,Junior Bergen,WR,NYJ,CUT,"https://static.www.nfl.com/image/upload/f_auto,q_auto/league/k8itazswvewvavt8ibpj"
00-0040259,Gage Larvadain,WR,BAL,DEV,"https://static.www.nfl.com/image/upload/f_auto,q_auto/league/sivfugvzbbxrgkvxr5cb"
00-0040260,Ahmani Marshall,RB,CAR,DEV,"https://static.www.nfl.com/image/upload/f_auto,q_auto/league/rmzxp0obmznym5hv5ndh"
00-0040265,Ja'Seem Reed,WR,CAR,DEV,"https://static.www.nfl.com/image/upload/f_auto,q_auto/league/uh29rkmiggnca0qq7vil"
00-0040275,JP Richardson,WR,CHI,DEV,"https://static.www.nfl.com/image/upload/f_auto,q_auto/league/wsnuaqx6jbadrinmo1z2"
00-0040277,Jahdae Walker,WR,CHI,ACT,"https://static.www.nfl.com/image/upload/f_auto,q_auto/league/cr13mo2xrpdkksy8fveq"
00-0040279,Ryan Fitzgerald,K,CAR,ACT,"https://static.www.nfl.com/image/upload/f_auto,q_auto/league/giy8qnq6njxzwtqvqdsm"
00-0040298,Andrew Armstrong,WR,KC,DEV,"https://static.www.nfl.com/image/upload/f_auto,q_auto/league/hkw32xqnimm6dvx2qfvl"
00-0040302,A.J. Henning,WR,MIA,DEV,"https://static.www.nfl.com/image/upload/f_auto,q_auto/league/ijwatff81qf3jmikcryt"
00-0040311,Theo Wease Jr.,WR,LAC,DEV,"https://static.www.nfl.com/image/upload/f_auto,q_auto/league/iykujtgwn2x1ymy7jdxw"
00-0040317,Jacoby Jones,WR,WAS,CUT,"https://static.www.nfl.com/image/upload/f_auto,q_auto/league/bc74vque05mi8tg5xzxu"
00-0040323,Chandler Brayboy,WR,NE,DEV,"https://static.www.nfl.com/image/upload/f_auto,q_auto/league/m1dlnwcwdqve38sso7al"
00-0040324,Cam Camper,WR,NYJ,CUT,"https://static.www.nfl.com/image/upload/f_auto,q_auto/league/amhkfbzt2w2yib8grx6c"
00-0040331,Patrick Herbert,TE,LAC,ACT,"https://static.www.nfl.com/image/upload/f_auto,q_auto/league/ozp6mlkzvpqbvuldsm32"
00-0040332,Ja'Quinden Jackson,RB,PHI,CUT,"https://static.www.nfl.com/image/upload/f_auto,q_auto/league/zuxvf9yfajqwllmu06rh"
00-0040337,Eli Pancol,WR,IND,DEV,"https://static.www.nfl.com/image/upload/f_auto,q_auto/league/mbdztlbypqqt66igvkg8"
00-0040352,Coleman Owen,WR,IND,RES,"https://static.www.nfl.com/image/upload/f_auto,q_auto/league/cjnhiftygnypqumwfphq"
00-0040361,Stephen Gosnell,WR,BUF,DEV,"https://static.www.nfl.com/image/upload/f_auto,q_auto/league/csh3lsy1zg3c5z2o5evs"
00-0040363,Keleki Latu,TE,BUF,ACT,"https://static.www.nfl.com/image/upload/f_auto,q_auto/league/vebjjfyrrrbwaqjlyvun"
00-0040375,Jordan Moore,WR,CIN,DEV,"https://static.www.nfl.com/image/upload/f_auto,q_auto/league/mgod5tukhxuqm5kyy7zh"
00-0040387,Zach Horton,TE,DET,CUT,"https://static.www.nfl.com/image/upload/f_auto,q_auto/league/tqaayllxofboypamcusj"
00-0040388,Jakobie Keeney-James,WR,PIT,CUT,
00-0040390,Jackson Meeks,TE,DET,ACT,"https://static.www.nfl.com/image/upload/f_auto,q_auto/league/ot3dsyhfhos9epmkqdip"
00-0040392,Caden Prieskorn,TE,CAR,CUT,"https://static.www.nfl.com/image/upload/f_auto,q_auto/league/oajiq54ejf3zkntg427s"
00-0040394,Anthony Tyus III,RB,CAR,ACT,"https://static.www.nfl.com/image/upload/f_auto,q_auto/league/ycph0v6jfxwkcycuztk0"
00-0040398,Brady Cook,QB,MIA,INA,"https://static.www.nfl.com/image/upload/f_auto,q_auto/league/sk8u7zzg7e3t4vu7xesg"
00-0040400,Donovan Edwards,RB,MIA,CUT,"https://static.www.nfl.com/image/upload/f_auto,q_auto/league/nr08xtjdchspkv4kkczm"
00-0040405,Jamaal Pritchett,WR,NYJ,ACT,"https://static.www.nfl.com/image/upload/f_auto,q_auto/league/cskrvfgcpvpezccsdfky"
00-0040406,Quentin Skinner,WR,BUF,CUT,"https://static.www.nfl.com/image/upload/f_auto,q_auto/league/s7ln3ugfuknhx2tedii2"
00-0040415,Connor Bazelak,QB,TB,CUT,"https://static.www.nfl.com/image/upload/f_auto,q_auto/league/q3vgg2tiyhwnbnwpuc7o"
00-0040419,Garrett Greene,WR,TB,DEV,"https://static.www.nfl.com/image/upload/f_auto,q_auto/league/ryxqb4ioarar7jduttfu"
00-0040429,Josh Williams,RB,TB,DEV,"https://static.www.nfl.com/image/upload/f_auto,q_auto/league/c2zxbiz8153usfggosvv"
00-0040431,Dalen Cambre,WR,NYG,DEV,"https://static.www.nfl.com/image/upload/f_auto,q_auto/league/cfllxq8wvrrciu7ugnyp"
00-0040432,Beaux Collins,WR,ATL,RES,"https://static.www.nfl.com/image/upload/f_auto,q_auto/league/fypzpyhv2bsvlcwp2ppo"
00-0040438,Antwane Wells Jr.,WR,ATL,DEV,"https://static.www.nfl.com/image/upload/f_auto,q_auto/league/mijumyvz5ifhbq2xzlx6"
00-0040445,Courtney Jackson,WR,TEN,CUT,"https://static.www.nfl.com/image/upload/f_auto,q_auto/league/ztcixuqc2mihticrwnvc"
00-0040457,Jermaine Terry,TE,CLE,CUT,"https://static.www.nfl.com/image/upload/f_auto,q_auto/league/ftxn0lo1wuw7cw4jbqmr"
00-0040464,DJ Uiagalelei,QB,LAC,INA,"https://static.www.nfl.com/image/upload/f_auto,q_auto/league/uxkbvrw5eu41udzsesnu"
00-0040466,Raheim Sanders,RB,CLE,ACT,"https://static.www.nfl.com/image/upload/f_auto,q_auto/league/bopoof9uczgpvpggeahp"
00-0040476,Ulysses Bentley IV,RB,IND,CUT,"https://static.www.nfl.com/image/upload/f_auto,q_auto/league/iw8g8cngrmp4ipcrdpwi"
00-0040488,Carter Runyon,TE,LV,RES,"https://static.www.nfl.com/image/upload/f_auto,q_auto/league/q8knlo3npxhjxiyyx4h6"
00-0040494,Max Brosmer,QB,MIN,DEV,"https://static.www.nfl.com/image/upload/f_auto,q_auto/league/fpveluufmy7buwrhpiny"
00-0040498,Dontae Fleming,WR,MIN,RES,"https://static.www.nfl.com/image/upload/f_auto,q_auto/league/z31bqmrgzn9t5wsqtqoy"
00-0040504,Bryson Nesbit,TE,MIN,RES,"https://static.www.nfl.com/image/upload/f_auto,q_auto/league/xv1e25hi4dhzfzni0gui"
00-0040506,Myles Price,WR,MIN,ACT,"https://static.www.nfl.com/image/upload/f_auto,q_auto/league/yi2pgwujy0lv9l3m3sig"
00-0040509,Ben Yurosek,TE,MIN,RES,"https://static.www.nfl.com/image/upload/f_auto,q_auto/league/q6ea6dqd4nn27aeihiv7"
00-0040522,Xavier Restrepo,WR,TEN,DEV,"https://static.www.nfl.com/image/upload/f_auto,q_auto/league/w4onu90fxjmlkmkchcg1"
00-0040526,Tre Stewart,RB,ARI,CUT,"https://static.www.nfl.com/image/upload/f_auto,q_auto/league/uqxyyn0fclnobbreyzod"
00-0040528,JJ Galbreath,TE,IND,CUT,"https://static.www.nfl.com/image/upload/f_auto,q_auto/league/rt28raaxljxinfm6vtmy"
00-0040530,Ben Sauls,K,NYG,CUT,"https://static.www.nfl.com/image/upload/f_auto,q_auto/league/xtbztjfp9xzrfn5ajkrw"
00-0040531,Roc Taylor,WR,CAR,CUT,"https://static.www.nfl.com/image/upload/f_auto,q_auto/league/jeido54r1gfedjcqftyb"
00-0040534,Ke'Shawn Williams,WR,CIN,ACT,"https://static.www.nfl.com/image/upload/f_auto,q_auto/league/r7enwgccqv93feuoeurz"
00-0040547,Nate Carter,RB,KC,DEV,"https://static.www.nfl.com/image/upload/f_auto,q_auto/league/c7wg2qvjvd8diaaujwpt"
00-0040551,Nick Nash,WR,WAS,CUT,"https://static.www.nfl.com/image/upload/f_auto,q_auto/league/skgrkbcrfxdtraru3l6d"
00-0040552,Joshua Simon,TE,WAS,DEV,"https://static.www.nfl.com/image/upload/f_auto,q_auto/league/odhcpm4qqmp9nn7b8j7v"
00-0040553,Quincy Skinner Jr.,WR,GB,DEV,"https://static.www.nfl.com/image/upload/f_auto,q_auto/league/ni8qfwwvpyklvxqseorj"
00-0040556,Corey Kiner,RB,NE,ACT,"https://static.www.nfl.com/image/upload/f_auto,q_auto/league/tpnamrgzfbytwlzhhyf8"
00-0040558,Isaiah Neyor,WR,GB,DEV,"https://static.www.nfl.com/image/upload/f_auto,q_auto/league/kpmodyntguke9pmvxeyw"
00-0040563,Efton Chism III,WR,NE,ACT,"https://static.www.nfl.com/image/upload/f_auto,q_auto/league/zbnf3ujmwprzgjnwdtlo"
00-0040566,CJ Dippre,TE,TB,DEV,"https://static.www.nfl.com/image/upload/f_auto,q_auto/league/azvsbbacjbgiyr3hmgdi"
00-0040567,Brock Lampe,RB,BUF,DEV,"https://static.www.nfl.com/image/upload/f_auto,q_auto/league/qjprz2xsfvwi0zqrpyh1"
00-0040568,Lan Larison,RB,NE,DEV,"https://static.www.nfl.com/image/upload/f_auto,q_auto/league/dfvjypx4regh68bhrrlt"
00-0040570,Jeremiah Webb,WR,NE,RES,"https://static.www.nfl.com/image/upload/f_auto,q_auto/league/dfay1nwxlijuhxbqcids"
00-0040581,Dont'e Thornton Jr.,WR,LV,RES,"https://static.www.nfl.com/image/upload/f_auto,q_auto/league/hlxztd3lpjaxtzojuxwh"
00-0040582,Arian Smith,WR,NYJ,RES,"https://static.www.nfl.com/image/upload/f_auto,q_auto/league/asywvwrn6zhlidxothqn"
00-0040583,Woody Marks,RB,HOU,ACT,"https://static.www.nfl.com/image/upload/f_auto,q_auto/league/y5ntpcenhhhv98uz2fys"
00-0040584,Gunnar Helm,TE,TEN,ACT,"https://static.www.nfl.com/image/upload/f_auto,q_auto/league/hewm6ztgka7xkbl6ybvb"
00-0040586,Jaydon Blue,RB,PHI,DEV,"https://static.www.nfl.com/image/upload/f_auto,q_auto/league/lscygdlqczomp0l9oykv"
00-0040589,Kurtis Rourke,QB,SF,INA,"https://static.www.nfl.com/image/upload/f_auto,q_auto/league/rq4swf5c2ar45ljuc0w2"
00-0040590,Konata Mumpfield,WR,LA,ACT,"https://static.www.nfl.com/image/upload/f_auto,q_auto/league/cehkowkvb4aujslmppbj"
00-0040597,Brennan Presley,WR,LA,DEV,"https://static.www.nfl.com/image/upload/f_auto,q_auto/league/v5cydesy5zo4njavqwxb"
00-0040598,Mark Redman,TE,GB,ACT,"https://static.www.nfl.com/image/upload/f_auto,q_auto/league/m20wrukxvkgbvs70qpai"
00-0040601,Jordan Waters,RB,LA,DEV,"https://static.www.nfl.com/image/upload/f_auto,q_auto/league/wszz5ts7eqzjgiuwep45"
00-0040609,Tru Edwards,WR,LA,CUT,"https://static.www.nfl.com/image/upload/f_auto,q_auto/league/xhstos22n8zl6qe6v2zn"
00-0040616,Kisean Johnson,WR,GB,CUT,"https://static.www.nfl.com/image/upload/f_auto,q_auto/league/eagyx2phlssmmdczurx3"
00-0040617,Luke Floriea,WR,CLE,CUT,"https://static.www.nfl.com/image/upload/f_auto,q_auto/league/boxgpizulptcax2vb0pw"
00-0040618,Max Hurleman,WR,PIT,DEV,"https://static.www.nfl.com/image/upload/f_auto,q_auto/league/axybwbw7inp1vu7xxf0t"
00-0040621,Montorie Foster Jr,WR,SEA,INA,"https://static.www.nfl.com/image/upload/f_auto,q_auto/league/qkyl0pfhi4pmzdtodu9k"
00-0040628,Drake Dabney,TE,GB,DEV,"https://static.www.nfl.com/image/upload/f_auto,q_auto/league/olsiufbauh2x6pshrygm"
00-0040629,Dalevon Campbell,WR,LAC,CUT,"https://static.www.nfl.com/image/upload/f_auto,q_auto/league/dgfltlpm8wahq2trfxag"
00-0040633,Kyrese Rowan,WR,NO,DEV,
00-0040637,Lucas Scott,RB,BAL,CUT,"https://static.www.nfl.com/image/upload/f_auto,q_auto/league/fczsn4gxvqg2a99hlkdy"
00-0040644,Trevor Etienne,RB,CAR,RES,"https://static.www.nfl.com/image/upload/f_auto,q_auto/league/pcuzq84x7ia5yvmikltb"
00-0040646,Jalen Royals,WR,KC,ACT,"https://static.www.nfl.com/image/upload/f_auto,q_auto/league/sqrid1hnmwqymcp2vxfx"
00-0040648,Tory Horton,WR,SEA,ACT,"https://static.www.nfl.com/image/upload/f_auto,q_auto/league/lmsun4qzmk1rkgt4kw76"
00-0040649,Robbie Ouzts,RB,SEA,RES,"https://static.www.nfl.com/image/upload/f_auto,q_auto/league/kdykjwqk5xcnrfbtp47o"
00-0040651,Damien Martinez,RB,GB,CUT,"https://static.www.nfl.com/image/upload/f_auto,q_auto/league/ys773vjsxprn6hr0mwri"
00-0040653,Ricky White III,WR,SEA,DEV,"https://static.www.nfl.com/image/upload/f_auto,q_auto/league/sgtcxvsg5m0s6rdizjfb"
00-0040656,Hunter Dekkers,QB,NO,CUT,"https://static.www.nfl.com/image/upload/f_auto,q_auto/league/fcuzrfcbmtqlxksgmg7i"
00-0040663,Harold Fannin Jr.,TE,CLE,ACT,"https://static.www.nfl.com/image/upload/f_auto,q_auto/league/fxublmpnxx9uggsddwik"
00-0040666,Omarion Hampton,RB,LAC,ACT,"https://static.www.nfl.com/image/upload/f_auto,q_auto/league/lf2jxvxnbexlinoydbej"
00-0040667,Matthew Golden,WR,GB,ACT,"https://static.www.nfl.com/image/upload/f_auto,q_auto/league/dbjki6b0swksr7mk17wk"
00-0040668,Shedeur Sanders,QB,CLE,ACT,"https://static.www.nfl.com/image/upload/f_auto,q_auto/league/joe08hz6to2madpko8zl"
00-0040669,Isaac TeSlaa,WR,DET,ACT,"https://static.www.nfl.com/image/upload/f_auto,q_auto/league/ducfhbiy2a8loytcjymn"
00-0040673,Jalen Milroe,QB,SEA,INA,"https://static.www.nfl.com/image/upload/f_auto,q_auto/league/hohqoqpdyquxn1sr1fm2"
00-0040676,Cam Ward,QB,TEN,ACT,"https://static.www.nfl.com/image/upload/f_auto,q_auto/league/l7switu6stlwd2irm8yo"
00-0040691,Jaxson Dart,QB,NYG,RES,"https://static.www.nfl.com/image/upload/f_auto,q_auto/league/n6uymxssgiicjmxkzxoc"
00-0040692,Jarquez Hunter,RB,MIA,DEV,"https://static.www.nfl.com/image/upload/f_auto,q_auto/league/pqqxp2q7mkpnqbahu25c"
00-0040697,Thomas Gordon,TE,DET,DEV,"https://static.www.nfl.com/image/upload/f_auto,q_auto/league/xjwwmrgezlioppxjmkod"
00-0040702,Mitch Van Vooren,TE,DAL,DEV,
00-0040704,Dillon Gabriel,QB,CLE,RES,"https://static.www.nfl.com/image/upload/f_auto,q_auto/league/szpyvusef9jvoctbnkbk"
00-0040705,Chimere Dike,WR,TEN,ACT,"https://static.www.nfl.com/image/upload/f_auto,q_auto/league/cbcpv4931dqmgsu3anvo"
00-0040715,Cam Skattebo,RB,NYG,ACT,"https://static.www.nfl.com/image/upload/f_auto,q_auto/league/hlggiqdfvj1f4kntkafr"
00-0040718,Travis Hunter,WR,JAX,ACT,"https://static.www.nfl.com/image/upload/f_auto,q_auto/league/absw1gfqoiztajjagmf6"
00-0040719,Bhayshul Tuten,RB,JAX,ACT,"https://static.www.nfl.com/image/upload/f_auto,q_auto/league/ryjnphuyjbedmgpx5qqj"
00-0040727,Tre Harris,WR,LAC,ACT,"https://static.www.nfl.com/image/upload/f_auto,q_auto/league/v5ofh8jggzo8rygtpwl7"
00-0040729,Jack Bech,WR,LV,ACT,"https://static.www.nfl.com/image/upload/f_auto,q_auto/league/feplgtl0x1svqen9szwv"
00-0040730,RJ Harvey,RB,DEN,ACT,"https://static.www.nfl.com/image/upload/f_auto,q_auto/league/szxmro5enrxlscvv67xg"
00-0040734,TreVeyon Henderson,RB,NE,ACT,"https://static.www.nfl.com/image/upload/f_auto,q_auto/league/ebcjvwytgu2y4kqm8ihv"
00-0040735,Luther Burden III,WR,CHI,ACT,"https://static.www.nfl.com/image/upload/f_auto,q_auto/league/iyuwdz7pbowdkwzq2tg5"
00-0040736,Mason Taylor,TE,NYJ,INA,"https://static.www.nfl.com/image/upload/f_auto,q_auto/league/xittx9gih104lw1atfiv"
00-0040737,Terrance Ferguson,TE,LA,ACT,"https://static.www.nfl.com/image/upload/f_auto,q_auto/league/w5o0s5yf6j5dsmiwdtfg"
00-0040739,Elijah Arroyo,TE,SEA,ACT,"https://static.www.nfl.com/image/upload/f_auto,q_auto/league/m5rdyemjoxl4cuz9yun8"
00-0040743,Tyler Shough,QB,NO,ACT,"https://static.www.nfl.com/image/upload/f_auto,q_auto/league/toiafc7qighw86geo7jf"
00-0040753,Will Sheppard,WR,MIA,DEV,"https://static.www.nfl.com/image/upload/f_auto,q_auto/league/vwyhqfyyxngoljurvrjx"
00-0040769,Jaden Smith,WR,DAL,CUT,"https://static.www.nfl.com/image/upload/f_auto,q_auto/league/igfff3jsx73vmtuldw6q"
00-0040782,Isaiah Bond,WR,CLE,ACT,"https://static.www.nfl.com/image/upload/f_auto,q_auto/league/piv889pkizjvgrtpfkxm"
00-0040784,Quinshon Judkins,RB,CLE,ACT,"https://static.www.nfl.com/image/upload/f_auto,q_auto/league/ojtce2im0wp2ltyel0vc"
00-0040785,Dohnte Meyers,WR,CIN,ACT,"https://static.www.nfl.com/image/upload/f_auto,q_auto/league/xkxpqhtebubkbv1irlkc"
00-0040792,Layne Pryor,TE,HOU,CUT,"https://static.www.nfl.com/image/upload/f_auto,q_auto/league/w5iwcg7kfl3qunbng23t"
00-0040853,Carson Towt,TE,IND,RES,"https://static.www.nfl.com/image/upload/f_auto,q_auto/league/nwppu7wrirz6adoxgzij"
00-0040867,Makai Lemon,WR,PHI,ACT,"https://static.www.nfl.com/image/upload/f_auto,q_auto/league/ys2i2o7c0bl36xvlrojz"
00-0040870,Ja'Kobi Lane,WR,BAL,RES,"https://static.www.nfl.com/image/upload/f_auto,q_auto/league/gjezd2a8imfrxyv16wuj"
00-0040876,Elijah Sarratt,WR,BAL,INA,"https://static.www.nfl.com/image/upload/f_auto,q_auto/league/rbtitvma6hjyotcajqtv"
00-0040878,Mike Washington Jr.,RB,LV,ACT,"https://static.www.nfl.com/image/upload/f_auto,q_auto/league/ocdjq5ohmtgdghqdh5m4"
00-0040879,Matthew Hibner,TE,BAL,ACT,"https://static.www.nfl.com/image/upload/f_auto,q_auto/league/kkkia0wl2sqsjiwecde0"
00-0040886,Nicholas Singleton,RB,TEN,ACT,"https://static.www.nfl.com/image/upload/f_auto,q_auto/league/ztwqbc0s69cbz5ow0r0q"
00-0040887,Josh Cuevas,TE,BAL,ACT,"https://static.www.nfl.com/image/upload/f_auto,q_auto/league/maktufaiogxfm5ewjsi9"
00-0040888,Adam Randall,RB,BAL,RES,"https://static.www.nfl.com/image/upload/f_auto,q_auto/league/cdr4vibcb4jxp8nswxl9"
00-0040890,Cyrus Allen,WR,KC,ACT,"https://static.www.nfl.com/image/upload/f_auto,q_auto/league/qput6hanukjbatuao8ca"
00-0040891,Cole Payton,QB,PHI,ACT,"https://static.www.nfl.com/image/upload/f_auto,q_auto/league/qt8hajjwkvpynr8nwepz"
00-0040894,Malik Benson,WR,LV,ACT,"https://static.www.nfl.com/image/upload/f_auto,q_auto/league/tndlq4zmq6r9nsvmzih6"
00-0040895,Emmanuel Henderson Jr.,WR,SEA,DEV,"https://static.www.nfl.com/image/upload/f_auto,q_auto/league/eje0zmvfl2fetzvpsl6c"
00-0040899,Trey Smack,K,GB,ACT,"https://static.www.nfl.com/image/upload/f_auto,q_auto/league/zierx6p09ilfe0o0ckj7"
00-0040900,Anthony Smith,WR,DAL,DEV,"https://static.www.nfl.com/image/upload/f_auto,q_auto/league/xawxtpjdptmacbcqtlua"
00-0040901,Jaren Kanak,TE,TEN,RES,"https://static.www.nfl.com/image/upload/f_auto,q_auto/league/nbrbfq68ghrvt2dsieej"
00-0040906,Garrett Nussmeier,QB,KC,INA,"https://static.www.nfl.com/image/upload/f_auto,q_auto/league/uyidfkzfhuqaks3pmdeo"
00-0040912,Hank Beatty,WR,TEN,CUT,"https://static.www.nfl.com/image/upload/f_auto,q_auto/league/ainu7jvyjyjnsa8tdahf"
00-0040919,Tyren Montgomery,WR,TEN,DEV,"https://static.www.nfl.com/image/upload/f_auto,q_auto/league/f9zykws54i2prkwxw3ee"
00-0040930,Camden Brown,WR,DAL,INA,"https://static.www.nfl.com/image/upload/f_auto,q_auto/league/tvoztpalnmmattxhdaoa"
00-0040934,Jordan Hudson,WR,DAL,DEV,"https://static.www.nfl.com/image/upload/f_auto,q_auto/league/uwgiczb8bnnacu2g7zln"
00-0040937,Dominic Richardson,RB,NYJ,RES,"https://static.www.nfl.com/image/upload/f_auto,q_auto/league/o3embvhnbegqqvltpyug"
00-0040938,DJ Rogers,TE,DAL,RES,"https://static.www.nfl.com/image/upload/f_auto,q_auto/league/wzblmzyldhnpb4kvraci"
00-0040939,Michael Trigg,TE,DAL,DEV,"https://static.www.nfl.com/image/upload/f_auto,q_auto/league/raym87favdz33uhkgvv2"
00-0040946,Jaden Nixon,RB,GB,CUT,
00-0040948,J. Michael Sturdivant,WR,GB,ACT,"https://static.www.nfl.com/image/upload/f_auto,q_auto/league/jpcewjixipg3iuu2ucyq"
00-0040953,Jeff Caldwell,WR,KC,RES,"https://static.www.nfl.com/image/upload/f_auto,q_auto/league/nc8rm1ko22poili6r2a8"
00-0040954,Omari Evans,WR,KC,DEV,"https://static.www.nfl.com/image/upload/f_auto,q_auto/league/q5szmdmukkkusqpfj9m5"
00-0040955,John Michael Gyllenborg,TE,KC,RES,
00-0040959,Jaydn Ott,RB,KC,DEV,"https://static.www.nfl.com/image/upload/f_auto,q_auto/league/ywfb4a8vkz1eubb43o8i"
00-0040964,EJ Smith,RB,KC,RES,"https://static.www.nfl.com/image/upload/f_auto,q_auto/league/cbrhecognbp6bxwgtqyh"
00-0040967,Jacob De Jesus,WR,KC,CUT,"https://static.www.nfl.com/image/upload/f_auto,q_auto/league/e2vu3nw6evgo0tfku7nt"
00-0040970,Michael Briscoe,WR,MIN,DEV,"https://static.www.nfl.com/image/upload/f_auto,q_auto/league/rrnmno7nkn0o4kilp7je"
00-0040974,Lance Mason,TE,PIT,CUT,"https://static.www.nfl.com/image/upload/f_auto,q_auto/league/e0rzvcajpcfosxnmxj2j"
00-0040976,Levi Wentz,WR,PIT,CUT,
00-0040977,Cortez Braham,WR,BAL,CUT,"https://static.www.nfl.com/image/upload/f_auto,q_auto/league/jcgncwbkzrwqeqh89rhs"
00-0040981,Joe Fagnano,QB,BAL,INA,"https://static.www.nfl.com/image/upload/f_auto,q_auto/league/p8uqfsnpx153mn3gjtd3"
00-0040984,Dontae McMillan,RB,BAL,CUT,"https://static.www.nfl.com/image/upload/f_auto,q_auto/league/iptvbpnqkwbbmogetkfq"
00-0040986,Ty Pezza,WR,BAL,DEV,
00-0040989,Octavian Smith,WR,BAL,CUT,"https://static.www.nfl.com/image/upload/f_auto,q_auto/league/qtsrzczmff6p97bc2rzo"
00-0040991,Elijah Tau-Tolliver,RB,BAL,CUT,"https://static.www.nfl.com/image/upload/f_auto,q_auto/league/lupgcteiumxkemycok75"
00-0040996,Jacob Clark,QB,LV,CUT,"https://static.www.nfl.com/image/upload/f_auto,q_auto/league/zw2yzeb5jhowboogfpki"
00-0040998,Roman Hemby,RB,LV,DEV,"https://static.www.nfl.com/image/upload/f_auto,q_auto/league/n8js64cgcfhkllrvxw5x"
00-0041001,Matt Lauter,TE,MIN,CUT,
00-0041004,Chase Roberts,WR,LV,RES,"https://static.www.nfl.com/image/upload/f_auto,q_auto/league/bqncmkjxb7rcvfuhe1ss"
00-0041005,Corey Rucker,WR,LV,RES,"https://static.www.nfl.com/image/upload/f_auto,q_auto/league/nabhgywifegiuohtg6fq"
00-0041011,E.J. Williams Jr.,WR,CAR,CUT,"https://static.www.nfl.com/image/upload/f_auto,q_auto/league/vajaprynilirvbzf7m1o"
00-0041013,Emmett Johnson,RB,KC,ACT,"https://static.www.nfl.com/image/upload/f_auto,q_auto/league/avdz4njz1slqn7ktqcuq"
00-0041016,Patrick Gurd,TE,LV,DEV,"https://static.www.nfl.com/image/upload/f_auto,q_auto/league/agjazc5duhqepvcd82yf"
00-0041020,Xavier Loyd,WR,KC,CUT,"https://static.www.nfl.com/image/upload/f_auto,q_auto/league/wmm4lgxorw9cf5towgpl"
00-0041027,Jeremiyah Love,RB,ARI,ACT,"https://static.www.nfl.com/image/upload/f_auto,q_auto/league/b12gtjsylmql5v7iyyla"
00-0041029,Jordyn Tyson,WR,NO,RES,"https://static.www.nfl.com/image/upload/f_auto,q_auto/league/al6fifxstyc6omsenzhd"
00-0041032,Kenyon Sadiq,TE,NYJ,ACT,"https://static.www.nfl.com/image/upload/f_auto,q_auto/league/mnswulwto4yqkgmugoiq"
00-0041035,De'Zhaun Stribling,WR,SF,RES,"https://static.www.nfl.com/image/upload/f_auto,q_auto/league/eu1nxtlztiwr5ko48iwz"
00-0041037,Denzel Boston,WR,CLE,ACT,"https://static.www.nfl.com/image/upload/f_auto,q_auto/league/ybkny6eh5eegq3bqmony"
00-0041040,Antonio Williams,WR,WAS,ACT,"https://static.www.nfl.com/image/upload/f_auto,q_auto/league/noywrsgaqoqlv64c12yw"
00-0041041,Oscar Delp,TE,NO,ACT,"https://static.www.nfl.com/image/upload/f_auto,q_auto/league/a7tu8cb3rnd5ncgbtok5"
00-0041042,Malachi Fields,WR,NYG,ACT,"https://static.www.nfl.com/image/upload/f_auto,q_auto/league/tpls1aptxx9x8xaqvjtj"
00-0041044,Zachariah Branch,WR,ATL,ACT,"https://static.www.nfl.com/image/upload/f_auto,q_auto/league/qwbo8lgyd85dlwnbznsc"
00-0041047,Chris Brazzell II,WR,CAR,RES,"https://static.www.nfl.com/image/upload/f_auto,q_auto/league/jdmycletwhknhs9oth1f"
00-0041048,Ted Hurst III,WR,TB,ACT,"https://static.www.nfl.com/image/upload/f_auto,q_auto/league/mmf6qmo6a2evw4feupcm"
00-0041051,Zavion Thomas,WR,CHI,ACT,"https://static.www.nfl.com/image/upload/f_auto,q_auto/league/lhodk54zsmznu4yxjoux"
00-0041052,Kaelon Black,RB,SF,ACT,"https://static.www.nfl.com/image/upload/f_auto,q_auto/league/nwgkzr1ysr32jc79zfnt"
00-0041056,Cade Klubnik,QB,NYJ,ACT,"https://static.www.nfl.com/image/upload/f_auto,q_auto/league/sqsxavkryojbysy4kq85"
00-0041067,Bryce Lance,WR,NO,ACT,"https://static.www.nfl.com/image/upload/f_auto,q_auto/league/lzh0hbhllbouh97ffpp6"
00-0041069,Colbie Young,WR,CIN,ACT,"https://static.www.nfl.com/image/upload/f_auto,q_auto/league/n4irmipxyl87b6jmudte"
00-0041070,Reggie Virgil,WR,ARI,INA,"https://static.www.nfl.com/image/upload/f_auto,q_auto/league/hmaylhc9nc2zmqjdw1ib"
00-0041077,Justin Joly,TE,MIA,ACT,"https://static.www.nfl.com/image/upload/f_auto,q_auto/league/vglffv5obtvktndulobu"
00-0041081,Max Bredeson,RB,MIN,ACT,"https://static.www.nfl.com/image/upload/f_auto,q_auto/league/fl3inwpzgb7fgzpaezw1"
00-0041084,Tanner Koziol,TE,JAX,ACT,"https://static.www.nfl.com/image/upload/f_auto,q_auto/league/yx0na9fufgv3snuyecbd"
00-0041087,Joe Royer,TE,CLE,RES,
00-0041092,Taylen Green,QB,CLE,INA,"https://static.www.nfl.com/image/upload/f_auto,q_auto/league/ybylky9uitivzresfzt3"
00-0041094,Bauer Sharp,TE,TB,ACT,"https://static.www.nfl.com/image/upload/f_auto,q_auto/league/xqj8rk6okp7eobbv5hps"
00-0041096,Kaytron Allen,RB,WAS,ACT,"https://static.www.nfl.com/image/upload/f_auto,q_auto/league/vbhwkqty94alwjyz8cin"
00-0041099,Barion Brown,WR,NO,INA,"https://static.www.nfl.com/image/upload/f_auto,q_auto/league/zakfmezzed4qotdrmbpc"
00-0041100,Josh Cameron,WR,JAX,ACT,"https://static.www.nfl.com/image/upload/f_auto,q_auto/league/jwb3wyhoqqq52mfiyxxc"
00-0041104,Demond Claiborne,RB,MIN,ACT,"https://static.www.nfl.com/image/upload/f_auto,q_auto/league/vmozbbdzgcaqq1yrixeb"
00-0041106,C.J. Williams,WR,JAX,INA,"https://static.www.nfl.com/image/upload/f_auto,q_auto/league/svmb2citno2f6zqc9qbm"
00-0041116,Jack Endries,TE,CIN,INA,"https://static.www.nfl.com/image/upload/f_auto,q_auto/league/wxtev9zj048yzxk8ebfu"
00-0041117,Athan Kaliakmanis,QB,WAS,ACT,"https://static.www.nfl.com/image/upload/f_auto,q_auto/league/ahtbv63jyg8ampmyrxn9"
00-0041123,Behren Morton,QB,NE,INA,"https://static.www.nfl.com/image/upload/f_auto,q_auto/league/st5s1urflg14hwvx8uzl"
00-0041125,Seth McGowan,RB,IND,ACT,"https://static.www.nfl.com/image/upload/f_auto,q_auto/league/qkwvvygwu9pan88sivzb"
00-0041129,Jam Miller,RB,NE,CUT,"https://static.www.nfl.com/image/upload/f_auto,q_auto/league/zfxfycwnsyjtoj1n8j5e"
00-0041131,Carsen Ryan,TE,CLE,ACT,"https://static.www.nfl.com/image/upload/f_auto,q_auto/league/qiqiqjw4vyhv2xpxt2np"
00-0041132,Deion Burks,WR,IND,ACT,"https://static.www.nfl.com/image/upload/f_auto,q_auto/league/mbejyq733jilg3bkpzur"
00-0041133,Dallen Bentley,TE,DEN,INA,"https://static.www.nfl.com/image/upload/f_auto,q_auto/league/vaiszquqlgric9cfbwjf"
00-0041139,Damon Bankston,RB,GB,DEV,"https://static.www.nfl.com/image/upload/f_auto,q_auto/league/pfbet5qlrhpv0qaxqbax"
00-0041145,Dominic Zvada,K,NYG,ACT,"https://static.www.nfl.com/image/upload/f_auto,q_auto/league/rej45oauer8jysbtwbxm"
00-0041149,Haynes King,QB,CAR,INA,"https://static.www.nfl.com/image/upload/f_auto,q_auto/league/qcloyq4ahyh0hfzo6i0i"
00-0041152,Kobe Prentice,WR,NYG,CUT,"https://static.www.nfl.com/image/upload/f_auto,q_auto/league/n0zgkpti7qrcphmtuani"
00-0041156,Mark Gronowski,QB,HOU,CUT,"https://static.www.nfl.com/image/upload/f_auto,q_auto/league/yqbrulccgmwxaboyy3dx"
00-0041158,Donaven McCulley,WR,MIA,CUT,"https://static.www.nfl.com/image/upload/f_auto,q_auto/league/d7yo77hsgi95onh27mt7"
00-0041161,Le'Veon Moss,RB,MIA,RET,
00-0041165,Coleman Bennett,RB,MIA,CUT,"https://static.www.nfl.com/image/upload/f_auto,q_auto/league/mxu81fxs1x2xeb2pn0ws"
00-0041168,Omari Kelly,WR,CHI,CUT,"https://static.www.nfl.com/image/upload/f_auto,q_auto/league/oz0rxxhvfnjrsc1zdsdc"
00-0041170,Hayden Large,TE,CHI,RES,"https://static.www.nfl.com/image/upload/f_auto,q_auto/league/gbhffvvzh3nnzpno5hhw"
00-0041172,Miller Moss,QB,CHI,DEV,"https://static.www.nfl.com/image/upload/f_auto,q_auto/league/p86kdskm2q45zetkrx03"
00-0041176,Jaden Bradley,WR,WAS,DEV,"https://static.www.nfl.com/image/upload/f_auto,q_auto/league/kr2pi6xguzj2ejtpvsnm"
00-0041178,Robert Henry Jr.,RB,WAS,DEV,"https://static.www.nfl.com/image/upload/f_auto,q_auto/league/aehybugrdkpwoegwc10v"
00-0041179,Chris Hilton Jr.,WR,GB,CUT,"https://static.www.nfl.com/image/upload/f_auto,q_auto/league/x4c5gmotlioz2xynmtkw"
00-0041180,Quentin Moore,TE,WAS,CUT,"https://static.www.nfl.com/image/upload/f_auto,q_auto/league/uavxcxg6tgw0pchu2osh"
00-0041182,Drew Stevens,K,WAS,ACT,"https://static.www.nfl.com/image/upload/f_auto,q_auto/league/dzlynw7seoaqck1r2il3"
00-0041185,Vinny Anthony II,WR,ATL,DEV,"https://static.www.nfl.com/image/upload/f_auto,q_auto/league/za7sl8mdnvpy1lvo7gva"
00-0041191,Cash Jones,RB,ATL,DEV,"https://static.www.nfl.com/image/upload/f_auto,q_auto/league/w8owngxypixljzcnwyiv"
00-0041194,Jack Strand,QB,ATL,INA,"https://static.www.nfl.com/image/upload/f_auto,q_auto/league/oadw9h9otuauaiv1vxvz"
00-0041195,Jack Velling,TE,ATL,DEV,"https://static.www.nfl.com/image/upload/f_auto,q_auto/league/wotouog19khzog4kfwmq"
00-0041199,Caullin Lacy,WR,NYJ,CUT,"https://static.www.nfl.com/image/upload/f_auto,q_auto/league/sg9xmdh2jmwa2aocgdo8"
00-0041203,Joey Aguilar,QB,JAX,DEV,"https://static.www.nfl.com/image/upload/f_auto,q_auto/league/ftafwh4qrzhpxp8kq0ca"
00-0041205,Brady Boyd,WR,JAX,CUT,"https://static.www.nfl.com/image/upload/f_auto,q_auto/league/ockb9yxy4dhlr9ajasms"
00-0041206,Alex Bullock,WR,JAX,RET,
00-0041207,Ethan Conner,TE,MIA,CUT,"https://static.www.nfl.com/image/upload/f_auto,q_auto/league/hmabu7fiufpd0w5bn0o1"
00-0041215,Ben Patterson,WR,CLE,CUT,
00-0041216,Trebor Pena,WR,JAX,DEV,"https://static.www.nfl.com/image/upload/f_auto,q_auto/league/odtp8h91i2q8mjwbtypa"
00-0041217,J'Mari Taylor,RB,JAX,DEV,"https://static.www.nfl.com/image/upload/f_auto,q_auto/league/bllauluwnbc34h7uzuom"
00-0041220,Michael Wortham,WR,JAX,DEV,"https://static.www.nfl.com/image/upload/f_auto,q_auto/league/vu5tb8rwe3rwu9vlpzvj"
00-0041228,Sahmir Hagans,WR,IND,CUT,"https://static.www.nfl.com/image/upload/f_auto,q_auto/league/srzam5krmqqt3n5kn9as"
00-0041233,Raylen Sharpe,WR,IND,CUT,"https://static.www.nfl.com/image/upload/f_auto,q_auto/league/vvlwqrvwwum3bjtpribs"
00-0041237,Chase Curtis,TE,NYJ,CUT,"https://static.www.nfl.com/image/upload/f_auto,q_auto/league/ewonqlb329xgpuskooap"
00-0041239,Chip Trayanum,RB,NYJ,RES,"https://static.www.nfl.com/image/upload/f_auto,q_auto/league/hdagffadajptx8nxfs8w"
00-0041241,Kentrel Bullock,RB,CIN,DEV,"https://static.www.nfl.com/image/upload/f_auto,q_auto/league/knfwlw5u1poz75qfyuy5"
00-0041244,Jamal Haynes,RB,CIN,CUT,"https://static.www.nfl.com/image/upload/f_auto,q_auto/league/ljbgtbvcogvbhjnmn7cx"
00-0041246,Josh Kattus,TE,CIN,CUT,"https://static.www.nfl.com/image/upload/f_auto,q_auto/league/brst2aehfeoku4g39ve0"
00-0041248,Noah Thomas,WR,CIN,DEV,"https://static.www.nfl.com/image/upload/f_auto,q_auto/league/kafm8ce25xilrai8zsrz"
00-0041251,Jalon Daniels,QB,TB,ACT,"https://static.www.nfl.com/image/upload/f_auto,q_auto/league/hwhfl6i5drktwjvslfpn"
00-0041252,Kenny Fletcher Jr.,TE,IND,DEV,"https://static.www.nfl.com/image/upload/f_auto,q_auto/league/bkvuyl1uu3e21tet01iz"
00-0041257,Eric Rivers Jr.,WR,TB,DEV,"https://static.www.nfl.com/image/upload/f_auto,q_auto/league/goritmogduir5z46j8v1"
00-0041263,Lake McRee,TE,PIT,DEV,"https://static.www.nfl.com/image/upload/f_auto,q_auto/league/z44mxfva1mljsixo7c2l"
00-0041265,Squirrel White,WR,CHI,RET,
00-0041266,Keelan Marion,WR,ATL,CUT,"https://static.www.nfl.com/image/upload/f_auto,q_auto/league/pv8xxfhthq0i3sjtl3wr"
00-0041267,Malik McClain,WR,NYJ,ACT,"https://static.www.nfl.com/image/upload/f_auto,q_auto/league/ekh5mirge1jmayln4tfe"
00-0041272,Ja'Mori Maclin,WR,BUF,DEV,"https://static.www.nfl.com/image/upload/f_auto,q_auto/league/pzy27lpwlernu820cyfd"
00-0041274,Max Tomczak,WR,BUF,CUT,"https://static.www.nfl.com/image/upload/f_auto,q_auto/league/ajbrniyekvuia9kmnewk"
00-0041277,Davon Booth,RB,IND,DEV,"https://static.www.nfl.com/image/upload/f_auto,q_auto/league/ddzlehyaaedbtx8lh9vv"
00-0041287,Kole Wilson,WR,CLE,CUT,"https://static.www.nfl.com/image/upload/f_auto,q_auto/league/zjc32vqzdoq9n5uk90uf"
00-0041292,Kolbe Katsis,WR,DEN,ACT,"https://static.www.nfl.com/image/upload/f_auto,q_auto/league/u3bhwno76vnuflla9jjg"
00-0041293,Dane Key,WR,DEN,DEV,"https://static.www.nfl.com/image/upload/f_auto,q_auto/league/got8amcmxwu5li8zwcnv"
00-0041294,Joseph Manjack,WR,DEN,CUT,"https://static.www.nfl.com/image/upload/f_auto,q_auto/league/gcaf5glbypplos7a9hci"
00-0041299,Cameron Ross,WR,DEN,CUT,"https://static.www.nfl.com/image/upload/f_auto,q_auto/league/mwm6jtkeccyfxpuow3ri"
00-0041308,Treyvhon Saunders,WR,HOU,CUT,"https://static.www.nfl.com/image/upload/f_auto,q_auto/league/gwouh69b2usqxmfhqxmz"
00-0041309,Daniel Sobkowicz,WR,HOU,DEV,"https://static.www.nfl.com/image/upload/f_auto,q_auto/league/u5goe2agufae3d8jphi9"
00-0041312,Noah Whittington,RB,HOU,DEV,"https://static.www.nfl.com/image/upload/f_auto,q_auto/league/ofifs3fbgpnv6qtcjain"
00-0041314,Tanner Arkin,TE,NE,ACT,"https://static.www.nfl.com/image/upload/f_auto,q_auto/league/vgc4lne9seywphzadlav"
00-0041317,Nick DeGennaro,WR,NE,CUT,"https://static.www.nfl.com/image/upload/f_auto,q_auto/league/vc9uhlgxs79dhcza4qp2"
00-0041318,Kyle Dixon,WR,NE,DEV,"https://static.www.nfl.com/image/upload/f_auto,q_auto/league/obg1mz6j2ax8fqhig1uj"
00-0041319,Cameron Dorner,WR,NE,DEV,"https://static.www.nfl.com/image/upload/f_auto,q_auto/league/lzae2vexciqchpaejeis"
00-0041322,Jimmy Kibble,WR,NE,CUT,"https://static.www.nfl.com/image/upload/f_auto,q_auto/league/oqed2w9ukizullcgi22l"
00-0041323,Myles Montgomery,RB,NE,RES,"https://static.www.nfl.com/image/upload/f_auto,q_auto/league/x2iwklhxz7it7m1hsdwy"
00-0041326,CJ Donaldson,RB,NO,ACT,"https://static.www.nfl.com/image/upload/f_auto,q_auto/league/lwl0pyoz7mbjcne0stsx"
00-0041327,Cody Hardy,TE,NYJ,DEV,"https://static.www.nfl.com/image/upload/f_auto,q_auto/league/e7ryku3lwro60d4ugp9f"
00-0041342,Dillon Bell,WR,MIN,DEV,"https://static.www.nfl.com/image/upload/f_auto,q_auto/league/b9v5ex8bfoum15d8v2gf"
00-0041352,Marcus Sanders Jr.,WR,MIN,CUT,"https://static.www.nfl.com/image/upload/f_auto,q_auto/league/zu39csnwn4ahfyvipdog"
00-0041357,Khalil Dinkins,TE,SF,DEV,"https://static.www.nfl.com/image/upload/f_auto,q_auto/league/txukjdrzl6um3k3t0t31"
00-0041359,Wesley Grimes,WR,SF,DEV,"https://static.www.nfl.com/image/upload/f_auto,q_auto/league/n5hfuzuaxausgstr3cp8"
00-0041361,Will Pauling,WR,SF,DEV,"https://static.www.nfl.com/image/upload/f_auto,q_auto/league/hk2txxjkjk1ycmluu2kn"
00-0041366,Jameson Geers,TE,ARI,RES,"https://static.www.nfl.com/image/upload/f_auto,q_auto/league/c8jeabzy38oouigdr214"
00-0041368,Harrison Wallace III,WR,ARI,DEV,"https://static.www.nfl.com/image/upload/f_auto,q_auto/league/mxwpoysyvficq6vgvcdq"
00-0041373,Jerand Bradley,WR,LAC,CUT,"https://static.www.nfl.com/image/upload/f_auto,q_auto/league/gjezjgrsmkngjzofmsu9"
00-0041374,Sincere Brown,WR,LAC,RES,"https://static.www.nfl.com/image/upload/f_auto,q_auto/league/tczbze6iof5vyvxp9omu"
00-0041376,Gregory Desrosiers,RB,LAC,DEV,"https://static.www.nfl.com/image/upload/f_auto,q_auto/league/serg5wdxgoemdropu4vs"
00-0041380,Devonte Ross,WR,LAC,CUT,"https://static.www.nfl.com/image/upload/f_auto,q_auto/league/i8hp6pqdc82lefdkdhi1"
00-0041384,Evan Svoboda,TE,LAC,DEV,"https://static.www.nfl.com/image/upload/f_auto,q_auto/league/oiypi2ljtijzyh5mpi3f"
00-0041395,Eli Raridon,TE,NE,INA,"https://static.www.nfl.com/image/upload/f_auto,q_auto/league/tglrg0yek3kwrt8rqz5t"
00-0041397,Kaden Wetjen,WR,PIT,ACT,"https://static.www.nfl.com/image/upload/f_auto,q_auto/league/s44clgjdvd1tuslyqimk"
00-0041398,Riley Nowakowski,RB,PIT,ACT,"https://static.www.nfl.com/image/upload/f_auto,q_auto/league/nhyd8plaetjoosbq1btb"
00-0041399,CJ Daniels,WR,LA,INA,"https://static.www.nfl.com/image/upload/f_auto,q_auto/league/jqx2xj6xmri9hrjm8azc"
00-0041403,Rohan Jones,TE,LA,CUT,
00-0041414,Matthew Caldwell,QB,LA,RES,
00-0041415,Dean Connors,RB,LA,ACT,"https://static.www.nfl.com/image/upload/f_auto,q_auto/league/fgsgqkdsnliwujjtvvw3"
00-0041422,Dan Villari,TE,LA,DEV,"https://static.www.nfl.com/image/upload/f_auto,q_auto/league/q6dostpr0u6fu0yygyua"
00-0041435,Dean Patterson IV,WR,TB,DEV,"https://static.www.nfl.com/image/upload/f_auto,q_auto/league/kgjiwlmhmxnygppjzmph"
00-0041436,DJ Herman,RB,MIA,ACT,"https://static.www.nfl.com/image/upload/f_auto,q_auto/league/snacspvu9hic30y1vd8m"
00-0041438,Carnell Tate,WR,TEN,ACT,"https://static.www.nfl.com/image/upload/f_auto,q_auto/league/ghpmpzcnigxrdbyvcxke"
00-0041443,Skyler Bell,WR,BUF,INA,"https://static.www.nfl.com/image/upload/f_auto,q_auto/league/oac3geuuhazbznztufzk"
00-0041446,Kendrick Law,WR,DET,RES,"https://static.www.nfl.com/image/upload/f_auto,q_auto/league/progttkuaumows8eeqsq"
00-0041451,Brock Rechsteiner,WR,NO,RES,
00-0041452,Johnny Pascuzzi,TE,LAC,CUT,"https://static.www.nfl.com/image/upload/f_auto,q_auto/league/rdczeascod0gltx8lbst"
00-0041453,Luke Altmyer,QB,DET,DEV,"https://static.www.nfl.com/image/upload/f_auto,q_auto/league/eriopmdwcfjude1cptvi"
00-0041467,Lewis Bond,WR,HOU,ACT,"https://static.www.nfl.com/image/upload/f_auto,q_auto/league/qm5q5iilnctaitwwscst"
00-0041472,Marlin Klein,TE,HOU,ACT,"https://static.www.nfl.com/image/upload/f_auto,q_auto/league/ek2nzhrwqxl6psbm2iic"
00-0041475,Trayvon Rudolph,WR,MIN,CUT,
00-0041476,Rashad Rochelle,WR,SEA,CUT,"https://static.www.nfl.com/image/upload/f_auto,q_auto/league/ylbnhgy33itvtgb5j5gk"
00-0041481,Terrill Davis,WR,MIN,CUT,"https://static.www.nfl.com/image/upload/f_auto,q_auto/league/lxbfttot7wcd80sxs54o"
00-0041483,Eli Stowers,TE,PHI,RES,"https://static.www.nfl.com/image/upload/f_auto,q_auto/league/c9rjqit3q5tm9hzkm5ay"
00-0041485,Miles Davis,RB,CAR,CUT,"https://static.www.nfl.com/image/upload/f_auto,q_auto/league/htvohdxsq6qwts6k3cfb"
00-0041486,Anderson Castle,RB,IND,CUT,"https://static.www.nfl.com/image/upload/f_auto,q_auto/league/sxtze52r5ruogs7lmyjh"
00-0041489,Germie Bernard,WR,PIT,ACT,"https://static.www.nfl.com/image/upload/f_auto,q_auto/league/rsbtypbsvxux94vokb5q"
00-0041490,Eli Heidenreich,RB,PIT,INA,"https://static.www.nfl.com/image/upload/f_auto,q_auto/league/jhiyjb8jmjyzehmrrjoy"
00-0041496,Jonah Coleman,RB,DEN,RES,"https://static.www.nfl.com/image/upload/f_auto,q_auto/league/qbauucaxakkhtxihuvmr"
00-0041503,Nate Boerkircher,TE,JAX,ACT,"https://static.www.nfl.com/image/upload/f_auto,q_auto/league/bxglkvzpx2y40u25xaso"
00-0041510,Max Klare,TE,LA,ACT,
00-0041511,Omar Cooper Jr.,WR,NYJ,RES,"https://static.www.nfl.com/image/upload/f_auto,q_auto/league/lmua2lbg0m77ibvydvaq"
00-0041512,Jadarian Price,RB,SEA,ACT,"https://static.www.nfl.com/image/upload/f_auto,q_auto/league/toy90i08oumgbdlvctja"
00-0041523,Caleb Douglas,WR,MIA,INA,"https://static.www.nfl.com/image/upload/f_auto,q_auto/league/stwypvmutplwvi1zzbmu"
00-0041524,Will Kacmarek,TE,MIA,ACT,"https://static.www.nfl.com/image/upload/f_auto,q_auto/league/erqascuieblamkhf2vbs"
00-0041525,Chris Bell,WR,MIA,ACT,"https://static.www.nfl.com/image/upload/f_auto,q_auto/league/zgbku18zemqyryvyahd4"
00-0041529,Kevin Coleman Jr.,WR,MIA,ACT,"https://static.www.nfl.com/image/upload/f_auto,q_auto/league/nqqd4zjnxephjb4qziww"
00-0041535,Louis Hansen,TE,HOU,CUT,"https://static.www.nfl.com/image/upload/f_auto,q_auto/league/epg5liuuraoragcupwgi"
00-0041542,Malick Meiga,WR,SEA,EXE,"https://static.www.nfl.com/image/upload/f_auto,q_auto/league/apgmlcxyj2cngrcwkbno"
00-0041547,KC Concepcion,WR,CLE,ACT,"https://static.www.nfl.com/image/upload/f_auto,q_auto/league/ztdyzyngqr1pexyghlt3"
00-0041550,Brenen Thompson,WR,LAC,INA,"https://static.www.nfl.com/image/upload/f_auto,q_auto/league/khlvgjk60vz6ghkwpmak"
00-0041558,Sam Roush,TE,CHI,ACT,"https://static.www.nfl.com/image/upload/f_auto,q_auto/league/jqkmmguw4934lyjgvuip"
00-0041561,Carson Beck,QB,ARI,INA,"https://static.www.nfl.com/image/upload/f_auto,q_auto/league/yvybqpgnezk75h9rpobv"
00-0041562,Fernando Mendoza,QB,LV,ACT,"https://static.www.nfl.com/image/upload/f_auto,q_auto/league/umygvel2pumkyvxt3jm9"
00-0041565,Drew Allar,QB,PIT,INA,"https://static.www.nfl.com/image/upload/f_auto,q_auto/league/sphuqnfrtzwsgeugeycz"
00-0041566,Jeremiah Franklin,TE,MIA,CUT,
00-0041568,Ty Simpson,QB,LA,INA,"https://static.www.nfl.com/image/upload/f_auto,q_auto/league/lbvqgmsidrpxh1jyyey6"
00-0041570,Tyler Moore,TE,IND,CUT,
00-0041571,Liam Clifford,WR,LAC,CUT,
00-0041572,Roydell Williams,RB,DET,CUT,
00-0041575,Jeff Weimer,WR,KC,CUT,
00-0041576,Drew Biber,TE,CLE,CUT,
00-0041577,Connor Hulstein,TE,NYJ,RES,
00-0041579,Seydou Traore,TE,MIA,ACT,"https://static.www.nfl.com/image/upload/f_auto,q_auto/league/kzpmm2zoctywb276zqt4"
00-0041582,Kansei Matsuzawa,K,LV,DEV,"https://static.www.nfl.com/image/upload/f_auto,q_auto/league/juovdeicuriiauham1my"
00-0041585,Grant Finley,RB,NYG,DEV,
00-0041588,Justin Jones,RB,SEA,CUT,
00-0041595,Barika Kpeenu,RB,TB,CUT,
00-0041598,Alex Tecza,RB,PIT,CUT,
00-0041599,Matthew Henry,WR,TB,CUT,
