game_id,player_id,season,week,opponent_team,completions,attempts,passing_yards,passing_tds,carries,rushing_yards,rushing_tds,receptions,targets,receiving_yards,receiving_tds,interceptions,fumbles_lost
2026_01_ATL_PIT,00-0023459,2026,1,ATL,24,40,221,1,3,-3,0,0,0,0,0,0,0
2026_01_ATL_PIT,00-0025565,2026,1,PIT,0,0,0,0,0,0,0,0,0,0,0,0,0
2026_01_BAL_IND,00-0026190,2026,1,IND,0,0,0,0,0,0,0,0,0,0,0,0,0
2026_01_SF_LA,00-0026498,2026,1,SF,15,25,155,0,2,-1,0,0,0,0,0,1,0
2026_01_ATL_PIT,00-0027969,2026,1,ATL,0,0,0,0,0,0,0,0,0,0,0,0,0
2026_01_MIA_LV,00-0029604,2026,1,MIA,21,30,160,3,5,-6,0,0,0,0,0,2,0
2026_01_GB_MIN,00-0029606,2026,1,GB,0,0,0,0,0,0,0,0,0,0,0,0,0
2026_01_NYJ_TEN,00-0029607,2026,1,TEN,0,0,0,0,0,0,0,0,0,0,0,0,0
2026_01_DAL_NYG,00-0029692,2026,1,NYG,0,0,0,0,0,0,0,0,0,0,0,0,0
2026_01_GB_MIN,00-0029714,2026,1,GB,0,0,0,0,0,0,0,0,0,0,0,0,0
2026_01_CHI_CAR,00-0030092,2026,1,CHI,0,0,0,0,0,0,0,0,0,0,0,0,0
2026_01_WAS_PHI,00-0030140,2026,1,PHI,0,0,0,0,0,0,0,0,0,0,0,0,0
2026_01_BAL_IND,00-0030279,2026,1,BAL,0,0,0,0,0,0,0,6,6,32,0,0,0
2026_01_ARI_LAC,00-0030294,2026,1,ARI,0,0,0,0,0,0,0,0,0,0,0,0,0
2026_01_DEN_KC,00-0030506,2026,1,DEN,0,0,0,0,0,0,0,3,5,71,0,0,0
2026_01_NYJ_TEN,00-0030565,2026,1,TEN,19,24,215,0,6,7,0,0,0,0,0,0,0
2026_01_ARI_LAC,00-0031040,2026,1,ARI,0,0,0,0,0,0,0,0,0,0,0,0,0
2026_01_ATL_PIT,00-0031136,2026,1,ATL,0,0,0,0,0,0,0,0,0,0,0,0,0
2026_01_CHI_CAR,00-0031203,2026,1,CAR,0,0,0,0,0,0,0,0,0,0,0,0,0
2026_01_ATL_PIT,00-0031279,2026,1,PIT,0,0,0,0,0,0,0,0,0,0,0,0,0
2026_01_NE_SEA,00-0031330,2026,1,SEA,0,0,0,0,0,0,0,0,0,0,0,0,0
2026_01_GB_MIN,00-0031360,2026,1,GB,0,0,0,0,0,0,0,0,0,0,0,0,0
2026_01_BUF_HOU,00-0031364,2026,1,BUF,0,0,0,0,0,0,0,0,0,0,0,0,0
2026_01_SF_LA,00-0031381,2026,1,SF,0,0,0,0,0,0,0,3,6,26,0,0,0
2026_01_SF_LA,00-0031408,2026,1,LA,0,0,0,0,0,0,0,6,7,49,1,0,0
2026_01_NE_SEA,00-0031411,2026,1,NE,0,0,0,0,0,0,0,0,0,0,0,0,0
2026_01_NE_SEA,00-0031492,2026,1,NE,0,0,0,0,0,0,0,0,0,0,0,0,0
2026_01_BUF_HOU,00-0031565,2026,1,BUF,0,0,0,0,0,0,0,0,0,0,0,0,0
2026_01_ATL_PIT,00-0031576,2026,1,PIT,0,0,0,0,0,0,0,0,0,0,0,0,0
2026_01_CHI_CAR,00-0031583,2026,1,CAR,0,0,0,0,0,0,0,0,0,0,0,0,0
2026_01_WAS_PHI,00-0031588,2026,1,PHI,0,0,0,0,0,0,0,4,9,55,1,0,0
2026_01_CHI_CAR,00-0031610,2026,1,CHI,0,0,0,0,0,0,0,2,2,28,0,0,0
2026_01_DEN_KC,00-0031898,2026,1,KC,0,0,0,0,0,0,0,0,0,0,0,0,0
2026_01_NE_SEA,00-0031933,2026,1,NE,0,0,0,0,0,0,0,0,0,0,0,0,0
2026_01_TB_CIN,00-0031957,2026,1,CIN,0,0,0,0,0,0,0,0,0,0,0,0,0
2026_01_MIA_LV,00-0032065,2026,1,LV,0,0,0,0,0,0,0,0,0,0,0,0,0
2026_01_BUF_HOU,00-0032071,2026,1,BUF,0,0,0,0,0,0,0,0,0,0,0,0,0
2026_01_CLE_JAX,00-0032104,2026,1,CLE,0,0,0,0,4,32,0,1,1,0,0,0,0
2026_01_ARI_LAC,00-0032146,2026,1,ARI,0,0,0,0,0,0,0,0,0,0,0,0,0
2026_01_CLE_JAX,00-0032164,2026,1,CLE,0,0,0,0,0,0,0,0,0,0,0,0,0
2026_01_BUF_HOU,00-0032265,2026,1,BUF,0,0,0,0,0,0,0,0,0,0,0,0,0
2026_01_BAL_IND,00-0032378,2026,1,BAL,0,0,0,0,0,0,0,0,0,0,0,0,0
2026_01_NE_SEA,00-0032387,2026,1,NE,0,0,0,0,0,0,0,0,0,0,0,0,0
2026_01_BAL_IND,00-0032398,2026,1,IND,0,0,0,0,0,0,0,1,2,53,0,0,0
2026_01_DAL_NYG,00-0032424,2026,1,DAL,0,0,0,0,0,0,0,0,0,0,0,0,0
2026_01_CHI_CAR,00-0032464,2026,1,CAR,0,0,0,0,0,0,0,8,9,84,0,0,0
2026_01_DEN_KC,00-0032569,2026,1,KC,0,0,0,0,0,0,0,0,0,0,0,0,0
2026_01_SF_LA,00-0032701,2026,1,LA,0,0,0,0,0,0,0,1,1,2,0,0,0
2026_01_BUF_HOU,00-0032726,2026,1,BUF,0,0,0,0,0,0,0,0,0,0,0,0,0
2026_01_BAL_IND,00-0032753,2026,1,BAL,0,0,0,0,0,0,0,0,0,0,0,0,0
2026_01_BUF_HOU,00-0032759,2026,1,BUF,0,0,0,0,0,0,0,0,0,0,0,0,0
2026_01_DEN_KC,00-0032762,2026,1,DEN,0,0,0,0,0,0,0,0,0,0,0,0,0
2026_01_BAL_IND,00-0032764,2026,1,IND,0,0,0,0,24,144,3,1,1,19,0,0,0
2026_01_SF_LA,00-0032775,2026,1,LA,0,0,0,0,0,0,0,2,3,50,1,0,0
2026_01_TB_CIN,00-0032889,2026,1,CIN,0,0,0,0,0,0,0,0,0,0,0,0,0
2026_01_GB_MIN,00-0032950,2026,1,GB,12,19,133,3,5,-1,0,0,0,0,0,0,0
2026_01_BAL_IND,00-0032951,2026,1,BAL,0,0,0,0,0,0,0,0,1,0,0,0,0
2026_01_BAL_IND,00-0032965,2026,1,IND,0,0,0,0,0,0,0,0,0,0,0,0,0
2026_01_CLE_JAX,00-0033038,2026,1,CLE,0,0,0,0,0,0,0,0,0,0,0,0,0
2026_01_NYJ_TEN,00-0033051,2026,1,TEN,0,0,0,0,0,0,0,0,0,0,0,0,0
2026_01_ATL_PIT,00-0033055,2026,1,ATL,0,0,0,0,0,0,0,0,0,0,0,0,0
2026_01_DAL_NYG,00-0033077,2026,1,NYG,22,34,175,2,2,14,0,0,0,0,0,1,0
2026_01_NE_SEA,00-0033090,2026,1,SEA,0,0,0,0,0,0,0,3,3,26,0,0,0
2026_01_DAL_NYG,00-0033093,2026,1,NYG,0,0,0,0,0,0,0,0,0,0,0,0,0
2026_01_NO_DET,00-0033106,2026,1,NO,26,39,206,2,2,2,0,0,0,0,0,0,0
2026_01_GB_MIN,00-0033109,2026,1,MIN,0,0,0,0,0,0,0,0,0,0,0,0,0
2026_01_SF_LA,00-0033110,2026,1,SF,0,0,0,0,0,0,0,2,2,12,0,0,1
2026_01_ARI_LAC,00-0033119,2026,1,LAC,27,37,277,1,6,14,0,0,0,0,0,0,0
2026_01_DAL_NYG,00-0033120,2026,1,NYG,0,0,0,0,0,0,0,0,0,0,0,0,0
2026_01_CLE_JAX,00-0033131,2026,1,JAX,0,0,0,0,0,0,0,0,0,0,0,0,0
2026_01_NE_SEA,00-0033132,2026,1,SEA,0,0,0,0,0,0,0,0,0,0,0,0,0
2026_01_BAL_IND,00-0033269,2026,1,BAL,0,0,0,0,0,0,0,0,0,0,0,0,0
2026_01_SF_LA,00-0033280,2026,1,LA,0,0,0,0,10,68,0,5,8,20,0,0,0
2026_01_BAL_IND,00-0033281,2026,1,IND,0,0,0,0,0,0,0,0,0,0,0,0,0
2026_01_SF_LA,00-0033288,2026,1,LA,0,0,0,0,0,0,0,2,5,12,0,0,0
2026_01_DAL_NYG,00-0033290,2026,1,DAL,0,0,0,0,0,0,0,0,0,0,0,0,0
2026_01_GB_MIN,00-0033293,2026,1,GB,0,0,0,0,12,40,1,0,1,0,0,0,0
2026_01_NO_DET,00-0033294,2026,1,NO,0,0,0,0,0,0,0,0,0,0,0,0,0
2026_01_DEN_KC,00-0033297,2026,1,KC,0,0,0,0,0,0,0,0,0,0,0,0,0
2026_01_DEN_KC,00-0033303,2026,1,DEN,0,0,0,0,0,0,0,0,0,0,0,0,0
2026_01_ARI_LAC,00-0033307,2026,1,LAC,0,0,0,0,0,0,0,8,8,75,0,0,0
2026_01_CLE_JAX,00-0033319,2026,1,CLE,0,0,0,0,3,-3,0,0,0,0,0,0,0
2026_01_GB_MIN,00-0033336,2026,1,GB,0,0,0,0,0,0,0,0,0,0,0,0,0
2026_01_DAL_NYG,00-0033376,2026,1,DAL,0,0,0,0,0,0,0,0,1,0,0,0,0
2026_01_MIA_LV,00-0033381,2026,1,MIA,0,0,0,0,0,0,0,0,0,0,0,0,0
2026_01_TB_CIN,00-0033523,2026,1,TB,0,0,0,0,0,0,0,0,0,0,0,0,0
2026_01_TB_CIN,00-0033526,2026,1,TB,0,0,0,0,5,20,0,3,3,30,0,0,0
2026_01_CLE_JAX,00-0033537,2026,1,JAX,16,22,205,1,6,38,0,0,0,0,0,1,0
2026_01_ARI_LAC,00-0033546,2026,1,ARI,0,0,0,0,0,0,0,0,0,0,0,0,0
2026_01_WAS_PHI,00-0033551,2026,1,PHI,0,0,0,0,0,0,0,0,0,0,0,0,0
2026_01_NE_SEA,00-0033555,2026,1,SEA,0,0,0,0,0,0,0,4,5,51,0,0,0
2026_01_NE_SEA,00-0033576,2026,1,NE,0,0,0,0,0,0,0,0,0,0,0,0,0
2026_01_ATL_PIT,00-0033662,2026,1,PIT,12,22,143,1,0,0,0,0,0,0,0,2,0
2026_01_ARI_LAC,00-0033676,2026,1,LAC,0,0,0,0,0,0,0,0,0,0,0,0,0
2026_01_ATL_PIT,00-0033729,2026,1,ATL,0,1,0,0,0,0,0,0,0,0,0,0,0
2026_01_WAS_PHI,00-0033787,2026,1,WAS,0,0,0,0,0,0,0,0,0,0,0,0,0
2026_01_GB_MIN,00-0033858,2026,1,MIN,0,0,0,0,0,0,0,2,3,50,0,0,0
2026_01_NO_DET,00-0033860,2026,1,DET,0,0,0,0,0,0,0,0,0,0,0,0,0
2026_01_DEN_KC,00-0033873,2026,1,DEN,15,27,184,2,7,23,1,0,0,0,0,1,0
2026_01_DAL_NYG,00-0033877,2026,1,NYG,0,0,0,0,0,0,0,0,0,0,0,0,0
2026_01_DEN_KC,00-0033881,2026,1,KC,0,0,0,0,0,0,0,4,5,43,1,0,0
2026_01_ARI_LAC,00-0033885,2026,1,ARI,0,0,0,0,0,0,0,5,5,58,0,0,0
2026_01_ATL_PIT,00-0033886,2026,1,ATL,0,0,0,0,0,0,0,0,0,0,0,0,0
2026_01_ARI_LAC,00-0033890,2026,1,LAC,0,0,0,0,0,0,0,0,0,0,0,0,0
2026_01_NE_SEA,00-0033908,2026,1,NE,0,0,0,0,0,0,0,2,3,35,0,0,0
2026_01_TB_CIN,00-0033914,2026,1,CIN,0,0,0,0,0,0,0,0,0,0,0,0,0
2026_01_TB_CIN,00-0033921,2026,1,CIN,0,0,0,0,1,3,0,4,4,40,0,0,0
2026_01_CLE_JAX,00-0033928,2026,1,CLE,0,0,0,0,0,0,0,0,0,0,0,0,0
2026_01_BAL_IND,00-0033935,2026,1,IND,0,0,0,0,0,0,0,0,0,0,0,0,0
2026_01_ATL_PIT,00-0033941,2026,1,ATL,0,0,0,0,0,0,0,0,0,0,0,0,0
2026_01_ATL_PIT,00-0033945,2026,1,PIT,0,0,0,0,0,0,0,0,0,0,0,0,0
2026_01_BAL_IND,00-0033952,2026,1,BAL,0,0,0,0,0,0,0,0,0,0,0,0,0
2026_01_TB_CIN,00-0033964,2026,1,CIN,0,0,0,0,0,0,0,0,0,0,0,0,0
2026_01_BUF_HOU,00-0034091,2026,1,BUF,0,0,0,0,0,0,0,0,0,0,0,0,0
2026_01_GB_MIN,00-0034158,2026,1,GB,0,0,0,0,0,0,0,0,0,0,0,0,0
2026_01_NE_SEA,00-0034160,2026,1,NE,0,0,0,0,0,0,0,0,0,0,0,0,0
2026_01_NO_DET,00-0034161,2026,1,DET,0,0,0,0,0,0,0,0,0,0,0,0,0
2026_01_ARI_LAC,00-0034162,2026,1,ARI,0,0,0,0,0,0,0,0,0,0,0,0,0
2026_01_NYJ_TEN,00-0034163,2026,1,NYJ,0,0,0,0,0,0,0,0,0,0,0,0,0
2026_01_SF_LA,00-0034173,2026,1,LA,0,0,0,0,0,0,0,0,0,0,0,0,0
2026_01_DAL_NYG,00-0034248,2026,1,DAL,0,0,0,0,0,0,0,0,0,0,0,0,0
2026_01_MIA_LV,00-0034275,2026,1,MIA,0,0,0,0,0,0,0,0,0,0,0,0,0
2026_01_BUF_HOU,00-0034278,2026,1,BUF,0,0,0,0,0,0,0,0,0,0,0,0,0
2026_01_MIA_LV,00-0034285,2026,1,LV,0,0,0,0,0,0,0,0,0,0,0,0,0
2026_01_WAS_PHI,00-0034302,2026,1,PHI,0,0,0,0,0,0,0,0,0,0,0,0,0
2026_01_CHI_CAR,00-0034320,2026,1,CAR,0,0,0,0,0,0,0,0,0,0,0,0,0
2026_01_WAS_PHI,00-0034333,2026,1,PHI,0,0,0,0,0,0,0,0,0,0,0,0,0
2026_01_DEN_KC,00-0034348,2026,1,KC,0,0,0,0,0,0,0,2,5,11,0,0,0
2026_01_NE_SEA,00-0034350,2026,1,NE,0,0,0,0,0,0,0,0,0,0,0,0,0
2026_01_WAS_PHI,00-0034351,2026,1,WAS,0,0,0,0,0,0,0,4,5,77,2,0,0
2026_01_ARI_LAC,00-0034356,2026,1,ARI,0,0,0,0,0,0,0,0,0,0,0,0,0
2026_01_NO_DET,00-0034361,2026,1,DET,0,0,0,0,0,0,0,0,0,0,0,0,0
2026_01_MIA_LV,00-0034376,2026,1,MIA,0,0,0,0,0,0,0,0,0,0,0,0,0
2026_01_NO_DET,00-0034377,2026,1,NO,0,0,0,0,0,0,0,0,0,0,0,0,0
2026_01_ARI_LAC,00-0034381,2026,1,LAC,0,0,0,0,0,0,0,0,0,0,0,0,0
2026_01_BUF_HOU,00-0034383,2026,1,BUF,0,0,0,0,0,0,0,4,8,35,0,0,0
2026_01_NO_DET,00-0034384,2026,1,NO,0,0,0,0,0,0,0,0,0,0,0,0,0
2026_01_SF_LA,00-0034391,2026,1,LA,0,0,0,0,0,0,0,0,0,0,0,0,0
2026_01_WAS_PHI,00-0034397,2026,1,PHI,0,0,0,0,0,0,0,0,0,0,0,0,0
2026_01_CLE_JAX,00-0034413,2026,1,CLE,0,0,0,0,0,0,0,0,0,0,0,0,0
2026_01_DAL_NYG,00-0034419,2026,1,DAL,0,0,0,0,0,0,0,0,0,0,0,0,0
2026_01_WAS_PHI,00-0034429,2026,1,WAS,0,0,0,0,0,0,0,0,0,0,0,0,0
2026_01_GB_MIN,00-0034431,2026,1,MIN,0,0,0,0,0,0,0,0,0,0,0,0,0
2026_01_CLE_JAX,00-0034437,2026,1,CLE,0,0,0,0,0,0,0,0,0,0,0,0,0
2026_01_TB_CIN,00-0034446,2026,1,TB,0,0,0,0,0,0,0,0,0,0,0,0,0
2026_01_WAS_PHI,00-0034465,2026,1,PHI,0,0,0,0,0,0,0,0,0,0,0,0,0
2026_01_CLE_JAX,00-0034473,2026,1,CLE,0,0,0,0,0,0,0,0,0,0,0,0,0
2026_01_BAL_IND,00-0034485,2026,1,BAL,0,0,0,0,0,0,0,0,0,0,0,0,0
2026_01_BAL_IND,00-0034573,2026,1,BAL,0,0,0,0,0,0,0,0,0,0,0,0,0
2026_01_TB_CIN,00-0034613,2026,1,TB,0,0,0,0,0,0,0,1,1,4,0,0,0
2026_01_ATL_PIT,00-0034639,2026,1,PIT,0,0,0,0,0,0,0,0,0,0,0,0,0
2026_01_CLE_JAX,00-0034657,2026,1,CLE,0,0,0,0,0,0,0,0,0,0,0,0,0
2026_01_DAL_NYG,00-0034673,2026,1,DAL,0,0,0,0,0,0,0,0,0,0,0,0,0
2026_01_ATL_PIT,00-0034675,2026,1,PIT,0,0,0,0,0,0,0,0,0,0,0,0,0
2026_01_NE_SEA,00-0034720,2026,1,SEA,0,0,0,0,0,0,0,0,0,0,0,0,0
2026_01_CLE_JAX,00-0034721,2026,1,JAX,0,0,0,0,0,0,0,0,0,0,0,0,0
2026_01_BAL_IND,00-0034753,2026,1,IND,0,0,0,0,0,0,0,4,6,49,0,0,0
2026_01_TB_CIN,00-0034754,2026,1,TB,0,0,0,0,0,0,0,0,0,0,0,0,0
2026_01_NO_DET,00-0034760,2026,1,DET,0,0,0,0,0,0,0,0,0,0,0,0,0
2026_01_TB_CIN,00-0034773,2026,1,CIN,0,0,0,0,0,0,0,0,0,0,0,0,0
2026_01_NE_SEA,00-0034778,2026,1,SEA,0,0,0,0,0,0,0,0,0,0,0,0,0
2026_01_NYJ_TEN,00-0034782,2026,1,TEN,0,0,0,0,0,0,0,0,0,0,0,0,0
2026_01_ARI_LAC,00-0034790,2026,1,ARI,0,0,0,0,0,0,0,0,0,0,0,0,0
2026_01_NYJ_TEN,00-0034794,2026,1,TEN,0,0,0,0,0,0,0,0,0,0,0,0,0
2026_01_BAL_IND,00-0034796,2026,1,IND,17,25,324,1,7,40,1,0,0,0,0,0,1
2026_01_BAL_IND,00-0034798,2026,1,IND,0,0,0,0,0,0,0,1,1,4,0,0,0
2026_01_TB_CIN,00-0034800,2026,1,TB,0,0,0,0,0,0,0,0,0,0,0,0,0
2026_01_ATL_PIT,00-0034801,2026,1,PIT,0,0,0,0,0,0,0,0,0,0,0,0,0
2026_01_NYJ_TEN,00-0034805,2026,1,NYJ,0,0,0,0,0,0,0,0,0,0,0,0,0
2026_01_SF_LA,00-0034807,2026,1,LA,0,0,0,0,0,0,0,0,0,0,0,0,0
2026_01_ATL_PIT,00-0034810,2026,1,ATL,0,0,0,0,0,0,0,0,0,0,0,0,0
2026_01_SF_LA,00-0034815,2026,1,LA,0,0,0,0,0,0,0,0,0,0,0,0,0
2026_01_BAL_IND,00-0034825,2026,1,BAL,0,0,0,0,0,0,0,0,0,0,0,0,0
2026_01_BUF_HOU,00-0034827,2026,1,HOU,0,0,0,0,0,0,0,5,8,100,1,0,0
2026_01_TB_CIN,00-0034829,2026,1,TB,0,0,0,0,0,0,0,5,7,78,1,0,0
2026_01_BUF_HOU,00-0034832,2026,1,HOU,0,0,0,0,0,0,0,0,0,0,0,0,0
2026_01_ATL_PIT,00-0034843,2026,1,PIT,0,0,0,0,0,0,0,0,0,0,0,0,0
2026_01_WAS_PHI,00-0034844,2026,1,WAS,0,0,0,0,15,83,0,1,2,-3,0,0,0
2026_01_SF_LA,00-0034854,2026,1,LA,0,0,0,0,0,0,0,0,0,0,0,0,0
2026_01_TB_CIN,00-0034855,2026,1,CIN,23,28,216,0,5,30,1,0,0,0,0,0,3
2026_01_CLE_JAX,00-0034856,2026,1,JAX,0,0,0,0,0,0,0,0,0,0,0,0,0
2026_01_BUF_HOU,00-0034857,2026,1,HOU,20,29,334,2,6,23,2,0,0,0,0,0,0
2026_01_NE_SEA,00-0034869,2026,1,NE,1,2,13,0,0,0,0,0,0,0,0,0,0
2026_01_BAL_IND,00-0034874,2026,1,IND,0,0,0,0,0,0,0,0,0,0,0,0,0
2026_01_NE_SEA,00-0034941,2026,1,SEA,0,0,0,0,0,0,0,0,0,0,0,0,0
2026_01_CLE_JAX,00-0034960,2026,1,CLE,0,0,0,0,1,2,0,2,2,40,1,0,0
2026_01_DAL_NYG,00-0034967,2026,1,NYG,0,0,0,0,0,0,0,0,0,0,0,0,0
2026_01_MIA_LV,00-0034973,2026,1,MIA,0,0,0,0,0,0,0,0,0,0,0,0,0
2026_01_NE_SEA,00-0034974,2026,1,NE,0,0,0,0,0,0,0,0,0,0,0,0,0
2026_01_BAL_IND,00-0034975,2026,1,IND,0,0,0,0,6,18,0,1,1,10,0,0,0
2026_01_BUF_HOU,00-0034981,2026,1,BUF,0,0,0,0,0,0,0,2,2,15,0,0,0
2026_01_SF_LA,00-0034982,2026,1,LA,0,0,0,0,0,0,0,0,0,0,0,0,0
2026_01_WAS_PHI,00-0034993,2026,1,WAS,0,0,0,0,0,0,0,0,0,0,0,0,0
2026_01_BAL_IND,00-0035021,2026,1,BAL,0,0,0,0,0,0,0,0,1,0,0,0,0
2026_01_ARI_LAC,00-0035125,2026,1,ARI,0,0,0,0,0,0,0,0,0,0,0,0,0
2026_01_GB_MIN,00-0035133,2026,1,MIN,0,0,0,0,0,0,0,0,0,0,0,0,0
2026_01_ARI_LAC,00-0035144,2026,1,LAC,0,0,0,0,0,0,0,0,0,0,0,0,0
2026_01_NO_DET,00-0035156,2026,1,NO,0,0,0,0,0,0,0,0,0,0,0,0,0
2026_01_BUF_HOU,00-0035166,2026,1,BUF,0,0,0,0,0,0,0,0,0,0,0,0,0
2026_01_MIA_LV,00-0035190,2026,1,MIA,0,0,0,0,0,0,0,0,0,0,0,0,0
2026_01_NYJ_TEN,00-0035192,2026,1,NYJ,0,0,0,0,0,0,0,0,0,0,0,0,0
2026_01_ARI_LAC,00-0035202,2026,1,ARI,0,0,0,0,0,0,0,0,0,0,0,0,0
2026_01_ATL_PIT,00-0035208,2026,1,PIT,0,0,0,0,0,0,0,1,1,5,0,0,0
2026_01_DAL_NYG,00-0035227,2026,1,NYG,0,0,0,0,0,0,0,0,0,0,0,0,0
2026_01_GB_MIN,00-0035228,2026,1,GB,3,5,18,0,2,9,0,0,0,0,0,1,0
2026_01_GB_MIN,00-0035229,2026,1,GB,0,0,0,0,0,0,0,4,5,36,1,0,0
2026_01_BUF_HOU,00-0035230,2026,1,HOU,0,0,0,0,0,0,0,0,0,0,0,0,0
2026_01_CLE_JAX,00-0035234,2026,1,JAX,0,0,0,0,0,0,0,0,0,0,0,0,0
2026_01_GB_MIN,00-0035236,2026,1,GB,0,0,0,0,0,0,0,0,0,0,0,0,0
2026_01_CLE_JAX,00-0035240,2026,1,CLE,0,0,0,0,0,0,0,0,0,0,0,0,0
2026_01_DEN_KC,00-0035248,2026,1,KC,0,0,0,0,0,0,0,0,0,0,0,0,0
2026_01_GB_MIN,00-0035249,2026,1,GB,0,0,0,0,0,0,0,2,4,22,0,0,0
2026_01_DAL_NYG,00-0035250,2026,1,DAL,0,0,0,0,6,16,0,4,4,22,1,0,0
2026_01_BUF_HOU,00-0035253,2026,1,HOU,0,0,0,0,0,0,0,0,0,0,0,0,0
2026_01_TB_CIN,00-0035254,2026,1,CIN,0,0,0,0,0,0,0,0,0,0,0,0,0
2026_01_ARI_LAC,00-0035258,2026,1,LAC,0,0,0,0,0,0,0,0,0,0,0,0,0
2026_01_NYJ_TEN,00-0035261,2026,1,NYJ,0,0,0,0,7,35,0,1,2,-1,0,0,0
2026_01_DEN_KC,00-0035262,2026,1,DEN,0,0,0,0,0,0,0,0,0,0,0,0,0
2026_01_MIA_LV,00-0035269,2026,1,MIA,0,0,0,0,0,0,0,0,0,0,0,0,0
2026_01_GB_MIN,00-0035272,2026,1,GB,0,0,0,0,0,0,0,0,0,0,0,0,0
2026_01_GB_MIN,00-0035276,2026,1,GB,0,0,0,0,0,0,0,0,0,0,0,0,0
2026_01_CHI_CAR,00-0035277,2026,1,CHI,0,0,0,0,0,0,0,0,0,0,0,0,0
2026_01_WAS_PHI,00-0035279,2026,1,PHI,0,0,0,0,0,0,0,0,0,0,0,0,0
2026_01_ATL_PIT,00-0035280,2026,1,PIT,0,0,0,0,0,0,0,0,0,0,0,0,0
2026_01_ATL_PIT,00-0035286,2026,1,ATL,0,0,0,0,0,0,0,0,0,0,0,0,0
2026_01_NO_DET,00-0035316,2026,1,DET,0,0,0,0,0,0,0,0,0,0,0,0,0
2026_01_CHI_CAR,00-0035357,2026,1,CAR,0,0,0,0,0,0,0,0,0,0,0,0,0
2026_01_TB_CIN,00-0035358,2026,1,CIN,0,0,0,0,0,0,0,0,0,0,0,0,0
2026_01_TB_CIN,00-0035363,2026,1,TB,0,0,0,0,0,0,0,0,0,0,0,0,0
2026_01_ARI_LAC,00-0035378,2026,1,LAC,0,0,0,0,0,0,0,0,0,0,0,0,0
2026_01_CHI_CAR,00-0035386,2026,1,CAR,0,0,0,0,0,0,0,0,0,0,0,0,0
2026_01_NO_DET,00-0035402,2026,1,DET,0,0,0,0,0,0,0,0,0,0,0,0,0
2026_01_WAS_PHI,00-0035409,2026,1,PHI,0,0,0,0,0,0,0,0,0,0,0,0,0
2026_01_BUF_HOU,00-0035500,2026,1,HOU,0,0,0,0,0,0,0,0,0,0,0,0,0
2026_01_CHI_CAR,00-0035525,2026,1,CAR,0,0,0,0,0,0,0,0,0,0,0,0,0
2026_01_CLE_JAX,00-0035526,2026,1,JAX,0,0,0,0,0,0,0,0,0,0,0,0,0
2026_01_NO_DET,00-0035544,2026,1,NO,0,0,0,0,0,0,0,0,0,0,0,0,0
2026_01_CHI_CAR,00-0035588,2026,1,CAR,0,0,0,0,0,0,0,0,0,0,0,0,0
2026_01_ATL_PIT,00-0035630,2026,1,PIT,0,0,0,0,0,0,0,0,0,0,0,0,0
2026_01_TB_CIN,00-0035631,2026,1,TB,0,0,0,0,0,0,0,3,3,19,0,0,0
2026_01_NYJ_TEN,00-0035632,2026,1,NYJ,0,0,0,0,0,0,0,0,0,0,0,0,0
2026_01_ARI_LAC,00-0035636,2026,1,LAC,0,0,0,0,0,0,0,0,0,0,0,0,0
2026_01_NO_DET,00-0035637,2026,1,NO,0,0,0,0,0,0,0,0,0,0,0,0,0
2026_01_ATL_PIT,00-0035640,2026,1,ATL,0,0,0,0,0,0,0,4,10,40,0,0,0
2026_01_CLE_JAX,00-0035642,2026,1,CLE,0,0,0,0,0,0,0,0,0,0,0,0,0
2026_01_NYJ_TEN,00-0035643,2026,1,NYJ,0,0,0,0,0,0,0,0,0,0,0,0,0
2026_01_NO_DET,00-0035644,2026,1,DET,0,0,0,0,0,0,0,4,8,33,1,0,0
2026_01_CHI_CAR,00-0035647,2026,1,CAR,0,0,0,0,0,0,0,0,0,0,0,0,0
2026_01_WAS_PHI,00-0035659,2026,1,PHI,0,0,0,0,0,0,0,2,4,14,0,0,0
2026_01_BUF_HOU,00-0035667,2026,1,HOU,0,0,0,0,0,0,0,0,0,0,0,0,0
2026_01_CHI_CAR,00-0035669,2026,1,CHI,0,0,0,0,0,0,0,0,0,0,0,0,0
2026_01_NYJ_TEN,00-0035672,2026,1,NYJ,0,0,0,0,0,0,0,0,0,0,0,0,0
2026_01_BAL_IND,00-0035674,2026,1,BAL,0,0,0,0,0,0,0,0,0,0,0,0,0
2026_01_NE_SEA,00-0035676,2026,1,SEA,0,0,0,0,0,0,0,3,4,26,0,0,0
2026_01_NE_SEA,00-0035678,2026,1,SEA,0,0,0,0,0,0,0,0,0,0,0,0,0
2026_01_CLE_JAX,00-0035680,2026,1,JAX,0,0,0,0,0,0,0,0,0,0,0,0,0
2026_01_TB_CIN,00-0035683,2026,1,TB,0,0,0,0,0,0,0,0,0,0,0,0,0
2026_01_BUF_HOU,00-0035685,2026,1,BUF,0,0,0,0,20,60,2,3,3,19,1,0,0
2026_01_CHI_CAR,00-0035687,2026,1,CHI,0,0,0,0,0,0,0,0,0,0,0,0,0
2026_01_BUF_HOU,00-0035689,2026,1,HOU,0,0,0,0,0,0,0,1,1,7,0,0,0
2026_01_MIA_LV,00-0035692,2026,1,LV,0,0,0,0,0,0,0,0,0,0,0,0,0
2026_01_ATL_PIT,00-0035699,2026,1,ATL,0,0,0,0,0,0,0,0,0,0,0,0,0
2026_01_NE_SEA,00-0035704,2026,1,NE,16,22,187,1,2,13,0,0,0,0,0,0,0
2026_01_DAL_NYG,00-0035705,2026,1,NYG,0,0,0,0,0,0,0,0,0,0,0,0,0
2026_01_NO_DET,00-0035707,2026,1,NO,0,0,0,0,0,0,0,0,0,0,0,0,0
2026_01_BAL_IND,00-0035710,2026,1,BAL,19,31,166,1,1,4,0,0,0,0,0,1,0
2026_01_DAL_NYG,00-0035713,2026,1,DAL,0,0,0,0,0,0,0,0,0,0,0,0,0
2026_01_SF_LA,00-0035717,2026,1,LA,0,0,0,0,0,0,0,0,0,0,0,0,0
2026_01_DAL_NYG,00-0035718,2026,1,NYG,0,0,0,0,0,0,0,0,0,0,0,0,0
2026_01_SF_LA,00-0035719,2026,1,LA,0,0,0,0,1,12,0,6,7,48,1,0,0
2026_01_DEN_KC,00-0035763,2026,1,KC,0,0,0,0,0,0,0,0,0,0,0,0,0
2026_01_GB_MIN,00-0035795,2026,1,GB,0,0,0,0,0,0,0,0,0,0,0,0,0
2026_01_SF_LA,00-0035821,2026,1,LA,0,0,0,0,0,0,0,0,0,0,0,0,0
2026_01_CLE_JAX,00-0035827,2026,1,CLE,0,0,0,0,0,0,0,0,0,0,0,0,0
2026_01_ARI_LAC,00-0035859,2026,1,LAC,0,0,0,0,0,0,0,0,0,0,0,0,0
2026_01_NYJ_TEN,00-0035889,2026,1,NYJ,0,0,0,0,0,0,0,0,0,0,0,0,0
2026_01_MIA_LV,00-0035891,2026,1,MIA,0,0,0,0,0,0,0,0,1,0,0,0,0
2026_01_BUF_HOU,00-0035933,2026,1,HOU,0,0,0,0,0,0,0,0,0,0,0,0,0
2026_01_DAL_NYG,00-0036036,2026,1,NYG,0,0,0,0,0,0,0,0,0,0,0,0,0
2026_01_BUF_HOU,00-0036037,2026,1,HOU,0,0,0,0,0,0,0,0,0,0,0,0,0
2026_01_NO_DET,00-0036040,2026,1,DET,0,0,0,0,0,0,0,3,7,54,1,0,0
2026_01_BAL_IND,00-0036081,2026,1,IND,0,0,0,0,0,0,0,0,0,0,0,0,0
2026_01_NO_DET,00-0036124,2026,1,NO,0,0,0,0,0,0,0,0,0,0,0,0,0
2026_01_ATL_PIT,00-0036139,2026,1,ATL,0,0,0,0,8,15,0,2,5,6,0,0,0
2026_01_GB_MIN,00-0036157,2026,1,MIN,0,0,0,0,0,0,0,0,0,0,0,0,0
2026_01_DEN_KC,00-0036158,2026,1,KC,0,0,0,0,8,36,0,0,0,0,0,0,0
2026_01_MIA_LV,00-0036159,2026,1,LV,0,0,0,0,0,0,0,0,0,0,0,0,0
2026_01_BUF_HOU,00-0036162,2026,1,HOU,0,0,0,0,0,0,0,0,0,0,0,0,0
2026_01_MIA_LV,00-0036171,2026,1,LV,0,0,0,0,0,0,0,0,0,0,0,0,0
2026_01_ARI_LAC,00-0036181,2026,1,ARI,0,0,0,0,0,0,0,0,0,0,0,0,0
2026_01_WAS_PHI,00-0036192,2026,1,WAS,0,0,0,0,0,0,0,0,0,0,0,0,0
2026_01_NO_DET,00-0036193,2026,1,DET,0,0,0,0,0,0,0,0,0,0,0,0,0
2026_01_ATL_PIT,00-0036204,2026,1,PIT,0,0,0,0,0,0,0,0,0,0,0,0,0
2026_01_CHI_CAR,00-0036220,2026,1,CHI,0,0,0,0,0,0,0,0,0,0,0,0,0
2026_01_DEN_KC,00-0036221,2026,1,KC,0,0,0,0,0,0,0,0,0,0,0,0,0
2026_01_GB_MIN,00-0036222,2026,1,GB,0,0,0,0,0,0,0,0,0,0,0,0,0
2026_01_BAL_IND,00-0036223,2026,1,BAL,0,0,0,0,19,98,2,3,4,23,0,0,1
2026_01_TB_CIN,00-0036231,2026,1,TB,0,0,0,0,0,0,0,0,0,0,0,0,0
2026_01_SF_LA,00-0036244,2026,1,SF,0,0,0,0,0,0,0,1,2,6,0,0,0
2026_01_DAL_NYG,00-0036246,2026,1,DAL,0,0,0,0,0,0,0,0,0,0,0,0,0
2026_01_MIA_LV,00-0036248,2026,1,LV,0,0,0,0,0,0,0,0,0,0,0,0,0
2026_01_ATL_PIT,00-0036252,2026,1,ATL,0,0,0,0,0,0,0,3,3,58,0,0,0
2026_01_NO_DET,00-0036253,2026,1,DET,0,0,0,0,0,0,0,0,0,0,0,0,0
2026_01_GB_MIN,00-0036259,2026,1,GB,0,0,0,0,0,0,0,0,1,0,0,0,0
2026_01_WAS_PHI,00-0036260,2026,1,PHI,0,0,0,0,0,0,0,0,0,0,0,0,0
2026_01_CLE_JAX,00-0036262,2026,1,CLE,0,0,0,0,0,0,0,0,0,0,0,0,0
2026_01_GB_MIN,00-0036264,2026,1,MIN,21,42,387,2,1,0,0,0,0,0,0,1,1
2026_01_CHI_CAR,00-0036265,2026,1,CHI,0,0,0,0,5,28,0,0,0,0,0,0,0
2026_01_NYJ_TEN,00-0036266,2026,1,NYJ,0,0,0,0,0,0,0,0,0,0,0,0,0
2026_01_NO_DET,00-0036272,2026,1,NO,0,0,0,0,0,0,0,0,0,0,0,0,0
2026_01_CHI_CAR,00-0036275,2026,1,CAR,0,0,0,0,18,124,3,1,1,10,0,0,0
2026_01_DAL_NYG,00-0036280,2026,1,DAL,0,0,0,0,0,0,0,0,0,0,0,0,0
2026_01_ATL_PIT,00-0036281,2026,1,PIT,0,0,0,0,0,0,0,0,0,0,0,0,0
2026_01_CLE_JAX,00-0036282,2026,1,JAX,0,0,0,0,0,0,0,0,0,0,0,0,0
2026_01_ATL_PIT,00-0036285,2026,1,PIT,0,0,0,0,0,0,0,0,0,0,0,0,0
2026_01_WAS_PHI,00-0036286,2026,1,PHI,0,0,0,0,0,0,0,0,0,0,0,0,0
2026_01_CHI_CAR,00-0036290,2026,1,CAR,0,0,0,0,0,0,0,2,3,35,1,0,0
2026_01_CHI_CAR,00-0036292,2026,1,CAR,0,0,0,0,0,0,0,0,0,0,0,0,0
2026_01_MIA_LV,00-0036293,2026,1,MIA,0,0,0,0,0,0,0,0,0,0,0,0,0
2026_01_BAL_IND,00-0036298,2026,1,BAL,0,0,0,0,0,0,0,0,0,0,0,0,0
2026_01_BAL_IND,00-0036302,2026,1,IND,0,0,0,0,0,0,0,0,0,0,0,0,0
2026_01_CHI_CAR,00-0036305,2026,1,CHI,0,0,0,0,0,0,0,0,0,0,0,0,0
2026_01_DAL_NYG,00-0036309,2026,1,DAL,0,0,0,0,0,0,0,2,2,27,0,0,0
2026_01_WAS_PHI,00-0036313,2026,1,WAS,0,0,0,0,0,0,0,0,0,0,0,0,0
2026_01_NO_DET,00-0036321,2026,1,DET,0,0,0,0,0,0,0,0,0,0,0,0,0
2026_01_GB_MIN,00-0036322,2026,1,GB,0,0,0,0,0,0,0,8,9,92,2,0,0
2026_01_ATL_PIT,00-0036323,2026,1,ATL,0,0,0,0,0,0,0,0,0,0,0,0,0
2026_01_CHI_CAR,00-0036325,2026,1,CHI,0,0,0,0,0,0,0,0,0,0,0,0,0
2026_01_SF_LA,00-0036329,2026,1,LA,0,0,0,0,0,0,0,0,0,0,0,0,0
2026_01_ARI_LAC,00-0036331,2026,1,LAC,0,0,0,0,0,0,0,0,0,0,0,0,0
2026_01_ATL_PIT,00-0036333,2026,1,ATL,0,0,0,0,0,0,0,0,0,0,0,0,0
2026_01_NO_DET,00-0036335,2026,1,NO,0,0,0,0,0,0,0,0,0,0,0,0,0
2026_01_CHI_CAR,00-0036337,2026,1,CAR,0,0,0,0,0,0,0,0,0,0,0,0,0
2026_01_ARI_LAC,00-0036338,2026,1,ARI,0,0,0,0,0,0,0,0,0,0,0,0,0
2026_01_SF_LA,00-0036339,2026,1,SF,0,0,0,0,0,0,0,0,0,0,0,0,0
2026_01_SF_LA,00-0036341,2026,1,LA,0,0,0,0,0,0,0,0,0,0,0,0,0
2026_01_GB_MIN,00-0036347,2026,1,GB,0,0,0,0,0,0,0,0,0,0,0,0,0
2026_01_GB_MIN,00-0036348,2026,1,GB,0,0,0,0,0,0,0,0,0,0,0,0,0
2026_01_SF_LA,00-0036349,2026,1,SF,0,0,0,0,0,0,0,0,0,0,0,0,0
2026_01_ARI_LAC,00-0036355,2026,1,ARI,17,27,209,1,5,29,0,0,0,0,0,1,0
2026_01_CHI_CAR,00-0036356,2026,1,CHI,0,0,0,0,0,0,0,0,0,0,0,0,0
2026_01_DAL_NYG,00-0036358,2026,1,NYG,0,0,0,0,1,0,0,5,8,44,1,0,0
2026_01_MIA_LV,00-0036362,2026,1,LV,0,0,0,0,0,0,0,0,0,0,0,0,0
2026_01_CHI_CAR,00-0036366,2026,1,CAR,0,0,0,0,0,0,0,0,0,0,0,0,0
2026_01_DEN_KC,00-0036374,2026,1,DEN,0,0,0,0,0,0,0,0,0,0,0,0,0
2026_01_WAS_PHI,00-0036375,2026,1,PHI,0,0,0,0,0,0,0,0,0,0,0,0,0
2026_01_DEN_KC,00-0036380,2026,1,DEN,0,0,0,0,0,0,0,0,0,0,0,0,0
2026_01_DAL_NYG,00-0036386,2026,1,DAL,0,0,0,0,0,0,0,0,0,0,0,0,0
2026_01_GB_MIN,00-0036388,2026,1,MIN,0,0,0,0,0,0,0,0,0,0,0,0,0
2026_01_WAS_PHI,00-0036389,2026,1,WAS,14,25,203,3,7,46,0,0,0,0,0,0,0
2026_01_TB_CIN,00-0036406,2026,1,CIN,0,0,0,0,0,0,0,0,0,0,0,0,0
2026_01_CLE_JAX,00-0036407,2026,1,JAX,0,0,0,0,0,0,0,2,4,26,0,0,0
2026_01_MIA_LV,00-0036409,2026,1,LV,0,0,0,0,0,0,0,0,0,0,0,0,0
2026_01_TB_CIN,00-0036410,2026,1,TB,0,0,0,0,0,0,0,3,6,59,0,0,0
2026_01_TB_CIN,00-0036411,2026,1,CIN,0,0,0,0,0,0,0,0,0,0,0,0,0
2026_01_DEN_KC,00-0036416,2026,1,DEN,0,0,0,0,0,0,0,0,0,0,0,0,0
2026_01_WAS_PHI,00-0036418,2026,1,WAS,0,0,0,0,0,0,0,0,0,0,0,0,0
2026_01_DEN_KC,00-0036422,2026,1,KC,0,0,0,0,0,0,0,2,3,10,0,0,0
2026_01_GB_MIN,00-0036425,2026,1,GB,0,0,0,0,0,0,0,1,1,1,0,0,0
2026_01_DEN_KC,00-0036428,2026,1,KC,0,0,0,0,0,0,0,0,0,0,0,0,0
2026_01_TB_CIN,00-0036442,2026,1,TB,25,35,254,1,5,20,0,0,0,0,0,1,0
2026_01_CLE_JAX,00-0036443,2026,1,JAX,0,0,0,0,0,0,0,0,0,0,0,0,0
2026_01_ATL_PIT,00-0036463,2026,1,PIT,0,0,0,0,0,0,0,0,0,0,0,0,0
2026_01_MIA_LV,00-0036479,2026,1,MIA,0,0,0,0,0,0,0,0,0,0,0,0,0
2026_01_CHI_CAR,00-0036480,2026,1,CAR,0,0,0,0,0,0,0,0,0,0,0,0,0
2026_01_NYJ_TEN,00-0036500,2026,1,TEN,0,0,0,0,0,0,0,0,0,0,0,0,0
2026_01_WAS_PHI,00-0036501,2026,1,WAS,0,0,0,0,0,0,0,0,0,0,0,0,0
2026_01_BAL_IND,00-0036550,2026,1,IND,0,0,0,0,0,0,0,0,1,0,0,0,0
2026_01_BUF_HOU,00-0036554,2026,1,BUF,0,0,0,0,1,7,0,7,10,75,1,0,0
2026_01_CHI_CAR,00-0036555,2026,1,CHI,0,0,0,0,10,49,1,3,3,38,1,0,0
2026_01_DEN_KC,00-0036557,2026,1,DEN,0,0,0,0,0,0,0,0,0,0,0,0,0
2026_01_SF_LA,00-0036563,2026,1,LA,0,0,0,0,0,0,0,0,0,0,0,0,0
2026_01_DEN_KC,00-0036564,2026,1,KC,0,0,0,0,0,0,0,0,0,0,0,0,0
2026_01_ARI_LAC,00-0036568,2026,1,LAC,0,0,0,0,0,0,0,0,0,0,0,0,0
2026_01_DAL_NYG,00-0036587,2026,1,DAL,0,0,0,0,0,0,0,0,0,0,0,0,0
2026_01_CLE_JAX,00-0036590,2026,1,CLE,0,0,0,0,0,0,0,0,1,0,0,0,0
2026_01_SF_LA,00-0036603,2026,1,SF,0,0,0,0,0,0,0,0,0,0,0,0,0
2026_01_DEN_KC,00-0036613,2026,1,KC,0,0,0,0,0,0,0,1,3,2,0,0,0
2026_01_ATL_PIT,00-0036617,2026,1,ATL,0,0,0,0,0,0,0,0,0,0,0,0,0
2026_01_DEN_KC,00-0036621,2026,1,DEN,0,0,0,0,0,0,0,0,0,0,0,0,0
2026_01_NYJ_TEN,00-0036622,2026,1,TEN,0,0,0,0,0,0,0,0,0,0,0,0,0
2026_01_DEN_KC,00-0036623,2026,1,DEN,0,0,0,0,0,0,0,0,0,0,0,0,0
2026_01_NO_DET,00-0036624,2026,1,NO,0,0,0,0,0,0,0,0,0,0,0,0,0
2026_01_GB_MIN,00-0036625,2026,1,MIN,0,0,0,0,0,0,0,0,0,0,0,0,0
2026_01_WAS_PHI,00-0036626,2026,1,PHI,0,0,0,0,0,0,0,0,2,0,0,0,0
2026_01_WAS_PHI,00-0036628,2026,1,PHI,0,0,0,0,0,0,0,2,3,13,0,0,0
2026_01_BAL_IND,00-0036629,2026,1,BAL,0,0,0,0,0,0,0,0,0,0,0,0,0
2026_01_DEN_KC,00-0036637,2026,1,DEN,0,0,0,0,0,0,0,1,1,5,0,0,0
2026_01_TB_CIN,00-0036642,2026,1,TB,0,0,0,0,0,0,0,0,0,0,0,0,0
2026_01_ARI_LAC,00-0036646,2026,1,LAC,0,0,0,0,0,0,0,0,0,0,0,0,0
2026_01_GB_MIN,00-0036648,2026,1,MIN,0,0,0,0,0,0,0,0,0,0,0,0,0
2026_01_GB_MIN,00-0036658,2026,1,MIN,0,0,0,0,0,0,0,0,0,0,0,0,0
2026_01_DEN_KC,00-0036660,2026,1,DEN,0,0,0,0,0,0,0,0,0,0,0,0,0
2026_01_MIA_LV,00-0036677,2026,1,LV,0,0,0,0,0,0,0,0,0,0,0,0,0
2026_01_MIA_LV,00-0036682,2026,1,LV,0,0,0,0,0,0,0,0,0,0,0,0,0
2026_01_DEN_KC,00-0036683,2026,1,KC,0,0,0,0,0,0,0,0,0,0,0,0,0
2026_01_NO_DET,00-0036754,2026,1,NO,0,0,0,0,0,0,0,1,1,5,0,0,0
2026_01_NE_SEA,00-0036813,2026,1,SEA,0,0,0,0,0,0,0,0,0,0,0,0,0
2026_01_MIA_LV,00-0036816,2026,1,LV,0,0,0,0,0,0,0,0,0,0,0,0,0
2026_01_CHI_CAR,00-0036825,2026,1,CHI,0,0,0,0,0,0,0,0,0,0,0,0,0
2026_01_SF_LA,00-0036844,2026,1,LA,0,0,0,0,0,0,0,0,0,0,0,0,0
2026_01_TB_CIN,00-0036854,2026,1,TB,0,0,0,0,0,0,0,0,0,0,0,0,0
2026_01_NO_DET,00-0036867,2026,1,DET,0,0,0,0,0,0,0,0,0,0,0,0,0
2026_01_DEN_KC,00-0036874,2026,1,KC,0,0,0,0,0,0,0,0,0,0,0,0,0
2026_01_NE_SEA,00-0036875,2026,1,SEA,0,0,0,0,18,51,0,5,6,44,0,0,0
2026_01_NO_DET,00-0036880,2026,1,NO,0,0,0,0,0,0,0,0,0,0,0,0,0
2026_01_BUF_HOU,00-0036883,2026,1,BUF,0,0,0,0,0,0,0,0,0,0,0,0,0
2026_01_SF_LA,00-0036887,2026,1,LA,0,0,0,0,0,0,0,2,2,19,0,0,0
2026_01_BUF_HOU,00-0036888,2026,1,HOU,0,0,0,0,0,0,0,0,0,0,0,0,0
2026_01_ATL_PIT,00-0036894,2026,1,ATL,0,0,0,0,0,0,0,5,5,46,1,0,0
2026_01_TB_CIN,00-0036900,2026,1,TB,0,0,0,0,0,0,0,2,4,12,0,0,0
2026_01_MIA_LV,00-0036901,2026,1,MIA,0,0,0,0,0,0,0,0,0,0,0,0,0
2026_01_CHI_CAR,00-0036903,2026,1,CHI,0,0,0,0,0,0,0,0,0,0,0,0,0
2026_01_DEN_KC,00-0036909,2026,1,DEN,0,0,0,0,0,0,0,0,0,0,0,0,0
2026_01_WAS_PHI,00-0036912,2026,1,WAS,0,0,0,0,0,0,0,3,6,53,0,0,0
2026_01_BUF_HOU,00-0036914,2026,1,HOU,0,0,0,0,0,0,0,0,0,0,0,0,0
2026_01_NE_SEA,00-0036916,2026,1,SEA,0,0,0,0,0,0,0,0,0,0,0,0,0
2026_01_TB_CIN,00-0036919,2026,1,CIN,0,0,0,0,5,15,0,1,1,3,0,0,0
2026_01_MIA_LV,00-0036922,2026,1,MIA,0,0,0,0,0,0,0,0,0,0,0,0,0
2026_01_NO_DET,00-0036927,2026,1,DET,0,0,0,0,0,0,0,0,0,0,0,0,0
2026_01_ARI_LAC,00-0036933,2026,1,LAC,0,0,0,0,0,0,0,0,0,0,0,0,0
2026_01_CHI_CAR,00-0036934,2026,1,CHI,0,0,0,0,0,0,0,0,0,0,0,0,0
2026_01_DAL_NYG,00-0036937,2026,1,DAL,0,0,0,0,0,0,0,0,0,0,0,0,0
2026_01_WAS_PHI,00-0036940,2026,1,PHI,0,0,0,0,0,0,0,0,0,0,0,0,0
2026_01_NYJ_TEN,00-0036941,2026,1,TEN,0,0,0,0,0,0,0,0,0,0,0,0,0
2026_01_SF_LA,00-0036942,2026,1,LA,0,0,0,0,0,0,0,0,0,0,0,0,0
2026_01_DEN_KC,00-0036943,2026,1,KC,0,0,0,0,0,0,0,0,0,0,0,0,0
2026_01_CHI_CAR,00-0036944,2026,1,CHI,0,0,0,0,0,0,0,0,0,0,0,0,0
2026_01_CHI_CAR,00-0036962,2026,1,CHI,0,0,0,0,0,0,0,0,0,0,0,0,0
2026_01_NO_DET,00-0036963,2026,1,NO,0,0,0,0,0,0,0,10,14,67,2,0,0
2026_01_NO_DET,00-0036964,2026,1,NO,0,0,0,0,0,0,0,0,0,0,0,0,0
2026_01_ATL_PIT,00-0036970,2026,1,PIT,0,0,0,0,0,0,0,0,1,0,0,0,0
2026_01_CLE_JAX,00-0036971,2026,1,CLE,18,23,245,4,2,3,0,0,0,0,0,0,0
2026_01_NO_DET,00-0036973,2026,1,DET,0,0,0,0,9,46,0,7,9,32,0,0,0
2026_01_CLE_JAX,00-0036974,2026,1,JAX,0,0,0,0,0,0,0,0,0,0,0,0,0
2026_01_NE_SEA,00-0036979,2026,1,SEA,0,0,0,0,0,0,0,0,0,0,0,0,0
2026_01_NE_SEA,00-0036981,2026,1,SEA,0,0,0,0,0,0,0,0,0,0,0,0,0
2026_01_DAL_NYG,00-0036982,2026,1,DAL,0,0,0,0,0,0,0,0,0,0,0,0,0
2026_01_CLE_JAX,00-0036985,2026,1,CLE,0,0,0,0,0,0,0,0,0,0,0,0,0
2026_01_NYJ_TEN,00-0036986,2026,1,TEN,0,0,0,0,0,0,0,0,0,0,0,0,0
2026_01_BUF_HOU,00-0036988,2026,1,HOU,0,0,0,0,0,0,0,1,2,34,1,0,0
2026_01_MIA_LV,00-0036989,2026,1,MIA,0,0,0,0,0,0,0,0,0,0,0,0,0
2026_01_ATL_PIT,00-0036990,2026,1,PIT,0,0,0,0,0,0,0,0,0,0,0,0,0
2026_01_ARI_LAC,00-0036992,2026,1,ARI,0,0,0,0,0,0,0,0,0,0,0,0,0
2026_01_NE_SEA,00-0036994,2026,1,NE,0,0,0,0,0,0,0,0,0,0,0,0,0
2026_01_DAL_NYG,00-0036996,2026,1,DAL,0,0,0,0,0,0,0,0,0,0,0,0,0
2026_01_DAL_NYG,00-0036997,2026,1,NYG,0,0,0,0,12,41,1,5,5,31,1,0,0
2026_01_DAL_NYG,00-0036998,2026,1,DAL,0,0,0,0,0,0,0,0,0,0,0,0,0
2026_01_WAS_PHI,00-0037002,2026,1,WAS,0,0,0,0,0,0,0,0,0,0,0,0,0
2026_01_NE_SEA,00-0037003,2026,1,NE,0,0,0,0,0,0,0,0,0,0,0,0,0
2026_01_ARI_LAC,00-0037004,2026,1,LAC,0,0,0,0,0,0,0,0,0,0,0,0,0
2026_01_CHI_CAR,00-0037005,2026,1,CHI,0,0,0,0,0,0,0,3,5,25,0,0,0
2026_01_ARI_LAC,00-0037009,2026,1,ARI,0,0,0,0,0,0,0,0,0,0,0,0,0
2026_01_BUF_HOU,00-0037034,2026,1,HOU,0,0,0,0,0,0,0,0,0,0,0,0,0
2026_01_WAS_PHI,00-0037073,2026,1,WAS,0,0,0,0,0,0,0,0,0,0,0,0,0
2026_01_MIA_LV,00-0037074,2026,1,MIA,0,0,0,0,0,0,0,0,0,0,0,0,0
2026_01_GB_MIN,00-0037075,2026,1,MIN,0,0,0,0,0,0,0,0,0,0,0,0,0
2026_01_GB_MIN,00-0037076,2026,1,MIN,0,0,0,0,0,0,0,0,0,0,0,0,0
2026_01_WAS_PHI,00-0037079,2026,1,WAS,0,0,0,0,0,0,0,0,0,0,0,0,0
2026_01_BUF_HOU,00-0037082,2026,1,BUF,0,0,0,0,0,0,0,0,0,0,0,0,0
2026_01_NYJ_TEN,00-0037083,2026,1,TEN,0,0,0,0,0,0,0,0,0,0,0,0,0
2026_01_GB_MIN,00-0037091,2026,1,MIN,0,0,0,0,0,0,0,1,1,10,0,0,0
2026_01_MIA_LV,00-0037093,2026,1,MIA,0,0,0,0,0,0,0,0,0,0,0,0,0
2026_01_GB_MIN,00-0037094,2026,1,MIN,0,0,0,0,0,0,0,0,0,0,0,0,0
2026_01_CHI_CAR,00-0037096,2026,1,CAR,0,0,0,0,0,0,0,0,0,0,0,0,0
2026_01_CHI_CAR,00-0037129,2026,1,CAR,0,0,0,0,0,0,0,0,0,0,0,0,0
2026_01_BUF_HOU,00-0037130,2026,1,BUF,0,0,0,0,0,0,0,0,0,0,0,0,0
2026_01_WAS_PHI,00-0037132,2026,1,WAS,0,0,0,0,0,0,0,0,0,0,0,0,0
2026_01_NE_SEA,00-0037137,2026,1,NE,0,0,0,0,0,0,0,0,0,0,0,0,0
2026_01_NYJ_TEN,00-0037155,2026,1,NYJ,0,0,0,0,0,0,0,0,0,0,0,0,0
2026_01_CHI_CAR,00-0037179,2026,1,CHI,0,0,0,0,0,0,0,0,0,0,0,0,0
2026_01_BAL_IND,00-0037190,2026,1,BAL,0,0,0,0,0,0,0,0,0,0,0,0,0
2026_01_SF_LA,00-0037191,2026,1,SF,0,0,0,0,0,0,0,0,0,0,0,0,0
2026_01_DEN_KC,00-0037192,2026,1,DEN,0,0,0,0,0,0,0,0,0,0,0,0,0
2026_01_TB_CIN,00-0037193,2026,1,TB,0,0,0,0,0,0,0,0,0,0,0,0,0
2026_01_SF_LA,00-0037195,2026,1,SF,0,0,0,0,0,0,0,0,0,0,0,0,0
2026_01_CHI_CAR,00-0037196,2026,1,CHI,0,0,0,0,0,0,0,0,0,0,0,0,0
2026_01_DEN_KC,00-0037208,2026,1,DEN,0,0,0,0,0,0,0,0,0,0,0,0,0
2026_01_ARI_LAC,00-0037224,2026,1,ARI,0,0,0,0,0,0,0,0,0,0,0,0,0
2026_01_ATL_PIT,00-0037228,2026,1,ATL,0,0,0,0,10,46,0,5,6,27,0,0,1
2026_01_CLE_JAX,00-0037235,2026,1,CLE,0,0,0,0,0,0,0,0,0,0,0,0,0
2026_01_NO_DET,00-0037236,2026,1,NO,0,0,0,0,0,0,0,0,0,0,0,0,0
2026_01_BUF_HOU,00-0037237,2026,1,BUF,0,0,0,0,0,0,0,0,0,0,0,0,0
2026_01_ATL_PIT,00-0037238,2026,1,PIT,0,0,0,0,1,6,0,2,4,29,0,0,0
2026_01_NO_DET,00-0037239,2026,1,DET,0,0,0,0,0,0,0,10,13,182,0,0,0
2026_01_NO_DET,00-0037240,2026,1,NO,0,0,0,0,0,0,0,4,9,45,0,0,0
2026_01_CHI_CAR,00-0037244,2026,1,CHI,0,0,0,0,0,0,0,0,0,0,0,0,0
2026_01_BUF_HOU,00-0037246,2026,1,BUF,0,0,0,0,0,0,0,0,0,0,0,0,0
2026_01_DAL_NYG,00-0037247,2026,1,NYG,0,0,0,0,0,0,0,3,6,28,0,0,0
2026_01_BUF_HOU,00-0037248,2026,1,HOU,0,0,0,0,13,57,0,3,4,12,0,0,0
2026_01_DEN_KC,00-0037249,2026,1,KC,0,0,0,0,0,0,0,0,0,0,0,0,0
2026_01_NO_DET,00-0037250,2026,1,DET,0,0,0,0,0,0,0,0,0,0,0,0,0
2026_01_MIA_LV,00-0037252,2026,1,LV,0,0,0,0,0,0,0,2,2,18,0,0,0
2026_01_NE_SEA,00-0037253,2026,1,SEA,0,0,0,0,0,0,0,0,0,0,0,0,0
2026_01_BUF_HOU,00-0037254,2026,1,HOU,0,0,0,0,0,0,0,0,0,0,0,0,0
2026_01_WAS_PHI,00-0037256,2026,1,PHI,0,0,0,0,7,22,0,2,2,5,0,0,0
2026_01_BUF_HOU,00-0037261,2026,1,HOU,0,0,0,0,0,0,0,4,6,50,0,0,0
2026_01_MIA_LV,00-0037262,2026,1,MIA,0,0,0,0,0,0,0,0,0,0,0,0,0
2026_01_ARI_LAC,00-0037263,2026,1,LAC,0,0,0,0,17,61,0,2,2,9,0,0,0
2026_01_TB_CIN,00-0037268,2026,1,CIN,0,0,0,0,0,0,0,0,0,0,0,0,0
2026_01_DAL_NYG,00-0037270,2026,1,NYG,0,0,0,0,0,0,0,0,0,0,0,0,0
2026_01_CHI_CAR,00-0037271,2026,1,CAR,0,0,0,0,0,0,0,0,0,0,0,0,0
2026_01_DAL_NYG,00-0037275,2026,1,NYG,0,0,0,0,0,0,0,0,0,0,0,0,0
2026_01_DEN_KC,00-0037284,2026,1,DEN,0,0,0,0,0,0,0,0,0,0,0,0,0
2026_01_BUF_HOU,00-0037288,2026,1,HOU,0,0,0,0,0,0,0,0,0,0,0,0,0
2026_01_NO_DET,00-0037289,2026,1,NO,0,0,0,0,0,0,0,0,0,0,0,0,0
2026_01_MIA_LV,00-0037291,2026,1,MIA,0,0,0,0,0,0,0,3,5,27,0,0,0
2026_01_BAL_IND,00-0037292,2026,1,BAL,0,0,0,0,0,0,0,0,1,0,0,0,0
2026_01_GB_MIN,00-0037301,2026,1,GB,0,0,0,0,0,0,0,0,0,0,0,0,0
2026_01_MIA_LV,00-0037304,2026,1,MIA,0,0,0,0,1,1,0,0,0,0,0,0,0
2026_01_DAL_NYG,00-0037310,2026,1,NYG,0,0,0,0,0,0,0,0,0,0,0,0,0
2026_01_CLE_JAX,00-0037313,2026,1,CLE,0,0,0,0,0,0,0,0,0,0,0,0,0
2026_01_ATL_PIT,00-0037317,2026,1,PIT,0,0,0,0,0,0,0,0,0,0,0,0,0
2026_01_NE_SEA,00-0037323,2026,1,NE,0,0,0,0,0,0,0,0,0,0,0,0,0
2026_01_CHI_CAR,00-0037380,2026,1,CAR,0,0,0,0,0,0,0,0,0,0,0,0,0
2026_01_DEN_KC,00-0037384,2026,1,KC,0,0,0,0,0,0,0,0,0,0,0,0,0
2026_01_BUF_HOU,00-0037428,2026,1,HOU,0,0,0,0,0,0,0,0,0,0,0,0,0
2026_01_BUF_HOU,00-0037457,2026,1,BUF,0,0,0,0,0,0,0,0,0,0,0,0,0
2026_01_ATL_PIT,00-0037480,2026,1,ATL,0,0,0,0,0,0,0,0,0,0,0,0,0
2026_01_NO_DET,00-0037500,2026,1,DET,0,0,0,0,0,0,0,0,0,0,0,0,0
2026_01_MIA_LV,00-0037512,2026,1,MIA,0,0,0,0,0,0,0,0,0,0,0,0,0
2026_01_NO_DET,00-0037524,2026,1,NO,0,0,0,0,0,0,0,0,0,0,0,0,0
2026_01_GB_MIN,00-0037525,2026,1,GB,0,0,0,0,15,59,1,0,0,0,0,0,0
2026_01_NYJ_TEN,00-0037526,2026,1,TEN,0,0,0,0,0,0,0,0,0,0,0,0,0
2026_01_MIA_LV,00-0037527,2026,1,MIA,0,0,0,0,0,0,0,0,0,0,0,0,0
2026_01_NE_SEA,00-0037545,2026,1,NE,0,0,0,0,0,0,0,1,3,4,0,0,0
2026_01_GB_MIN,00-0037547,2026,1,MIN,0,0,0,0,0,0,0,0,0,0,0,0,0
2026_01_SF_LA,00-0037557,2026,1,SF,0,0,0,0,5,19,0,1,1,5,0,0,0
2026_01_DAL_NYG,00-0037561,2026,1,NYG,0,0,0,0,0,0,0,0,0,0,0,0,0
2026_01_SF_LA,00-0037587,2026,1,SF,0,0,0,0,0,0,0,0,0,0,0,0,0
2026_01_ARI_LAC,00-0037596,2026,1,LAC,0,0,0,0,0,0,0,0,0,0,0,0,0
2026_01_DAL_NYG,00-0037611,2026,1,DAL,0,0,0,0,0,0,0,0,0,0,0,0,0
2026_01_MIA_LV,00-0037615,2026,1,MIA,0,0,0,0,0,0,0,0,0,0,0,0,0
2026_01_WAS_PHI,00-0037616,2026,1,PHI,0,0,0,0,0,0,0,0,0,0,0,0,0
2026_01_NYJ_TEN,00-0037663,2026,1,NYJ,0,0,0,0,0,0,0,0,0,0,0,0,0
2026_01_BAL_IND,00-0037664,2026,1,BAL,0,0,0,0,0,0,0,4,6,61,0,0,0
2026_01_CLE_JAX,00-0037665,2026,1,JAX,0,0,0,0,0,0,0,0,0,0,0,0,0
2026_01_MIA_LV,00-0037686,2026,1,LV,0,0,0,0,0,0,0,0,0,0,0,0,0
2026_01_DAL_NYG,00-0037692,2026,1,NYG,0,0,0,0,0,0,0,0,0,0,0,0,0
2026_01_NYJ_TEN,00-0037740,2026,1,TEN,0,0,0,0,0,0,0,6,7,79,0,0,0
2026_01_ATL_PIT,00-0037741,2026,1,PIT,0,0,0,0,0,0,0,1,3,19,0,0,0
2026_01_TB_CIN,00-0037743,2026,1,TB,0,0,0,0,0,0,0,0,0,0,0,0,0
2026_01_ARI_LAC,00-0037744,2026,1,LAC,0,0,0,0,0,0,0,9,13,95,1,0,0
2026_01_ATL_PIT,00-0037746,2026,1,PIT,0,0,0,0,9,31,0,0,0,0,0,0,0
2026_01_DEN_KC,00-0037752,2026,1,KC,0,0,0,0,0,0,0,0,0,0,0,0,0
2026_01_BAL_IND,00-0037756,2026,1,IND,0,0,0,0,0,0,0,0,0,0,0,0,0
2026_01_NYJ_TEN,00-0037758,2026,1,NYJ,0,0,0,0,0,0,0,0,0,0,0,0,0
2026_01_DEN_KC,00-0037799,2026,1,KC,0,0,0,0,0,0,0,0,0,0,0,0,0
2026_01_DAL_NYG,00-0037801,2026,1,NYG,0,0,0,0,0,0,0,1,1,8,0,0,0
2026_01_NYJ_TEN,00-0037805,2026,1,TEN,0,0,0,0,0,0,0,1,1,4,0,0,0
2026_01_WAS_PHI,00-0037809,2026,1,PHI,0,0,0,0,0,0,0,2,3,16,0,0,0
2026_01_NE_SEA,00-0037812,2026,1,NE,0,0,0,0,0,0,0,0,0,0,0,0,0
2026_01_ATL_PIT,00-0037815,2026,1,PIT,0,0,0,0,0,0,0,0,0,0,0,0,0
2026_01_NE_SEA,00-0037816,2026,1,SEA,0,0,0,0,0,0,0,0,3,0,0,0,0
2026_01_GB_MIN,00-0037817,2026,1,MIN,0,0,0,0,0,0,0,0,0,0,0,0,0
2026_01_CLE_JAX,00-0037818,2026,1,JAX,0,0,0,0,0,0,0,0,0,0,0,0,0
2026_01_WAS_PHI,00-0037819,2026,1,PHI,0,0,0,0,0,0,0,0,0,0,0,0,0
2026_01_SF_LA,00-0037834,2026,1,LA,25,34,205,3,5,29,0,0,0,0,0,1,0
2026_01_DAL_NYG,00-0037838,2026,1,DAL,0,0,0,0,0,0,0,8,8,78,2,0,0
2026_01_DAL_NYG,00-0037839,2026,1,NYG,0,0,0,0,0,0,0,0,0,0,0,0,0
2026_01_SF_LA,00-0037840,2026,1,SF,0,0,0,0,11,41,1,3,3,24,0,0,0
2026_01_SF_LA,00-0037841,2026,1,SF,0,0,0,0,0,0,0,0,0,0,0,0,0
2026_01_CHI_CAR,00-0037843,2026,1,CAR,0,0,0,0,0,0,0,0,0,0,0,0,0
2026_01_BAL_IND,00-0038038,2026,1,IND,0,0,0,0,0,0,0,0,0,0,0,0,0
2026_01_SF_LA,00-0038039,2026,1,LA,0,0,0,0,0,0,0,0,0,0,0,0,0
2026_01_DAL_NYG,00-0038041,2026,1,NYG,0,0,0,0,0,0,0,2,2,6,0,0,0
2026_01_ARI_LAC,00-0038046,2026,1,ARI,0,0,0,0,0,0,0,0,0,0,0,0,0
2026_01_GB_MIN,00-0038090,2026,1,MIN,0,0,0,0,0,0,0,0,1,0,0,0,0
2026_01_DAL_NYG,00-0038094,2026,1,DAL,0,0,0,0,0,0,0,0,0,0,0,0,0
2026_01_CHI_CAR,00-0038102,2026,1,CHI,0,1,0,0,1,24,0,0,0,0,0,0,0
2026_01_DEN_KC,00-0038104,2026,1,DEN,0,0,0,0,0,0,0,0,1,0,0,0,0
2026_01_DEN_KC,00-0038106,2026,1,KC,0,0,0,0,0,0,0,0,0,0,0,0,0
2026_01_WAS_PHI,00-0038112,2026,1,WAS,0,0,0,0,0,0,0,0,0,0,0,0,0
2026_01_NYJ_TEN,00-0038115,2026,1,NYJ,0,0,0,0,0,0,0,1,1,7,0,0,0
2026_01_WAS_PHI,00-0038116,2026,1,WAS,0,0,0,0,0,0,0,0,0,0,0,0,0
2026_01_NYJ_TEN,00-0038117,2026,1,NYJ,0,0,0,0,0,0,0,5,6,38,0,0,0
2026_01_NYJ_TEN,00-0038120,2026,1,TEN,0,0,0,0,22,102,1,2,2,16,0,0,0
2026_01_NYJ_TEN,00-0038121,2026,1,NYJ,0,0,0,0,0,0,0,0,0,0,0,0,0
2026_01_NYJ_TEN,00-0038123,2026,1,TEN,0,0,0,0,0,0,0,0,0,0,0,0,0
2026_01_GB_MIN,00-0038124,2026,1,MIN,0,0,0,0,0,0,0,6,8,147,2,0,0
2026_01_NO_DET,00-0038125,2026,1,NO,0,0,0,0,0,0,0,0,0,0,0,0,0
2026_01_MIA_LV,00-0038128,2026,1,LV,15,27,220,0,6,39,1,0,0,0,0,1,0
2026_01_TB_CIN,00-0038129,2026,1,CIN,0,0,0,0,0,0,0,3,5,26,0,0,0
2026_01_TB_CIN,00-0038133,2026,1,TB,0,0,0,0,0,0,0,0,0,0,0,0,0
2026_01_DEN_KC,00-0038134,2026,1,DEN,0,0,0,0,23,173,1,3,6,18,1,0,0
2026_01_ATL_PIT,00-0038135,2026,1,ATL,0,0,0,0,0,0,0,0,0,0,0,0,0
2026_01_SF_LA,00-0038359,2026,1,SF,0,0,0,0,0,0,0,0,0,0,0,0,0
2026_01_MIA_LV,00-0038360,2026,1,MIA,0,0,0,0,0,0,0,0,0,0,0,0,0
2026_01_WAS_PHI,00-0038386,2026,1,WAS,0,0,0,0,0,0,0,0,0,0,0,0,0
2026_01_NO_DET,00-0038387,2026,1,DET,0,0,0,0,0,0,0,0,0,0,0,0,0
2026_01_WAS_PHI,00-0038393,2026,1,WAS,0,0,0,0,0,0,0,2,4,73,1,0,0
2026_01_GB_MIN,00-0038398,2026,1,MIN,0,0,0,0,0,0,0,0,0,0,0,0,0
2026_01_DAL_NYG,00-0038399,2026,1,DAL,0,0,0,0,0,0,0,0,0,0,0,0,0
2026_01_WAS_PHI,00-0038412,2026,1,WAS,0,0,0,0,0,0,0,0,0,0,0,0,0
2026_01_CLE_JAX,00-0038428,2026,1,JAX,0,0,0,0,0,0,0,0,0,0,0,0,0
2026_01_ARI_LAC,00-0038454,2026,1,ARI,0,0,0,0,4,9,0,0,0,0,0,0,0
2026_01_GB_MIN,00-0038463,2026,1,MIN,0,0,0,0,0,0,0,0,0,0,0,0,0
2026_01_NE_SEA,00-0038488,2026,1,NE,0,0,0,0,0,0,0,2,2,20,0,0,0
2026_01_DEN_KC,00-0038489,2026,1,DEN,0,0,0,0,0,0,0,0,0,0,0,0,0
2026_01_CHI_CAR,00-0038493,2026,1,CHI,0,0,0,0,0,0,0,0,0,0,0,0,0
2026_01_BAL_IND,00-0038504,2026,1,IND,0,0,0,0,0,0,0,0,0,0,0,0,0
2026_01_BAL_IND,00-0038505,2026,1,IND,0,0,0,0,0,0,0,0,0,0,0,0,0
2026_01_DEN_KC,00-0038519,2026,1,DEN,0,0,0,0,0,0,0,0,0,0,0,0,0
2026_01_ARI_LAC,00-0038540,2026,1,LAC,0,0,0,0,0,0,0,0,0,0,0,0,0
2026_01_NO_DET,00-0038541,2026,1,DET,0,0,0,0,0,0,0,0,0,0,0,0,0
2026_01_ATL_PIT,00-0038542,2026,1,PIT,0,0,0,0,21,83,0,8,10,90,1,0,0
2026_01_NE_SEA,00-0038543,2026,1,NE,0,0,0,0,0,0,0,8,11,122,1,0,0
2026_01_ARI_LAC,00-0038544,2026,1,ARI,0,0,0,0,0,0,0,2,6,17,0,0,0
2026_01_TB_CIN,00-0038546,2026,1,TB,0,0,0,0,0,0,0,0,0,0,0,0,0
2026_01_DAL_NYG,00-0038547,2026,1,NYG,0,0,0,0,0,0,0,1,1,12,0,0,0
2026_01_BUF_HOU,00-0038548,2026,1,HOU,0,0,0,0,0,0,0,0,0,0,0,0,0
2026_01_TB_CIN,00-0038549,2026,1,TB,0,0,0,0,0,0,0,0,0,0,0,0,0
2026_01_NO_DET,00-0038551,2026,1,DET,0,0,0,0,9,30,1,0,0,0,0,0,0
2026_01_DEN_KC,00-0038552,2026,1,KC,0,0,0,0,0,0,0,0,0,0,0,0,0
2026_01_ARI_LAC,00-0038553,2026,1,ARI,0,0,0,0,0,0,0,0,0,0,0,0,0
2026_01_SF_LA,00-0038554,2026,1,LA,0,0,0,0,0,0,0,0,0,0,0,0,0
2026_01_WAS_PHI,00-0038555,2026,1,WAS,0,0,0,0,1,3,0,0,0,0,0,0,0
2026_01_DAL_NYG,00-0038556,2026,1,NYG,0,0,0,0,0,0,0,0,0,0,0,0,0
2026_01_BUF_HOU,00-0038557,2026,1,HOU,0,0,0,0,0,0,0,0,0,0,0,0,0
2026_01_ATL_PIT,00-0038558,2026,1,ATL,0,0,0,0,0,0,0,2,2,18,0,0,0
2026_01_ARI_LAC,00-0038559,2026,1,LAC,0,0,0,0,0,0,0,5,7,56,0,0,0
2026_01_TB_CIN,00-0038560,2026,1,TB,0,0,0,0,0,0,0,0,0,0,0,0,0
2026_01_MIA_LV,00-0038563,2026,1,MIA,0,0,0,0,0,0,0,2,4,27,0,0,0
2026_01_ARI_LAC,00-0038567,2026,1,LAC,0,0,0,0,0,0,0,0,0,0,0,0,0
2026_01_CLE_JAX,00-0038570,2026,1,CLE,0,0,0,0,0,0,0,0,0,0,0,0,0
2026_01_ARI_LAC,00-0038573,2026,1,ARI,0,0,0,0,0,0,0,0,1,0,0,0,0
2026_01_CLE_JAX,00-0038574,2026,1,JAX,0,0,0,0,0,0,0,0,0,0,0,0,0
2026_01_ATL_PIT,00-0038577,2026,1,ATL,0,0,0,0,0,0,0,0,0,0,0,0,0
2026_01_NO_DET,00-0038588,2026,1,DET,0,0,0,0,0,0,0,0,0,0,0,0,0
2026_01_CLE_JAX,00-0038596,2026,1,CLE,0,0,0,0,0,0,0,0,0,0,0,0,0
2026_01_TB_CIN,00-0038597,2026,1,TB,0,0,0,0,16,56,1,5,6,22,0,0,0
2026_01_BUF_HOU,00-0038599,2026,1,BUF,0,0,0,0,0,0,0,0,0,0,0,0,0
2026_01_MIA_LV,00-0038603,2026,1,LV,0,0,0,0,0,0,0,0,0,0,0,0,0
2026_01_DEN_KC,00-0038605,2026,1,KC,0,0,0,0,0,0,0,0,0,0,0,0,0
2026_01_CLE_JAX,00-0038606,2026,1,CLE,0,0,0,0,0,0,0,5,6,83,1,0,0
2026_01_BUF_HOU,00-0038608,2026,1,BUF,0,0,0,0,0,0,0,1,2,21,0,0,0
2026_01_CLE_JAX,00-0038611,2026,1,CLE,0,0,0,0,6,23,0,0,0,0,0,0,0
2026_01_BUF_HOU,00-0038618,2026,1,BUF,0,0,0,0,0,0,0,3,6,32,0,0,0
2026_01_TB_CIN,00-0038619,2026,1,TB,0,0,0,0,0,0,0,2,3,12,0,0,0
2026_01_NE_SEA,00-0038621,2026,1,SEA,0,0,0,0,0,0,0,5,7,20,0,0,0
2026_01_ARI_LAC,00-0038623,2026,1,LAC,0,0,0,0,0,0,0,0,0,0,0,0,0
2026_01_DAL_NYG,00-0038625,2026,1,NYG,0,0,0,0,0,0,0,0,0,0,0,0,0
2026_01_ATL_PIT,00-0038628,2026,1,PIT,0,0,0,0,0,0,0,0,0,0,0,0,0
2026_01_BAL_IND,00-0038629,2026,1,IND,0,0,0,0,0,0,0,0,0,0,0,0,0
2026_01_NE_SEA,00-0038653,2026,1,SEA,0,0,0,0,0,0,0,0,0,0,0,0,0
2026_01_NO_DET,00-0038660,2026,1,NO,0,0,0,0,0,0,0,0,0,0,0,0,0
2026_01_GB_MIN,00-0038685,2026,1,MIN,0,0,0,0,7,29,0,0,1,0,0,0,0
2026_01_DAL_NYG,00-0038705,2026,1,NYG,0,0,0,0,2,7,0,0,0,0,0,0,0
2026_01_CLE_JAX,00-0038710,2026,1,JAX,0,0,0,0,0,0,0,1,1,14,0,0,0
2026_01_NYJ_TEN,00-0038711,2026,1,NYJ,0,0,0,0,0,0,0,0,0,0,0,0,0
2026_01_CLE_JAX,00-0038715,2026,1,JAX,0,0,0,0,0,0,0,0,0,0,0,0,0
2026_01_BUF_HOU,00-0038728,2026,1,BUF,0,0,0,0,0,0,0,1,1,12,0,0,0
2026_01_DAL_NYG,00-0038738,2026,1,NYG,0,0,0,0,1,7,0,0,0,0,0,0,0
2026_01_NE_SEA,00-0038764,2026,1,NE,0,0,0,0,0,0,0,0,0,0,0,0,0
2026_01_GB_MIN,00-0038778,2026,1,GB,0,0,0,0,0,0,0,0,0,0,0,0,0
2026_01_ARI_LAC,00-0038782,2026,1,LAC,0,0,0,0,0,0,0,0,0,0,0,0,0
2026_01_DEN_KC,00-0038783,2026,1,KC,0,0,0,0,0,0,0,0,0,0,0,0,0
2026_01_CHI_CAR,00-0038791,2026,1,CHI,0,0,0,0,0,0,0,0,0,0,0,0,0
2026_01_NE_SEA,00-0038797,2026,1,NE,0,0,0,0,2,3,0,0,0,0,0,0,0
2026_01_GB_MIN,00-0038807,2026,1,GB,0,0,0,0,0,0,0,0,0,0,0,0,0
2026_01_CHI_CAR,00-0038840,2026,1,CHI,0,0,0,0,0,0,0,0,0,0,0,0,0
2026_01_NO_DET,00-0038896,2026,1,NO,0,0,0,0,0,0,0,0,0,0,0,0,0
2026_01_NE_SEA,00-0038922,2026,1,NE,0,0,0,0,0,0,0,0,0,0,0,0,0
2026_01_BUF_HOU,00-0038933,2026,1,HOU,0,0,0,0,0,0,0,5,6,130,0,0,0
2026_01_CLE_JAX,00-0038935,2026,1,CLE,0,0,0,0,0,0,0,2,3,23,1,0,0
2026_01_NO_DET,00-0038940,2026,1,NO,0,0,0,0,0,0,0,0,0,0,0,0,0
2026_01_DEN_KC,00-0038976,2026,1,KC,0,0,0,0,0,0,0,0,0,0,0,0,0
2026_01_WAS_PHI,00-0038978,2026,1,WAS,0,0,0,0,0,0,0,0,0,0,0,0,0
2026_01_ARI_LAC,00-0038984,2026,1,LAC,0,0,0,0,0,0,0,0,0,0,0,0,0
2026_01_GB_MIN,00-0038994,2026,1,GB,0,0,0,0,0,0,0,0,2,0,0,0,0
2026_01_GB_MIN,00-0038996,2026,1,MIN,0,0,0,0,0,0,0,3,6,65,0,0,0
2026_01_BAL_IND,00-0038997,2026,1,BAL,0,0,0,0,0,0,0,2,4,37,0,0,0
2026_01_DAL_NYG,00-0039000,2026,1,DAL,0,0,0,0,0,0,0,0,0,0,0,0,0
2026_01_ATL_PIT,00-0039002,2026,1,PIT,0,0,0,0,0,0,0,0,0,0,0,0,0
2026_01_DEN_KC,00-0039006,2026,1,DEN,0,0,0,0,0,0,0,0,0,0,0,0,0
2026_01_WAS_PHI,00-0039013,2026,1,WAS,0,0,0,0,0,0,0,0,0,0,0,0,0
2026_01_NO_DET,00-0039018,2026,1,NO,0,0,0,0,0,0,0,0,0,0,0,0,0
2026_01_NE_SEA,00-0039020,2026,1,NE,0,0,0,0,0,0,0,0,0,0,0,0,0
2026_01_CHI_CAR,00-0039021,2026,1,CAR,0,0,0,0,0,0,0,0,0,0,0,0,0
2026_01_BAL_IND,00-0039031,2026,1,BAL,0,0,0,0,0,0,0,0,0,0,0,0,0
2026_01_NYJ_TEN,00-0039032,2026,1,NYJ,0,0,0,0,3,12,0,2,4,12,0,0,0
2026_01_MIA_LV,00-0039040,2026,1,LV,0,0,0,0,11,36,0,4,5,30,0,0,0
2026_01_NE_SEA,00-0039047,2026,1,NE,0,0,0,0,0,0,0,0,0,0,0,0,0
2026_01_ATL_PIT,00-0039048,2026,1,PIT,0,0,0,0,0,0,0,0,0,0,0,0,0
2026_01_TB_CIN,00-0039049,2026,1,CIN,0,0,0,0,0,0,0,0,0,0,0,0,0
2026_01_SF_LA,00-0039059,2026,1,SF,0,0,0,0,0,0,0,0,0,0,0,0,0
2026_01_SF_LA,00-0039061,2026,1,SF,0,0,0,0,0,0,0,0,0,0,0,0,0
2026_01_DAL_NYG,00-0039062,2026,1,NYG,0,0,0,0,0,0,0,1,1,10,0,0,0
2026_01_TB_CIN,00-0039063,2026,1,CIN,0,0,0,0,0,0,0,0,0,0,0,0,0
2026_01_BAL_IND,00-0039064,2026,1,IND,0,0,0,0,0,0,0,5,6,150,1,0,0
2026_01_NO_DET,00-0039065,2026,1,NO,0,0,0,0,0,0,0,5,8,48,0,0,0
2026_01_MIA_LV,00-0039066,2026,1,MIA,0,0,0,0,0,0,0,6,7,32,0,0,0
2026_01_DEN_KC,00-0039067,2026,1,DEN,0,0,0,0,0,0,0,2,2,19,1,0,0
2026_01_TB_CIN,00-0039068,2026,1,CIN,0,0,0,0,0,0,0,0,0,0,0,0,0
2026_01_ATL_PIT,00-0039070,2026,1,PIT,0,0,0,0,0,0,0,0,0,0,0,0,0
2026_01_CHI_CAR,00-0039071,2026,1,CAR,0,0,0,0,0,0,0,0,0,0,0,0,0
2026_01_SF_LA,00-0039074,2026,1,SF,0,0,0,0,0,0,0,1,1,13,0,0,0
2026_01_SF_LA,00-0039075,2026,1,SF,0,0,0,0,0,0,0,5,9,74,0,0,0
2026_01_SF_LA,00-0039077,2026,1,SF,0,0,0,0,0,0,0,0,0,0,0,0,0
2026_01_SF_LA,00-0039107,2026,1,SF,2,3,13,0,1,9,0,0,0,0,0,0,0
2026_01_BUF_HOU,00-0039108,2026,1,BUF,0,0,0,0,0,0,0,0,0,0,0,0,0
2026_01_ATL_PIT,00-0039110,2026,1,ATL,0,0,0,0,0,0,0,0,0,0,0,0,0
2026_01_ARI_LAC,00-0039111,2026,1,ARI,0,0,0,0,0,0,0,0,0,0,0,0,0
2026_01_GB_MIN,00-0039112,2026,1,MIN,0,0,0,0,0,0,0,0,0,0,0,0,0
2026_01_SF_LA,00-0039137,2026,1,SF,0,0,0,0,0,0,0,0,0,0,0,0,0
2026_01_SF_LA,00-0039138,2026,1,SF,0,0,0,0,0,0,0,0,0,0,0,0,0
2026_01_NO_DET,00-0039139,2026,1,NO,0,0,0,0,29,156,2,5,5,30,0,0,1
2026_01_NYJ_TEN,00-0039142,2026,1,TEN,0,0,0,0,0,0,0,0,0,0,0,0,0
2026_01_GB_MIN,00-0039146,2026,1,MIN,0,0,0,0,0,0,0,3,7,20,0,0,0
2026_01_NE_SEA,00-0039147,2026,1,SEA,0,0,0,0,0,0,0,0,0,0,0,0,0
2026_01_SF_LA,00-0039148,2026,1,LA,0,0,0,0,0,0,0,0,0,0,0,0,0
2026_01_WAS_PHI,00-0039149,2026,1,PHI,0,0,0,0,0,0,0,0,0,0,0,0,0
2026_01_CHI_CAR,00-0039150,2026,1,CHI,23,37,361,3,2,10,1,0,0,0,0,1,0
2026_01_MIA_LV,00-0039156,2026,1,LV,0,0,0,0,0,0,0,0,0,0,0,0,0
2026_01_TB_CIN,00-0039157,2026,1,CIN,0,0,0,0,0,0,0,0,0,0,0,0,0
2026_01_BUF_HOU,00-0039163,2026,1,BUF,26,38,274,2,2,15,0,0,0,0,0,0,2
2026_01_NE_SEA,00-0039169,2026,1,NE,0,0,0,0,0,0,0,0,0,0,0,0,0
2026_01_NO_DET,00-0039172,2026,1,NO,0,0,0,0,0,0,0,0,0,0,0,0,0
2026_01_DAL_NYG,00-0039176,2026,1,DAL,0,0,0,0,0,0,0,0,0,0,0,0,0
2026_01_BAL_IND,00-0039232,2026,1,IND,0,0,0,0,0,0,0,0,0,0,0,0,0
2026_01_BAL_IND,00-0039234,2026,1,IND,0,0,0,0,0,0,0,0,0,0,0,0,0
2026_01_GB_MIN,00-0039272,2026,1,MIN,0,0,0,0,0,0,0,0,0,0,0,0,0
2026_01_NYJ_TEN,00-0039284,2026,1,TEN,0,0,0,0,0,0,0,0,0,0,0,0,0
2026_01_NE_SEA,00-0039299,2026,1,NE,0,0,0,0,8,29,0,0,1,0,0,0,0
2026_01_NE_SEA,00-0039309,2026,1,NE,0,0,0,0,0,0,0,0,0,0,0,0,0
2026_01_TB_CIN,00-0039313,2026,1,TB,0,0,0,0,0,0,0,0,0,0,0,0,0
2026_01_TB_CIN,00-0039323,2026,1,TB,0,0,0,0,0,0,0,0,0,0,0,0,0
2026_01_DAL_NYG,00-0039337,2026,1,DAL,0,0,0,0,0,0,0,6,9,69,0,0,0
2026_01_BAL_IND,00-0039340,2026,1,BAL,0,0,0,0,0,0,0,0,0,0,0,0,0
2026_01_CHI_CAR,00-0039342,2026,1,CHI,0,0,0,0,0,0,0,0,2,0,0,0,0
2026_01_BUF_HOU,00-0039343,2026,1,BUF,0,0,0,0,0,0,0,0,0,0,0,0,0
2026_01_CHI_CAR,00-0039344,2026,1,CHI,0,0,0,0,4,14,0,1,2,48,0,0,0
2026_01_SF_LA,00-0039345,2026,1,LA,0,0,0,0,0,0,0,0,0,0,0,0,0
2026_01_NO_DET,00-0039357,2026,1,DET,0,0,0,0,0,0,0,0,0,0,0,0,0
2026_01_BUF_HOU,00-0039359,2026,1,BUF,0,0,0,0,0,0,0,1,1,-2,0,0,0
2026_01_SF_LA,00-0039360,2026,1,LA,0,0,0,0,0,0,0,0,0,0,0,0,0
2026_01_TB_CIN,00-0039361,2026,1,CIN,0,0,0,0,8,45,1,7,7,48,0,0,1
2026_01_NO_DET,00-0039364,2026,1,NO,0,0,0,0,2,7,0,1,1,11,0,0,0
2026_01_SF_LA,00-0039365,2026,1,LA,0,0,0,0,0,0,0,0,0,0,0,0,0
2026_01_ARI_LAC,00-0039366,2026,1,ARI,0,0,0,0,0,0,0,0,0,0,0,0,0
2026_01_WAS_PHI,00-0039368,2026,1,PHI,0,0,0,0,0,0,0,0,0,0,0,0,0
2026_01_ARI_LAC,00-0039369,2026,1,ARI,0,0,0,0,0,0,0,0,0,0,0,0,0
2026_01_DEN_KC,00-0039371,2026,1,KC,0,0,0,0,0,0,0,0,0,0,0,0,0
2026_01_NYJ_TEN,00-0039372,2026,1,TEN,0,0,0,0,0,0,0,0,0,0,0,0,0
2026_01_CHI_CAR,00-0039380,2026,1,CHI,0,0,0,0,0,0,0,0,0,0,0,0,0
2026_01_DAL_NYG,00-0039384,2026,1,DAL,0,0,0,0,2,14,0,0,0,0,0,0,1
2026_01_GB_MIN,00-0039404,2026,1,GB,0,0,0,0,0,0,0,0,0,0,0,0,0
2026_01_CLE_JAX,00-0039406,2026,1,JAX,0,0,0,0,0,0,0,0,0,0,0,0,0
2026_01_MIA_LV,00-0039407,2026,1,MIA,0,0,0,0,0,0,0,0,0,0,0,0,0
2026_01_CLE_JAX,00-0039409,2026,1,CLE,0,0,0,0,0,0,0,0,0,0,0,0,0
2026_01_DAL_NYG,00-0039410,2026,1,NYG,0,0,0,0,0,0,0,2,4,22,0,0,0
2026_01_WAS_PHI,00-0039412,2026,1,PHI,0,0,0,0,0,0,0,0,0,0,0,0,0
2026_01_CLE_JAX,00-0039417,2026,1,JAX,0,0,0,0,0,0,0,0,0,0,0,0,0
2026_01_GB_MIN,00-0039421,2026,1,GB,0,0,0,0,0,0,0,0,0,0,0,0,0
2026_01_MIA_LV,00-0039423,2026,1,MIA,0,0,0,0,0,0,0,0,0,0,0,0,0
2026_01_NO_DET,00-0039424,2026,1,DET,0,0,0,0,0,0,0,7,9,69,1,0,0
2026_01_NYJ_TEN,00-0039430,2026,1,NYJ,0,0,0,0,0,0,0,0,0,0,0,0,0
2026_01_DEN_KC,00-0039433,2026,1,DEN,0,0,0,0,0,0,0,0,0,0,0,0,0
2026_01_NYJ_TEN,00-0039451,2026,1,TEN,0,0,0,0,0,0,0,1,1,7,0,0,0
2026_01_BAL_IND,00-0039460,2026,1,IND,0,0,0,0,0,0,0,0,0,0,0,0,0
2026_01_BUF_HOU,00-0039471,2026,1,HOU,0,0,0,0,1,3,0,0,0,0,0,0,0
2026_01_CHI_CAR,00-0039491,2026,1,CHI,0,0,0,0,0,0,0,8,9,138,2,0,0
2026_01_SF_LA,00-0039498,2026,1,SF,0,0,0,0,0,0,0,0,0,0,0,0,0
2026_01_NO_DET,00-0039518,2026,1,DET,0,0,0,0,0,0,0,0,0,0,0,0,0
2026_01_DAL_NYG,00-0039530,2026,1,NYG,0,0,0,0,0,0,0,2,2,14,0,0,0
2026_01_BAL_IND,00-0039576,2026,1,BAL,0,0,0,0,0,0,0,0,0,0,0,0,0
2026_01_TB_CIN,00-0039589,2026,1,CIN,0,0,0,0,0,0,0,0,0,0,0,0,0
2026_01_NO_DET,00-0039622,2026,1,DET,0,0,0,0,0,0,0,0,0,0,0,0,0
2026_01_NYJ_TEN,00-0039634,2026,1,TEN,0,0,0,0,0,0,0,0,0,0,0,0,0
2026_01_NO_DET,00-0039660,2026,1,NO,0,0,0,0,0,0,0,0,0,0,0,0,0
2026_01_WAS_PHI,00-0039681,2026,1,PHI,0,0,0,0,0,0,0,0,0,0,0,0,0
2026_01_WAS_PHI,00-0039686,2026,1,PHI,0,0,0,0,0,0,0,0,0,0,0,0,0
2026_01_NE_SEA,00-0039692,2026,1,SEA,0,0,0,0,0,0,0,0,0,0,0,0,0
2026_01_NYJ_TEN,00-0039731,2026,1,NYJ,0,0,0,0,0,0,0,0,0,0,0,0,0
2026_01_DEN_KC,00-0039732,2026,1,KC,17,28,131,1,3,2,0,0,0,0,0,1,1
2026_01_CLE_JAX,00-0039733,2026,1,CLE,0,0,0,0,0,0,0,0,0,0,0,0,0
2026_01_SF_LA,00-0039734,2026,1,SF,0,0,0,0,0,0,0,0,0,0,0,0,0
2026_01_MIA_LV,00-0039735,2026,1,MIA,0,0,0,0,0,0,0,0,0,0,0,0,0
2026_01_SF_LA,00-0039738,2026,1,SF,0,0,0,0,10,54,0,0,0,0,0,0,0
2026_01_ATL_PIT,00-0039739,2026,1,ATL,0,0,0,0,0,0,0,3,6,26,0,0,0
2026_01_WAS_PHI,00-0039740,2026,1,WAS,0,0,0,0,0,0,0,0,0,0,0,0,0
2026_01_ATL_PIT,00-0039741,2026,1,ATL,0,0,0,0,0,0,0,0,0,0,0,0,0
2026_01_CHI_CAR,00-0039745,2026,1,CAR,0,0,0,0,0,0,0,0,0,0,0,0,0
2026_01_WAS_PHI,00-0039746,2026,1,WAS,0,0,0,0,2,4,0,1,1,8,0,0,0
2026_01_SF_LA,00-0039749,2026,1,SF,0,0,0,0,0,0,0,0,0,0,0,0,0
2026_01_SF_LA,00-0039751,2026,1,SF,0,0,0,0,0,0,0,1,1,8,0,0,0
2026_01_TB_CIN,00-0039752,2026,1,TB,0,0,0,0,0,0,0,0,0,0,0,0,0
2026_01_BUF_HOU,00-0039763,2026,1,HOU,0,0,0,0,0,0,0,0,0,0,0,0,0
2026_01_NE_SEA,00-0039770,2026,1,SEA,0,0,0,0,0,0,0,0,0,0,0,0,0
2026_01_SF_LA,00-0039774,2026,1,SF,0,0,0,0,0,0,0,0,0,0,0,0,0
2026_01_SF_LA,00-0039776,2026,1,SF,0,0,0,0,0,0,0,0,0,0,0,0,0
2026_01_NYJ_TEN,00-0039789,2026,1,TEN,0,0,0,0,0,0,0,0,0,0,0,0,0
2026_01_NYJ_TEN,00-0039790,2026,1,TEN,0,0,0,0,0,0,0,0,0,0,0,0,0
2026_01_NE_SEA,00-0039793,2026,1,NE,0,0,0,0,0,0,0,2,2,13,0,0,0
2026_01_NYJ_TEN,00-0039794,2026,1,TEN,0,0,0,0,10,40,0,0,1,0,0,0,0
2026_01_NE_SEA,00-0039795,2026,1,NE,0,0,0,0,0,0,0,0,0,0,0,0,0
2026_01_BAL_IND,00-0039796,2026,1,IND,0,0,0,0,0,0,0,0,0,0,0,0,0
2026_01_ARI_LAC,00-0039807,2026,1,LAC,0,0,0,0,0,0,0,0,0,0,0,0,0
2026_01_DEN_KC,00-0039809,2026,1,KC,0,0,0,0,0,0,0,0,0,0,0,0,0
2026_01_GB_MIN,00-0039811,2026,1,MIN,0,0,0,0,13,37,0,0,1,0,0,0,0
2026_01_GB_MIN,00-0039813,2026,1,MIN,0,0,0,0,0,0,0,0,0,0,0,0,0
2026_01_DAL_NYG,00-0039821,2026,1,DAL,0,0,0,0,0,0,0,0,0,0,0,0,0
2026_01_DEN_KC,00-0039825,2026,1,DEN,0,0,0,0,0,0,0,0,0,0,0,0,0
2026_01_WAS_PHI,00-0039826,2026,1,WAS,0,0,0,0,0,0,0,0,0,0,0,0,0
2026_01_GB_MIN,00-0039831,2026,1,MIN,0,0,0,0,0,0,0,0,0,0,0,0,0
2026_01_SF_LA,00-0039834,2026,1,SF,0,0,0,0,0,0,0,0,0,0,0,0,0
2026_01_ARI_LAC,00-0039835,2026,1,ARI,0,0,0,0,0,0,0,0,0,0,0,0,0
2026_01_ATL_PIT,00-0039837,2026,1,PIT,0,0,0,0,0,0,0,0,0,0,0,0,0
2026_01_BUF_HOU,00-0039838,2026,1,BUF,0,0,0,0,0,0,0,0,0,0,0,0,0
2026_01_CHI_CAR,00-0039840,2026,1,CAR,0,0,0,0,0,0,0,0,0,0,0,0,0
2026_01_WAS_PHI,00-0039841,2026,1,WAS,0,0,0,0,0,0,0,0,0,0,0,0,0
2026_01_TB_CIN,00-0039846,2026,1,CIN,0,0,0,0,0,0,0,0,0,0,0,0,0
2026_01_DAL_NYG,00-0039847,2026,1,DAL,0,0,0,0,0,0,0,1,1,9,0,0,0
2026_01_ARI_LAC,00-0039849,2026,1,LAC,0,0,0,0,0,0,0,1,3,33,0,0,0
2026_01_GB_MIN,00-0039850,2026,1,MIN,0,0,0,0,0,0,0,0,0,0,0,0,0
2026_01_NE_SEA,00-0039851,2026,1,SEA,23,33,178,1,7,47,0,0,0,0,0,3,0
2026_01_CLE_JAX,00-0039852,2026,1,JAX,0,0,0,0,0,0,0,0,0,0,0,0,0
2026_01_ARI_LAC,00-0039854,2026,1,LAC,0,0,0,0,0,0,0,0,0,0,0,0,0
2026_01_ATL_PIT,00-0039859,2026,1,PIT,0,0,0,0,0,0,0,0,0,0,0,0,0
2026_01_NO_DET,00-0039860,2026,1,DET,0,0,0,0,0,0,0,0,0,0,0,0,0
2026_01_DAL_NYG,00-0039861,2026,1,DAL,0,0,0,0,0,0,0,0,0,0,0,0,0
2026_01_GB_MIN,00-0039867,2026,1,MIN,0,0,0,0,0,0,0,0,0,0,0,0,0
2026_01_DEN_KC,00-0039868,2026,1,KC,0,0,0,0,1,5,0,0,1,0,0,0,0
2026_01_BUF_HOU,00-0039872,2026,1,HOU,0,0,0,0,0,0,0,0,0,0,0,0,0
2026_01_BUF_HOU,00-0039873,2026,1,HOU,0,0,0,0,0,0,0,0,0,0,0,0,0
2026_01_MIA_LV,00-0039874,2026,1,LV,0,0,0,0,1,-1,0,0,0,0,0,0,0
2026_01_BUF_HOU,00-0039875,2026,1,HOU,0,0,0,0,1,3,0,0,0,0,0,0,0
2026_01_BUF_HOU,00-0039879,2026,1,HOU,0,0,0,0,0,0,0,0,0,0,0,0,0
2026_01_MIA_LV,00-0039880,2026,1,LV,0,0,0,0,0,0,0,3,8,53,0,0,1
2026_01_NYJ_TEN,00-0039886,2026,1,TEN,0,0,0,0,0,0,0,0,0,0,0,0,0
2026_01_WAS_PHI,00-0039888,2026,1,WAS,0,0,0,0,0,0,0,0,0,0,0,0,0
2026_01_ATL_PIT,00-0039889,2026,1,PIT,0,0,0,0,0,0,0,0,0,0,0,0,0
2026_01_NYJ_TEN,00-0039890,2026,1,TEN,0,0,0,0,0,0,0,3,3,60,0,0,0
2026_01_CLE_JAX,00-0039893,2026,1,CLE,0,0,0,0,0,0,0,3,3,40,0,0,0
2026_01_DEN_KC,00-0039894,2026,1,DEN,0,0,0,0,0,0,0,3,6,18,0,0,0
2026_01_ARI_LAC,00-0039897,2026,1,ARI,0,0,0,0,0,0,0,0,0,0,0,0,0
2026_01_WAS_PHI,00-0039898,2026,1,PHI,0,0,0,0,0,0,0,0,0,0,0,0,0
2026_01_MIA_LV,00-0039899,2026,1,LV,0,0,0,0,0,0,0,0,0,0,0,0,0
2026_01_BUF_HOU,00-0039901,2026,1,HOU,0,0,0,0,0,0,0,1,1,1,0,0,0
2026_01_GB_MIN,00-0039904,2026,1,MIN,0,0,0,0,0,0,0,0,0,0,0,0,0
2026_01_TB_CIN,00-0039908,2026,1,TB,0,0,0,0,0,0,0,0,0,0,0,0,0
2026_01_WAS_PHI,00-0039910,2026,1,PHI,18,34,164,2,5,31,0,0,0,0,0,0,0
2026_01_MIA_LV,00-0039911,2026,1,LV,0,0,0,0,0,0,0,0,0,0,0,0,0
2026_01_WAS_PHI,00-0039913,2026,1,PHI,0,0,0,0,0,0,0,0,0,0,0,0,0
2026_01_ARI_LAC,00-0039915,2026,1,ARI,0,0,0,0,0,0,0,5,7,82,1,0,0
2026_01_CHI_CAR,00-0039918,2026,1,CAR,21,29,269,2,10,65,2,0,0,0,0,0,0
2026_01_CHI_CAR,00-0039919,2026,1,CAR,0,0,0,0,0,0,0,2,3,52,0,0,0
2026_01_CLE_JAX,00-0039920,2026,1,JAX,0,0,0,0,0,0,0,0,0,0,0,0,0
2026_01_GB_MIN,00-0039924,2026,1,GB,0,0,0,0,0,0,0,0,0,0,0,0,0
2026_01_DAL_NYG,00-0040008,2026,1,NYG,0,0,0,0,0,0,0,0,0,0,0,0,0
2026_01_GB_MIN,00-0040010,2026,1,MIN,0,0,0,0,0,0,0,0,0,0,0,0,0
2026_01_WAS_PHI,00-0040013,2026,1,WAS,0,0,0,0,0,0,0,0,0,0,0,0,0
2026_01_NYJ_TEN,00-0040020,2026,1,NYJ,0,0,0,0,0,0,0,0,0,0,0,0,0
2026_01_WAS_PHI,00-0040024,2026,1,WAS,0,0,0,0,0,0,0,0,0,0,0,0,0
2026_01_NYJ_TEN,00-0040041,2026,1,NYJ,0,0,0,0,0,0,0,0,0,0,0,0,0
2026_01_DAL_NYG,00-0040045,2026,1,NYG,0,0,0,0,0,0,0,0,0,0,0,0,0
2026_01_ATL_PIT,00-0040056,2026,1,PIT,0,0,0,0,0,0,0,0,0,0,0,0,0
2026_01_NE_SEA,00-0040061,2026,1,NE,0,0,0,0,0,0,0,0,0,0,0,0,0
2026_01_DEN_KC,00-0040072,2026,1,DEN,0,0,0,0,0,0,0,0,0,0,0,0,0
2026_01_BAL_IND,00-0040074,2026,1,IND,0,0,0,0,0,0,0,0,0,0,0,0,0
2026_01_BAL_IND,00-0040075,2026,1,IND,0,0,0,0,0,0,0,2,2,15,0,0,0
2026_01_BAL_IND,00-0040076,2026,1,IND,0,0,0,0,0,0,0,0,0,0,0,0,0
2026_01_DEN_KC,00-0040081,2026,1,DEN,0,0,0,0,0,0,0,1,1,9,0,0,0
2026_01_TB_CIN,00-0040089,2026,1,CIN,0,0,0,0,0,0,0,0,0,0,0,0,0
2026_01_BAL_IND,00-0040100,2026,1,IND,0,0,0,0,0,0,0,0,0,0,0,0,0
2026_01_DEN_KC,00-0040118,2026,1,DEN,0,0,0,0,0,0,0,0,0,0,0,0,0
2026_01_MIA_LV,00-0040122,2026,1,MIA,0,0,0,0,23,102,0,6,6,45,2,0,0
2026_01_CHI_CAR,00-0040124,2026,1,CHI,0,0,0,0,0,0,0,5,8,75,0,0,1
2026_01_CHI_CAR,00-0040126,2026,1,CAR,0,0,0,0,0,0,0,0,2,0,0,0,0
2026_01_BAL_IND,00-0040128,2026,1,BAL,0,0,0,0,0,0,0,3,5,13,1,0,0
2026_01_TB_CIN,00-0040129,2026,1,CIN,0,0,0,0,0,0,0,5,6,63,0,0,0
2026_01_NE_SEA,00-0040131,2026,1,SEA,0,0,0,0,0,0,0,0,0,0,0,0,0
2026_01_BUF_HOU,00-0040132,2026,1,HOU,0,0,0,0,0,0,0,0,0,0,0,0,0
2026_01_NYJ_TEN,00-0040133,2026,1,TEN,0,0,0,0,0,0,0,0,0,0,0,0,0
2026_01_DEN_KC,00-0040134,2026,1,KC,0,0,0,0,0,0,0,4,6,42,0,0,0
2026_01_CHI_CAR,00-0040136,2026,1,CHI,0,0,0,0,0,0,0,0,0,0,0,0,0
2026_01_ARI_LAC,00-0040137,2026,1,LAC,0,0,0,0,0,0,0,0,0,0,0,0,0
2026_01_BUF_HOU,00-0040138,2026,1,BUF,0,0,0,0,0,0,0,2,2,53,0,0,0
2026_01_BAL_IND,00-0040139,2026,1,BAL,0,0,0,0,0,0,0,0,0,0,0,0,0
2026_01_NYJ_TEN,00-0040141,2026,1,NYJ,0,0,0,0,0,0,0,0,0,0,0,0,0
2026_01_GB_MIN,00-0040142,2026,1,MIN,0,0,0,0,0,0,0,0,0,0,0,0,0
2026_01_TB_CIN,00-0040143,2026,1,CIN,0,0,0,0,0,0,0,0,0,0,0,0,0
2026_01_ARI_LAC,00-0040144,2026,1,ARI,0,0,0,0,0,0,0,0,0,0,0,0,0
2026_01_CLE_JAX,00-0040145,2026,1,CLE,0,0,0,0,0,0,0,0,0,0,0,0,0
2026_01_NE_SEA,00-0040147,2026,1,SEA,0,0,0,0,0,0,0,0,0,0,0,0,0
2026_01_ATL_PIT,00-0040148,2026,1,PIT,0,0,0,0,0,0,0,0,0,0,0,0,0
2026_01_BUF_HOU,00-0040149,2026,1,BUF,0,0,0,0,0,0,0,0,0,0,0,0,0
2026_01_MIA_LV,00-0040150,2026,1,MIA,0,0,0,0,0,0,0,0,0,0,0,0,0
2026_01_SF_LA,00-0040152,2026,1,LA,0,0,0,0,0,0,0,0,0,0,0,0,0
2026_01_NO_DET,00-0040155,2026,1,DET,0,0,0,0,0,0,0,0,0,0,0,0,0
2026_01_TB_CIN,00-0040157,2026,1,TB,0,0,0,0,0,0,0,0,0,0,0,0,0
2026_01_TB_CIN,00-0040158,2026,1,CIN,0,0,0,0,0,0,0,0,0,0,0,0,0
2026_01_CHI_CAR,00-0040159,2026,1,CHI,0,0,0,0,0,0,0,0,0,0,0,0,0
2026_01_ATL_PIT,00-0040160,2026,1,ATL,0,0,0,0,0,0,0,0,0,0,0,0,0
2026_01_CLE_JAX,00-0040162,2026,1,JAX,0,0,0,0,0,0,0,0,0,0,0,0,0
2026_01_WAS_PHI,00-0040164,2026,1,PHI,0,0,0,0,0,0,0,1,1,4,0,0,0
2026_01_NYJ_TEN,00-0040165,2026,1,TEN,0,0,0,0,0,0,0,0,0,0,0,0,0
2026_01_NO_DET,00-0040166,2026,1,DET,0,0,0,0,0,0,0,0,0,0,0,0,0
2026_01_DEN_KC,00-0040168,2026,1,KC,0,0,0,0,0,0,0,0,0,0,0,0,0
2026_01_MIA_LV,00-0040169,2026,1,MIA,0,0,0,0,0,0,0,0,0,0,0,0,0
2026_01_NYJ_TEN,00-0040170,2026,1,NYJ,0,0,0,0,0,0,0,1,3,11,1,0,0
2026_01_GB_MIN,00-0040173,2026,1,GB,0,0,0,0,0,0,0,0,0,0,0,0,0
2026_01_MIA_LV,00-0040175,2026,1,LV,0,0,0,0,0,0,0,0,0,0,0,0,0
2026_01_MIA_LV,00-0040178,2026,1,LV,0,0,0,0,0,0,0,0,0,0,0,0,0
2026_01_MIA_LV,00-0040182,2026,1,LV,0,0,0,0,0,0,0,0,0,0,0,0,0
2026_01_TB_CIN,00-0040183,2026,1,CIN,0,0,0,0,0,0,0,0,0,0,0,0,0
2026_01_SF_LA,00-0040185,2026,1,LA,0,0,0,0,0,0,0,0,0,0,0,0,0
2026_01_CHI_CAR,00-0040187,2026,1,CHI,0,0,0,0,0,0,0,1,2,9,0,0,0
2026_01_ATL_PIT,00-0040188,2026,1,ATL,0,0,0,0,0,0,0,0,0,0,0,0,0
2026_01_ARI_LAC,00-0040189,2026,1,ARI,0,0,0,0,0,0,0,2,2,32,0,0,0
2026_01_BUF_HOU,00-0040192,2026,1,HOU,0,0,0,0,0,0,0,0,0,0,0,0,0
2026_01_ARI_LAC,00-0040195,2026,1,LAC,0,0,0,0,0,0,0,0,0,0,0,0,0
2026_01_NE_SEA,00-0040200,2026,1,SEA,0,0,0,0,0,0,0,0,0,0,0,0,0
2026_01_NYJ_TEN,00-0040201,2026,1,NYJ,0,0,0,0,0,0,0,0,0,0,0,0,0
2026_01_BAL_IND,00-0040207,2026,1,BAL,0,0,0,0,0,0,0,0,0,0,0,0,0
2026_01_TB_CIN,00-0040208,2026,1,TB,0,0,0,0,0,0,0,0,0,0,0,0,0
2026_01_WAS_PHI,00-0040216,2026,1,PHI,0,0,0,0,0,0,0,0,0,0,0,0,0
2026_01_CHI_CAR,00-0040218,2026,1,CHI,0,0,0,0,0,0,0,0,1,0,0,0,0
2026_01_DEN_KC,00-0040223,2026,1,KC,0,0,0,0,0,0,0,0,0,0,0,0,0
2026_01_ARI_LAC,00-0040230,2026,1,LAC,0,0,0,0,0,0,0,0,0,0,0,0,0
2026_01_ATL_PIT,00-0040231,2026,1,ATL,0,0,0,0,0,0,0,0,0,0,0,0,0
2026_01_CHI_CAR,00-0040236,2026,1,CAR,0,0,0,0,10,100,1,2,2,24,0,0,0
2026_01_TB_CIN,00-0040237,2026,1,CIN,0,0,0,0,1,-4,0,0,1,0,0,0,0
2026_01_WAS_PHI,00-0040242,2026,1,PHI,0,0,0,0,16,63,1,1,1,-7,0,0,0
2026_01_MIA_LV,00-0040248,2026,1,LV,0,0,0,0,0,0,0,0,0,0,0,0,0
2026_01_CLE_JAX,00-0040255,2026,1,JAX,0,0,0,0,0,0,0,0,0,0,0,0,0
2026_01_CLE_JAX,00-0040261,2026,1,JAX,0,0,0,0,0,0,0,0,0,0,0,0,0
2026_01_CLE_JAX,00-0040263,2026,1,JAX,0,0,0,0,0,0,0,0,0,0,0,0,0
2026_01_CHI_CAR,00-0040277,2026,1,CAR,0,0,0,0,0,0,0,1,1,1,1,0,0
2026_01_CHI_CAR,00-0040279,2026,1,CHI,0,0,0,0,0,0,0,0,0,0,0,0,0
2026_01_CLE_JAX,00-0040326,2026,1,CLE,0,0,0,0,0,0,0,0,0,0,0,0,0
2026_01_CLE_JAX,00-0040342,2026,1,CLE,0,0,0,0,0,0,0,0,0,0,0,0,0
2026_01_BUF_HOU,00-0040363,2026,1,HOU,0,0,0,0,0,0,0,0,0,0,0,0,0
2026_01_TB_CIN,00-0040429,2026,1,CIN,0,0,0,0,0,0,0,0,0,0,0,0,0
2026_01_DEN_KC,00-0040449,2026,1,KC,0,0,0,0,0,0,0,0,0,0,0,0,0
2026_01_CHI_CAR,00-0040458,2026,1,CHI,0,0,0,0,0,0,0,0,0,0,0,0,0
2026_01_CLE_JAX,00-0040466,2026,1,JAX,0,0,0,0,1,1,0,3,3,25,0,0,0
2026_01_GB_MIN,00-0040506,2026,1,GB,0,0,0,0,0,0,0,0,0,0,0,0,0
2026_01_NE_SEA,00-0040556,2026,1,SEA,0,0,0,0,6,11,0,0,0,0,0,0,0
2026_01_NE_SEA,00-0040568,2026,1,SEA,0,0,0,0,0,0,0,2,2,9,0,0,0
2026_01_NE_SEA,00-0040574,2026,1,SEA,0,0,0,0,0,0,0,0,0,0,0,0,0
2026_01_CLE_JAX,00-0040579,2026,1,JAX,0,0,0,0,0,0,0,0,0,0,0,0,0
2026_01_SF_LA,00-0040580,2026,1,SF,0,0,0,0,0,0,0,0,0,0,0,0,0
2026_01_NYJ_TEN,00-0040582,2026,1,TEN,0,0,0,0,0,0,0,0,1,0,0,0,0
2026_01_BUF_HOU,00-0040583,2026,1,BUF,0,0,0,0,9,42,0,1,1,-2,0,0,0
2026_01_NYJ_TEN,00-0040584,2026,1,NYJ,0,0,0,0,0,0,0,4,5,28,0,0,0
2026_01_SF_LA,00-0040585,2026,1,SF,0,0,0,0,0,0,0,0,0,0,0,0,0
2026_01_SF_LA,00-0040590,2026,1,SF,0,0,0,0,0,0,0,0,1,0,0,0,0
2026_01_SF_LA,00-0040613,2026,1,SF,0,0,0,0,0,0,0,0,0,0,0,0,0
2026_01_NE_SEA,00-0040621,2026,1,NE,0,0,0,0,0,0,0,0,0,0,0,0,0
2026_01_DEN_KC,00-0040634,2026,1,KC,0,0,0,0,0,0,0,0,0,0,0,0,0
2026_01_BAL_IND,00-0040636,2026,1,IND,0,0,0,0,0,0,0,0,0,0,0,0,0
2026_01_DEN_KC,00-0040640,2026,1,DEN,0,0,0,0,0,0,0,0,0,0,0,0,0
2026_01_MIA_LV,00-0040641,2026,1,MIA,0,0,0,0,0,0,0,0,0,0,0,0,0
2026_01_NO_DET,00-0040642,2026,1,DET,0,0,0,0,0,0,0,0,0,0,0,0,0
2026_01_NO_DET,00-0040643,2026,1,DET,0,0,0,0,0,0,0,0,0,0,0,0,0
2026_01_DEN_KC,00-0040646,2026,1,DEN,0,0,0,0,0,0,0,0,0,0,0,0,0
2026_01_NE_SEA,00-0040647,2026,1,NE,0,0,0,0,0,0,0,0,0,0,0,0,0
2026_01_BUF_HOU,00-0040654,2026,1,BUF,0,0,0,0,0,0,0,0,0,0,0,0,0
2026_01_CLE_JAX,00-0040663,2026,1,JAX,0,0,0,0,0,0,0,2,3,21,0,0,0
2026_01_ARI_LAC,00-0040666,2026,1,ARI,0,0,0,0,12,43,1,0,0,0,0,0,1
2026_01_GB_MIN,00-0040667,2026,1,MIN,0,0,0,0,0,0,0,6,12,95,0,0,0
2026_01_NO_DET,00-0040669,2026,1,NO,0,0,0,0,0,0,0,0,1,0,0,0,0
2026_01_DEN_KC,00-0040670,2026,1,DEN,0,0,0,0,0,0,0,0,0,0,0,0,0
2026_01_NO_DET,00-0040672,2026,1,NO,0,0,0,0,0,0,0,0,0,0,0,0,0
2026_01_NYJ_TEN,00-0040676,2026,1,NYJ,19,32,140,1,4,21,0,0,0,0,0,0,0
2026_01_DAL_NYG,00-0040677,2026,1,DAL,0,0,0,0,0,0,0,0,0,0,0,0,0
2026_01_ATL_PIT,00-0040678,2026,1,ATL,0,0,0,0,0,0,0,0,0,0,0,0,0
2026_01_CLE_JAX,00-0040685,2026,1,JAX,0,0,0,0,0,0,0,0,0,0,0,0,0
2026_01_WAS_PHI,00-0040686,2026,1,PHI,0,0,0,0,0,0,0,0,0,0,0,0,0
2026_01_BAL_IND,00-0040688,2026,1,IND,0,0,0,0,0,0,0,0,0,0,0,0,0
2026_01_DAL_NYG,00-0040691,2026,1,DAL,23,29,230,3,11,54,0,0,0,0,0,0,0
2026_01_NE_SEA,00-0040699,2026,1,SEA,0,0,0,0,0,0,0,0,0,0,0,0,0
2026_01_NYJ_TEN,00-0040705,2026,1,NYJ,0,0,0,0,0,0,0,1,1,7,0,0,0
2026_01_ARI_LAC,00-0040706,2026,1,LAC,0,0,0,0,0,0,0,0,0,0,0,0,0
2026_01_WAS_PHI,00-0040708,2026,1,WAS,0,0,0,0,0,0,0,0,0,0,0,0,0
2026_01_BUF_HOU,00-0040709,2026,1,HOU,0,0,0,0,0,0,0,0,0,0,0,0,0
2026_01_BUF_HOU,00-0040710,2026,1,HOU,0,0,0,0,0,0,0,0,0,0,0,0,0
2026_01_SF_LA,00-0040711,2026,1,LA,0,0,0,0,0,0,0,0,0,0,0,0,0
2026_01_DAL_NYG,00-0040715,2026,1,DAL,0,0,0,0,18,81,1,0,0,0,0,0,0
2026_01_NE_SEA,00-0040716,2026,1,SEA,0,0,0,0,0,0,0,0,0,0,0,0,0
2026_01_CLE_JAX,00-0040718,2026,1,CLE,0,0,0,0,1,3,0,1,1,8,0,0,0
2026_01_CLE_JAX,00-0040719,2026,1,CLE,0,0,0,0,15,66,0,1,1,22,0,0,0
2026_01_DEN_KC,00-0040720,2026,1,KC,0,0,0,0,0,0,0,0,0,0,0,0,0
2026_01_DAL_NYG,00-0040725,2026,1,NYG,0,0,0,0,0,0,0,0,0,0,0,0,0
2026_01_ARI_LAC,00-0040727,2026,1,ARI,0,0,0,0,0,0,0,3,6,20,0,0,0
2026_01_NO_DET,00-0040728,2026,1,NO,0,0,0,0,0,0,0,0,0,0,0,0,0
2026_01_MIA_LV,00-0040729,2026,1,MIA,0,0,0,0,0,0,0,3,4,23,1,0,0
2026_01_DEN_KC,00-0040730,2026,1,KC,0,0,0,0,3,18,0,4,4,23,0,0,0
2026_01_CHI_CAR,00-0040735,2026,1,CAR,0,0,0,0,1,2,0,5,5,63,0,0,1
2026_01_NYJ_TEN,00-0040736,2026,1,TEN,0,0,0,0,0,0,0,2,3,-2,0,0,0
2026_01_SF_LA,00-0040737,2026,1,SF,0,0,0,0,0,0,0,0,1,0,0,0,0
2026_01_TB_CIN,00-0040738,2026,1,TB,0,0,0,0,0,0,0,0,0,0,0,0,0
2026_01_NO_DET,00-0040743,2026,1,DET,35,56,410,3,4,8,0,0,0,0,0,2,1
2026_01_BAL_IND,00-0040744,2026,1,BAL,0,0,0,0,0,0,0,0,0,0,0,0,0
2026_01_BUF_HOU,00-0040745,2026,1,BUF,0,0,0,0,0,0,0,0,0,0,0,0,0
2026_01_TB_CIN,00-0040747,2026,1,CIN,0,0,0,0,0,0,0,0,0,0,0,0,0
2026_01_WAS_PHI,00-0040749,2026,1,WAS,0,0,0,0,0,0,0,0,0,0,0,0,0
2026_01_ARI_LAC,00-0040751,2026,1,LAC,0,0,0,0,0,0,0,0,0,0,0,0,0
2026_01_NYJ_TEN,00-0040752,2026,1,NYJ,0,0,0,0,0,0,0,0,0,0,0,0,0
2026_01_CLE_JAX,00-0040784,2026,1,JAX,0,0,0,0,12,33,0,2,2,17,0,0,0
2026_01_TB_CIN,00-0040785,2026,1,TB,0,0,0,0,1,10,0,1,1,18,0,0,0
2026_01_DAL_NYG,00-0040865,2026,1,NYG,0,0,0,0,0,0,0,0,0,0,0,0,0
2026_01_BAL_IND,00-0040866,2026,1,IND,0,0,0,0,0,0,0,0,0,0,0,0,0
2026_01_WAS_PHI,00-0040867,2026,1,WAS,0,0,0,0,0,0,0,3,4,-5,0,0,0
2026_01_MIA_LV,00-0040868,2026,1,MIA,0,0,0,0,0,0,0,0,0,0,0,0,0
2026_01_GB_MIN,00-0040869,2026,1,MIN,0,0,0,0,0,0,0,0,0,0,0,0,0
2026_01_BAL_IND,00-0040870,2026,1,IND,0,0,0,0,0,0,0,1,3,11,0,0,0
2026_01_DAL_NYG,00-0040872,2026,1,NYG,0,0,0,0,0,0,0,0,0,0,0,0,0
2026_01_GB_MIN,00-0040877,2026,1,MIN,0,0,0,0,0,0,0,0,0,0,0,0,0
2026_01_MIA_LV,00-0040878,2026,1,MIA,0,0,0,0,7,41,0,0,0,0,0,0,0
2026_01_BAL_IND,00-0040879,2026,1,IND,0,0,0,0,0,0,0,1,1,13,0,0,0
2026_01_DAL_NYG,00-0040880,2026,1,NYG,0,0,0,0,0,0,0,0,0,0,0,0,0
2026_01_MIA_LV,00-0040889,2026,1,MIA,0,0,0,0,0,0,0,0,0,0,0,0,0
2026_01_DEN_KC,00-0040890,2026,1,DEN,0,0,0,0,0,0,0,0,1,0,0,0,0
2026_01_MIA_LV,00-0040894,2026,1,MIA,0,0,0,0,1,-8,0,1,2,6,0,0,0
2026_01_BAL_IND,00-0040898,2026,1,IND,0,0,0,0,0,0,0,0,0,0,0,0,0
2026_01_GB_MIN,00-0040899,2026,1,MIN,0,0,0,0,0,0,0,0,0,0,0,0,0
2026_01_DEN_KC,00-0040957,2026,1,DEN,0,0,0,0,0,0,0,0,0,0,0,0,0
2026_01_BAL_IND,00-0040978,2026,1,IND,0,0,0,0,0,0,0,0,0,0,0,0,0
2026_01_DEN_KC,00-0041013,2026,1,DEN,0,0,0,0,8,24,0,2,2,44,0,0,0
2026_01_DEN_KC,00-0041019,2026,1,DEN,0,0,0,0,0,0,0,0,0,0,0,0,0
2026_01_NYJ_TEN,00-0041026,2026,1,TEN,0,0,0,0,0,0,0,0,0,0,0,0,0
2026_01_ARI_LAC,00-0041027,2026,1,LAC,0,0,0,0,11,41,1,2,4,9,0,0,0
2026_01_WAS_PHI,00-0041028,2026,1,PHI,0,0,0,0,0,0,0,0,0,0,0,0,0
2026_01_TB_CIN,00-0041031,2026,1,CIN,0,0,0,0,0,0,0,0,0,0,0,0,0
2026_01_NYJ_TEN,00-0041032,2026,1,TEN,0,0,0,0,1,3,1,3,3,21,0,0,0
2026_01_CHI_CAR,00-0041034,2026,1,CHI,0,0,0,0,0,0,0,0,0,0,0,0,0
2026_01_BUF_HOU,00-0041036,2026,1,HOU,0,0,0,0,0,0,0,0,0,0,0,0,0
2026_01_CLE_JAX,00-0041037,2026,1,JAX,0,0,0,0,0,0,0,2,4,59,1,0,0
2026_01_WAS_PHI,00-0041040,2026,1,PHI,0,0,0,0,0,0,0,4,4,64,1,0,0
2026_01_DAL_NYG,00-0041042,2026,1,DAL,0,0,0,0,0,0,0,2,4,25,0,0,0
2026_01_BAL_IND,00-0041043,2026,1,BAL,0,0,0,0,0,0,0,0,0,0,0,0,0
2026_01_ATL_PIT,00-0041044,2026,1,PIT,0,0,0,0,0,0,0,0,0,0,0,0,0
2026_01_CLE_JAX,00-0041045,2026,1,CLE,0,0,0,0,0,0,0,0,0,0,0,0,0
2026_01_GB_MIN,00-0041046,2026,1,GB,0,0,0,0,0,0,0,0,0,0,0,0,0
2026_01_TB_CIN,00-0041048,2026,1,CIN,0,0,0,0,0,0,0,3,3,36,0,0,0
2026_01_SF_LA,00-0041052,2026,1,LA,0,0,0,0,14,65,0,1,1,5,0,0,0
2026_01_TB_CIN,00-0041057,2026,1,CIN,0,0,0,0,0,0,0,0,0,0,0,0,0
2026_01_CHI_CAR,00-0041060,2026,1,CAR,0,0,0,0,0,0,0,0,0,0,0,0,0
2026_01_CHI_CAR,00-0041063,2026,1,CHI,0,0,0,0,0,0,0,0,0,0,0,0,0
2026_01_ARI_LAC,00-0041064,2026,1,ARI,0,0,0,0,0,0,0,0,0,0,0,0,0
2026_01_ATL_PIT,00-0041066,2026,1,PIT,0,0,0,0,0,0,0,0,0,0,0,0,0
2026_01_NO_DET,00-0041067,2026,1,DET,0,0,0,0,0,0,0,3,4,42,0,0,0
2026_01_SF_LA,00-0041078,2026,1,LA,0,0,0,0,0,0,0,0,0,0,0,0,0
2026_01_ARI_LAC,00-0041093,2026,1,LAC,0,0,0,0,0,0,0,0,0,0,0,0,0
2026_01_TB_CIN,00-0041094,2026,1,CIN,0,0,0,0,0,0,0,0,0,0,0,0,0
2026_01_WAS_PHI,00-0041096,2026,1,PHI,0,0,0,0,4,16,0,0,0,0,0,0,0
2026_01_NO_DET,00-0041099,2026,1,DET,0,0,0,0,1,3,0,0,0,0,0,0,0
2026_01_CLE_JAX,00-0041100,2026,1,CLE,0,0,0,0,0,0,0,2,2,20,1,0,0
2026_01_NE_SEA,00-0041109,2026,1,SEA,0,0,0,0,0,0,0,0,0,0,0,0,0
2026_01_BAL_IND,00-0041111,2026,1,BAL,0,0,0,0,0,0,0,0,0,0,0,0,0
2026_01_ATL_PIT,00-0041112,2026,1,PIT,0,0,0,0,0,0,0,0,0,0,0,0,0
2026_01_BAL_IND,00-0041125,2026,1,BAL,0,0,0,0,0,0,0,1,1,0,0,0,0
2026_01_BUF_HOU,00-0041126,2026,1,HOU,0,0,0,0,0,0,0,0,0,0,0,0,0
2026_01_CLE_JAX,00-0041131,2026,1,JAX,0,0,0,0,0,0,0,0,0,0,0,0,0
2026_01_DAL_NYG,00-0041145,2026,1,DAL,0,0,0,0,0,0,0,0,0,0,0,0,0
2026_01_CHI_CAR,00-0041148,2026,1,CHI,0,0,0,0,0,0,0,0,0,0,0,0,0
2026_01_CHI_CAR,00-0041167,2026,1,CAR,0,0,0,0,0,0,0,0,0,0,0,0,0
2026_01_CHI_CAR,00-0041175,2026,1,CAR,0,0,0,0,0,0,0,0,0,0,0,0,0
2026_01_WAS_PHI,00-0041182,2026,1,PHI,0,0,0,0,0,0,0,0,0,0,0,0,0
2026_01_BAL_IND,00-0041227,2026,1,BAL,0,0,0,0,0,0,0,0,0,0,0,0,0
2026_01_BUF_HOU,00-0041305,2026,1,BUF,0,0,0,0,0,0,0,0,0,0,0,0,0
2026_01_BAL_IND,00-0041320,2026,1,BAL,0,0,0,0,0,0,0,0,0,0,0,0,0
2026_01_NO_DET,00-0041326,2026,1,DET,0,0,0,0,2,4,0,1,2,-2,0,0,0
2026_01_GB_MIN,00-0041354,2026,1,GB,0,0,0,0,0,0,0,0,0,0,0,0,0
2026_01_SF_LA,00-0041363,2026,1,LA,0,0,0,0,0,0,0,0,0,0,0,0,0
2026_01_NO_DET,00-0041390,2026,1,DET,0,0,0,0,0,0,0,0,0,0,0,0,0
2026_01_BUF_HOU,00-0041391,2026,1,HOU,0,0,0,0,0,0,0,0,0,0,0,0,0
2026_01_ARI_LAC,00-0041392,2026,1,ARI,0,0,0,0,0,0,0,0,0,0,0,0,0
2026_01_ATL_PIT,00-0041393,2026,1,ATL,0,0,0,0,0,0,0,0,0,0,0,0,0
2026_01_NE_SEA,00-0041395,2026,1,SEA,0,0,0,0,0,0,0,1,1,2,1,0,0
2026_01_ATL_PIT,00-0041397,2026,1,ATL,0,0,0,0,0,0,0,0,0,0,0,0,0
2026_01_ATL_PIT,00-0041398,2026,1,ATL,0,0,0,0,0,0,0,0,0,0,0,0,0
2026_01_ATL_PIT,00-0041401,2026,1,ATL,0,0,0,0,0,0,0,0,0,0,0,0,0
2026_01_NYJ_TEN,00-0041438,2026,1,NYJ,0,0,0,0,0,0,0,4,6,38,0,0,0
2026_01_BUF_HOU,00-0041444,2026,1,HOU,0,0,0,0,0,0,0,0,0,0,0,0,0
2026_01_NO_DET,00-0041445,2026,1,NO,0,0,0,0,0,0,0,0,0,0,0,0,0
2026_01_NO_DET,00-0041447,2026,1,NO,0,0,0,0,0,0,0,0,0,0,0,0,0
2026_01_NO_DET,00-0041459,2026,1,NO,0,0,0,0,0,0,0,0,0,0,0,0,0
2026_01_TB_CIN,00-0041464,2026,1,TB,0,0,0,0,0,0,0,0,0,0,0,0,0
2026_01_BUF_HOU,00-0041465,2026,1,BUF,0,0,0,0,0,0,0,0,0,0,0,0,0
2026_01_ATL_PIT,00-0041469,2026,1,PIT,0,0,0,0,0,0,0,0,0,0,0,0,0
2026_01_GB_MIN,00-0041470,2026,1,MIN,0,0,0,0,0,0,0,0,0,0,0,0,0
2026_01_CLE_JAX,00-0041471,2026,1,JAX,0,0,0,0,0,0,0,0,0,0,0,0,0
2026_01_BUF_HOU,00-0041472,2026,1,BUF,0,0,0,0,0,0,0,1,1,16,0,0,0
2026_01_CHI_CAR,00-0041478,2026,1,CHI,0,0,0,0,0,0,0,0,0,0,0,0,0
2026_01_NYJ_TEN,00-0041479,2026,1,NYJ,0,0,0,0,0,0,0,0,0,0,0,0,0
2026_01_ATL_PIT,00-0041490,2026,1,ATL,0,0,0,0,0,0,0,0,0,0,0,0,0
2026_01_GB_MIN,00-0041495,2026,1,GB,0,0,0,0,0,0,0,0,0,0,0,0,0
2026_01_DEN_KC,00-0041496,2026,1,KC,0,0,0,0,0,0,0,0,0,0,0,0,0
2026_01_DEN_KC,00-0041497,2026,1,DEN,0,0,0,0,0,0,0,0,0,0,0,0,0
2026_01_DEN_KC,00-0041501,2026,1,DEN,0,0,0,0,0,0,0,0,0,0,0,0,0
2026_01_TB_CIN,00-0041502,2026,1,CIN,0,0,0,0,0,0,0,0,0,0,0,0,0
2026_01_CLE_JAX,00-0041503,2026,1,CLE,0,0,0,0,0,0,0,1,1,9,0,0,0
2026_01_NYJ_TEN,00-0041508,2026,1,NYJ,0,0,0,0,0,0,0,0,0,0,0,0,0
2026_01_DAL_NYG,00-0041509,2026,1,DAL,0,0,0,0,0,0,0,0,0,0,0,0,0
2026_01_NYJ_TEN,00-0041511,2026,1,TEN,0,0,0,0,0,0,0,1,1,30,0,0,0
2026_01_NE_SEA,00-0041512,2026,1,NE,0,0,0,0,10,52,0,2,2,6,0,0,0
2026_01_BAL_IND,00-0041518,2026,1,BAL,0,0,0,0,0,0,0,0,0,0,0,0,0
2026_01_MIA_LV,00-0041521,2026,1,LV,0,0,0,0,0,0,0,0,0,0,0,0,0
2026_01_MIA_LV,00-0041522,2026,1,LV,0,0,0,0,0,0,0,0,0,0,0,0,0
2026_01_MIA_LV,00-0041523,2026,1,LV,0,0,0,0,0,0,0,5,7,94,0,0,0
2026_01_MIA_LV,00-0041524,2026,1,LV,0,0,0,0,0,0,0,0,1,0,0,0,0
2026_01_MIA_LV,00-0041525,2026,1,LV,0,0,0,0,0,0,0,1,2,25,0,0,0
2026_01_MIA_LV,00-0041528,2026,1,LV,0,0,0,0,0,0,0,0,0,0,0,0,0
2026_01_MIA_LV,00-0041529,2026,1,LV,0,0,0,0,0,0,0,0,2,0,0,0,0
2026_01_MIA_LV,00-0041533,2026,1,LV,0,0,0,0,0,0,0,0,0,0,0,0,0
2026_01_DAL_NYG,00-0041537,2026,1,NYG,0,0,0,0,0,0,0,0,0,0,0,0,0
2026_01_CHI_CAR,00-0041538,2026,1,CAR,0,0,0,0,0,0,0,0,0,0,0,0,0
2026_01_DEN_KC,00-0041543,2026,1,DEN,0,0,0,0,0,0,0,0,0,0,0,0,0
2026_01_ARI_LAC,00-0041544,2026,1,ARI,0,0,0,0,0,0,0,0,0,0,0,0,0
2026_01_DEN_KC,00-0041545,2026,1,DEN,0,0,0,0,0,0,0,0,0,0,0,0,0
2026_01_CLE_JAX,00-0041547,2026,1,JAX,0,0,0,0,3,15,0,4,5,43,0,0,1
2026_01_NYJ_TEN,00-0041549,2026,1,TEN,0,0,0,0,0,0,0,0,0,0,0,0,0
2026_01_NE_SEA,00-0041569,2026,1,SEA,0,0,0,0,0,0,0,0,0,0,0,0,0
2026_01_GB_MIN,00-0041581,2026,1,GB,0,0,0,0,0,0,0,0,0,0,0,0,0
2026_01_NE_SEA,0,2026,1,NE,0,0,0,0,0,0,0,0,0,0,0,0,0
2026_02_PIT_NE,00-0023459,2026,2,NE,23,39,187,0,1,5,0,0,0,0,0,1,1
2026_02_CAR_ATL,00-0025565,2026,2,CAR,0,0,0,0,0,0,0,0,0,0,0,0,0
2026_02_NO_BAL,00-0026190,2026,2,NO,0,0,0,0,0,0,0,0,0,0,0,0,0
2026_02_NYG_LA,00-0026498,2026,2,NYG,22,31,327,4,4,-1,0,0,0,0,0,1,0
2026_02_MIA_SF,00-0027857,2026,2,MIA,0,0,0,0,0,0,0,0,0,0,0,0,0
2026_02_WAS_DAL,00-0027940,2026,2,WAS,0,0,0,0,0,0,0,0,0,0,0,0,0
2026_02_NO_BAL,00-0027962,2026,2,BAL,0,0,0,0,0,0,0,0,0,0,0,0,0
2026_02_PIT_NE,00-0027969,2026,2,NE,0,0,0,0,0,0,0,0,0,0,0,0,0
2026_02_LV_LAC,00-0029604,2026,2,LAC,19,29,253,3,4,1,0,0,0,0,0,1,0
2026_02_MIN_CHI,00-0029606,2026,2,CHI,0,0,0,0,0,0,0,0,0,0,0,0,0
2026_02_GB_NYJ,00-0029607,2026,2,GB,0,0,0,0,0,0,0,0,0,0,0,0,0
2026_02_WAS_DAL,00-0029692,2026,2,WAS,0,0,0,0,0,0,0,0,0,0,0,0,0
2026_02_MIN_CHI,00-0029714,2026,2,CHI,0,0,0,0,0,0,0,0,0,0,0,0,0
2026_02_MIA_SF,00-0029892,2026,2,MIA,0,0,0,0,0,0,0,2,2,27,1,0,0
2026_02_NO_BAL,00-0030070,2026,2,NO,0,0,0,0,0,0,0,0,0,0,0,0,0
2026_02_CAR_ATL,00-0030092,2026,2,ATL,0,0,0,0,0,0,0,0,0,0,0,0,0
2026_02_WAS_DAL,00-0030140,2026,2,DAL,0,0,0,0,0,0,0,0,0,0,0,0,0
2026_02_IND_KC,00-0030279,2026,2,KC,0,0,0,0,0,0,0,1,5,5,0,0,0
2026_02_LV_LAC,00-0030294,2026,2,LV,0,0,0,0,0,0,0,0,0,0,0,0,0
2026_02_IND_KC,00-0030506,2026,2,IND,0,0,0,0,0,0,0,9,11,101,1,0,0
2026_02_PHI_TEN,00-0030561,2026,2,TEN,0,0,0,0,0,0,0,0,0,0,0,0,0
2026_02_GB_NYJ,00-0030565,2026,2,GB,27,41,247,1,5,17,0,0,0,0,0,0,0
2026_02_LV_LAC,00-0031040,2026,2,LV,0,0,0,0,0,0,0,0,0,0,0,0,0
2026_02_PIT_NE,00-0031054,2026,2,PIT,0,0,0,0,0,0,0,0,0,0,0,0,0
2026_02_PIT_NE,00-0031136,2026,2,NE,0,0,0,0,0,0,0,0,0,0,0,0,0
2026_02_MIN_CHI,00-0031203,2026,2,MIN,0,0,0,0,0,0,0,0,0,0,0,0,0
2026_02_NYG_LA,00-0031270,2026,2,LA,0,0,0,0,0,0,0,0,0,0,0,0,0
2026_02_CAR_ATL,00-0031279,2026,2,CAR,0,0,0,0,0,0,0,0,0,0,0,0,0
2026_02_PIT_NE,00-0031330,2026,2,PIT,0,0,0,0,0,0,0,0,0,0,0,0,0
2026_02_MIN_CHI,00-0031360,2026,2,CHI,0,0,0,0,0,0,0,0,0,0,0,0,0
2026_02_NYG_LA,00-0031381,2026,2,NYG,0,0,0,0,0,0,0,8,10,195,2,0,0
2026_02_NYG_LA,00-0031388,2026,2,NYG,0,0,0,0,0,0,0,0,0,0,0,0,0
2026_02_MIA_SF,00-0031408,2026,2,MIA,0,0,0,0,0,0,0,3,3,54,0,0,0
2026_02_SEA_ARI,00-0031411,2026,2,ARI,0,0,0,0,0,0,0,0,0,0,0,0,0
2026_02_SEA_ARI,00-0031492,2026,2,ARI,0,0,0,0,0,0,0,0,0,0,0,0,0
2026_02_NYG_LA,00-0031503,2026,2,LA,11,27,111,0,2,1,0,0,0,0,0,1,0
2026_02_CIN_HOU,00-0031565,2026,2,CIN,0,0,0,0,0,0,0,0,0,0,0,0,0
2026_02_CAR_ATL,00-0031576,2026,2,CAR,0,0,0,0,0,0,0,0,0,0,0,0,0
2026_02_MIN_CHI,00-0031583,2026,2,MIN,0,0,0,0,0,0,0,0,0,0,0,0,0
2026_02_WAS_DAL,00-0031588,2026,2,DAL,0,0,0,0,0,0,0,5,6,47,2,0,0
2026_02_CAR_ATL,00-0031610,2026,2,ATL,0,0,0,0,0,0,0,3,3,33,2,0,0
2026_02_JAX_DEN,00-0031898,2026,2,JAX,0,0,0,0,0,0,0,0,0,0,0,0,0
2026_02_SEA_ARI,00-0031933,2026,2,ARI,0,0,0,0,0,0,0,0,0,0,0,0,0
2026_02_CLE_TB,00-0031957,2026,2,CLE,0,0,0,0,0,0,0,0,0,0,0,0,0
2026_02_MIA_SF,00-0032065,2026,2,SF,0,0,0,0,1,0,0,0,0,0,0,0,0
2026_02_CIN_HOU,00-0032071,2026,2,CIN,0,0,0,0,0,0,0,0,0,0,0,0,0
2026_02_JAX_DEN,00-0032104,2026,2,DEN,0,0,0,0,3,11,0,1,1,2,0,0,0
2026_02_LV_LAC,00-0032146,2026,2,LV,0,0,0,0,0,0,0,0,0,0,0,0,0
2026_02_JAX_DEN,00-0032164,2026,2,DEN,0,0,0,0,0,0,0,0,0,0,0,0,0
2026_02_CIN_HOU,00-0032265,2026,2,CIN,0,0,0,0,0,0,0,0,0,0,0,0,0
2026_02_WAS_DAL,00-0032268,2026,2,DAL,11,16,111,1,1,3,0,0,0,0,0,0,0
2026_02_IND_KC,00-0032378,2026,2,KC,0,0,0,0,0,0,0,0,0,0,0,0,0
2026_02_SEA_ARI,00-0032387,2026,2,ARI,0,0,0,0,0,0,0,0,0,0,0,0,0
2026_02_CAR_ATL,00-0032392,2026,2,CAR,0,0,0,0,0,0,0,2,4,20,0,0,0
2026_02_NO_BAL,00-0032398,2026,2,NO,0,0,0,0,0,0,0,1,3,6,0,0,0
2026_02_NYG_LA,00-0032424,2026,2,LA,0,0,0,0,0,0,0,0,0,0,0,0,0
2026_02_CIN_HOU,00-0032445,2026,2,HOU,0,0,0,0,0,0,0,0,0,0,0,0,0
2026_02_MIN_CHI,00-0032464,2026,2,MIN,0,0,0,0,0,0,0,5,5,40,0,0,0
2026_02_JAX_DEN,00-0032569,2026,2,JAX,0,0,0,0,0,0,0,0,0,0,0,0,0
2026_02_CIN_HOU,00-0032726,2026,2,CIN,0,0,0,0,0,0,0,0,0,0,0,0,0
2026_02_CIN_HOU,00-0032759,2026,2,CIN,0,0,0,0,0,0,0,0,0,0,0,0,0
2026_02_IND_KC,00-0032762,2026,2,IND,0,0,0,0,0,0,0,0,0,0,0,0,0
2026_02_NO_BAL,00-0032764,2026,2,NO,0,0,0,0,16,68,1,3,3,19,0,0,0
2026_02_MIA_SF,00-0032775,2026,2,MIA,0,0,0,0,0,0,0,3,3,34,0,0,0
2026_02_CLE_TB,00-0032889,2026,2,CLE,0,0,0,0,0,0,0,0,0,0,0,0,0
2026_02_CLE_TB,00-0032943,2026,2,CLE,0,0,0,0,0,0,0,0,0,0,0,0,0
2026_02_MIN_CHI,00-0032950,2026,2,CHI,11,20,143,0,3,6,0,0,0,0,0,0,0
2026_02_IND_KC,00-0032951,2026,2,KC,0,0,0,0,0,0,0,3,3,61,0,0,0
2026_02_JAX_DEN,00-0033038,2026,2,DEN,0,0,0,0,0,0,0,0,0,0,0,0,0
2026_02_PIT_NE,00-0033055,2026,2,NE,0,0,0,0,0,0,0,0,0,0,0,0,0
2026_02_WAS_DAL,00-0033077,2026,2,WAS,26,31,279,4,4,26,0,0,0,0,0,0,0
2026_02_PIT_NE,00-0033090,2026,2,PIT,0,0,0,0,0,0,0,3,5,40,0,0,0
2026_02_WAS_DAL,00-0033093,2026,2,WAS,0,0,0,0,0,0,0,0,0,0,0,0,0
2026_02_DET_BUF,00-0033106,2026,2,BUF,26,38,327,4,3,7,0,0,0,0,0,0,0
2026_02_SEA_ARI,00-0033119,2026,2,SEA,17,28,95,1,1,7,0,0,0,0,0,1,0
2026_02_WAS_DAL,00-0033120,2026,2,WAS,0,0,0,0,0,0,0,0,0,0,0,0,0
2026_02_CLE_TB,00-0033131,2026,2,TB,0,0,0,0,0,0,0,0,0,0,0,0,0
2026_02_PIT_NE,00-0033132,2026,2,PIT,0,0,0,0,0,0,0,0,0,0,0,0,0
2026_02_PHI_TEN,00-0033246,2026,2,TEN,0,0,0,0,0,0,0,2,3,8,0,0,0
2026_02_GB_NYJ,00-0033260,2026,2,GB,0,0,0,0,0,0,0,0,0,0,0,0,0
2026_02_IND_KC,00-0033269,2026,2,KC,0,0,0,0,0,0,0,0,0,0,0,0,0
2026_02_MIA_SF,00-0033280,2026,2,MIA,0,0,0,0,10,23,2,4,4,43,0,0,0
2026_02_NO_BAL,00-0033281,2026,2,NO,0,0,0,0,0,0,0,0,0,0,0,0,0
2026_02_MIA_SF,00-0033288,2026,2,MIA,0,0,0,0,0,0,0,4,4,80,1,0,0
2026_02_MIN_CHI,00-0033293,2026,2,CHI,0,0,0,0,23,105,0,0,0,0,0,0,0
2026_02_DET_BUF,00-0033294,2026,2,BUF,0,0,0,0,0,0,0,0,0,0,0,0,0
2026_02_JAX_DEN,00-0033297,2026,2,JAX,0,0,0,0,0,0,0,0,0,0,0,0,0
2026_02_IND_KC,00-0033303,2026,2,IND,0,0,0,0,0,0,0,0,0,0,0,0,0
2026_02_SEA_ARI,00-0033307,2026,2,SEA,0,0,0,0,0,0,0,2,3,11,0,0,0
2026_02_MIN_CHI,00-0033336,2026,2,CHI,0,0,0,0,0,0,0,0,0,0,0,0,0
2026_02_LV_LAC,00-0033381,2026,2,LAC,0,0,0,0,0,0,0,0,0,0,0,0,0
2026_02_CIN_HOU,00-0033523,2026,2,HOU,0,0,0,0,0,0,0,0,0,0,0,0,0
2026_02_CIN_HOU,00-0033526,2026,2,HOU,0,0,0,0,2,6,0,1,1,16,0,0,0
2026_02_CLE_TB,00-0033537,2026,2,TB,24,30,238,2,7,22,0,0,0,0,0,0,0
2026_02_LV_LAC,00-0033546,2026,2,LV,0,0,0,0,0,0,0,0,0,0,0,0,0
2026_02_WAS_DAL,00-0033551,2026,2,DAL,0,0,0,0,0,0,0,0,0,0,0,0,0
2026_02_PIT_NE,00-0033555,2026,2,PIT,0,0,0,0,0,0,0,2,2,18,0,0,0
2026_02_SEA_ARI,00-0033576,2026,2,ARI,0,0,0,0,0,0,0,1,1,-10,0,0,0
2026_02_MIN_CHI,00-0033579,2026,2,MIN,0,0,0,0,0,0,0,0,0,0,0,0,0
2026_02_CAR_ATL,00-0033662,2026,2,CAR,10,17,86,0,2,20,0,0,0,0,0,2,1
2026_02_PIT_NE,00-0033729,2026,2,NE,0,0,0,0,0,0,0,0,0,0,0,0,0
2026_02_PHI_TEN,00-0033787,2026,2,TEN,0,0,0,0,0,0,0,0,0,0,0,0,0
2026_02_NO_BAL,00-0033860,2026,2,BAL,0,0,0,0,0,0,0,0,0,0,0,0,0
2026_02_PHI_TEN,00-0033870,2026,2,PHI,0,0,0,0,0,0,0,0,0,0,0,0,0
2026_02_IND_KC,00-0033873,2026,2,IND,32,47,382,3,2,17,0,0,0,0,0,0,0
2026_02_CLE_TB,00-0033876,2026,2,TB,0,0,0,0,0,0,0,0,0,0,0,0,0
2026_02_JAX_DEN,00-0033881,2026,2,JAX,0,0,0,0,0,0,0,1,1,17,0,0,0
2026_02_LV_LAC,00-0033885,2026,2,LV,0,0,0,0,0,0,0,1,3,9,0,0,0
2026_02_PIT_NE,00-0033886,2026,2,NE,0,0,0,0,0,0,0,0,0,0,0,0,0
2026_02_SEA_ARI,00-0033890,2026,2,SEA,0,0,0,0,0,0,0,0,0,0,0,0,0
2026_02_NO_BAL,00-0033906,2026,2,BAL,0,0,0,0,9,15,0,5,6,7,0,0,0
2026_02_SEA_ARI,00-0033908,2026,2,ARI,0,0,0,0,0,0,0,2,2,20,0,0,0
2026_02_CLE_TB,00-0033914,2026,2,CLE,0,0,0,0,0,0,0,0,0,0,0,0,0
2026_02_WAS_DAL,00-0033918,2026,2,DAL,0,0,0,0,0,0,0,0,0,0,0,0,0
2026_02_CLE_TB,00-0033921,2026,2,CLE,0,0,0,0,1,12,0,3,3,46,0,0,0
2026_02_JAX_DEN,00-0033928,2026,2,DEN,0,0,0,0,0,0,0,0,0,0,0,0,0
2026_02_NO_BAL,00-0033935,2026,2,NO,0,0,0,0,0,0,0,0,0,0,0,0,0
2026_02_PIT_NE,00-0033941,2026,2,NE,0,0,0,0,0,0,0,0,0,0,0,0,0
2026_02_CAR_ATL,00-0033945,2026,2,CAR,0,0,0,0,0,0,0,0,0,0,0,0,0
2026_02_IND_KC,00-0033952,2026,2,KC,0,0,0,0,0,0,0,0,0,0,0,0,0
2026_02_PHI_TEN,00-0034112,2026,2,PHI,0,0,0,0,0,0,0,0,0,0,0,0,0
2026_02_SEA_ARI,00-0034160,2026,2,ARI,0,0,0,0,0,0,0,0,0,0,0,0,0
2026_02_NO_BAL,00-0034161,2026,2,BAL,0,0,0,0,0,0,0,0,0,0,0,0,0
2026_02_LV_LAC,00-0034162,2026,2,LV,0,0,0,0,0,0,0,0,0,0,0,0,0
2026_02_PHI_TEN,00-0034163,2026,2,PHI,0,0,0,0,0,0,0,0,0,0,0,0,0
2026_02_MIA_SF,00-0034173,2026,2,MIA,0,0,0,0,0,0,0,0,0,0,0,0,0
2026_02_NYG_LA,00-0034234,2026,2,NYG,0,0,0,0,0,0,0,0,0,0,0,0,0
2026_02_NYG_LA,00-0034248,2026,2,LA,0,0,0,0,0,0,0,0,0,0,0,0,0
2026_02_LV_LAC,00-0034275,2026,2,LAC,0,0,0,0,0,0,0,0,0,0,0,0,0
2026_02_CIN_HOU,00-0034278,2026,2,CIN,0,0,0,0,0,0,0,0,0,0,0,0,0
2026_02_MIA_SF,00-0034285,2026,2,SF,0,0,0,0,0,0,0,0,0,0,0,0,0
2026_02_MIN_CHI,00-0034320,2026,2,MIN,0,0,0,0,0,0,0,0,0,0,0,0,0
2026_02_WAS_DAL,00-0034333,2026,2,DAL,0,0,0,0,0,0,0,0,0,0,0,0,0
2026_02_JAX_DEN,00-0034348,2026,2,JAX,0,0,0,0,0,0,0,3,4,25,0,0,0
2026_02_SEA_ARI,00-0034350,2026,2,ARI,0,0,0,0,0,0,0,0,0,0,0,0,0
2026_02_PHI_TEN,00-0034351,2026,2,TEN,0,0,0,0,0,0,0,1,2,4,0,0,0
2026_02_LV_LAC,00-0034356,2026,2,LV,0,0,0,0,0,0,0,0,0,0,0,0,0
2026_02_NO_BAL,00-0034361,2026,2,BAL,0,0,0,0,0,0,0,0,0,0,0,0,0
2026_02_LV_LAC,00-0034365,2026,2,LAC,0,0,0,0,0,0,0,1,1,11,0,0,0
2026_02_WAS_DAL,00-0034373,2026,2,DAL,0,0,0,0,0,0,0,0,0,0,0,0,0
2026_02_LV_LAC,00-0034376,2026,2,LAC,0,0,0,0,0,0,0,0,0,0,0,0,0
2026_02_DET_BUF,00-0034377,2026,2,BUF,0,0,0,0,0,0,0,0,0,0,0,0,0
2026_02_SEA_ARI,00-0034381,2026,2,SEA,0,0,0,0,0,0,0,0,0,0,0,0,0
2026_02_CIN_HOU,00-0034383,2026,2,CIN,0,0,0,0,0,0,0,12,14,140,0,0,0
2026_02_DET_BUF,00-0034384,2026,2,BUF,0,0,0,0,0,0,0,0,0,0,0,0,0
2026_02_MIA_SF,00-0034391,2026,2,MIA,0,0,0,0,0,0,0,0,0,0,0,0,0
2026_02_WAS_DAL,00-0034397,2026,2,DAL,0,0,0,0,0,0,0,0,0,0,0,0,0
2026_02_JAX_DEN,00-0034413,2026,2,DEN,0,0,0,0,0,0,0,0,0,0,0,0,0
2026_02_NYG_LA,00-0034419,2026,2,LA,0,0,0,0,0,0,0,0,0,0,0,0,0
2026_02_GB_NYJ,00-0034431,2026,2,NYJ,0,0,0,0,0,0,0,0,0,0,0,0,0
2026_02_JAX_DEN,00-0034437,2026,2,DEN,0,0,0,0,0,0,0,0,0,0,0,0,0
2026_02_CIN_HOU,00-0034446,2026,2,HOU,0,0,0,0,0,0,0,0,0,0,0,0,0
2026_02_WAS_DAL,00-0034465,2026,2,DAL,0,0,0,0,0,0,0,0,0,0,0,0,0
2026_02_JAX_DEN,00-0034473,2026,2,DEN,0,0,0,0,0,0,0,0,0,0,0,0,0
2026_02_IND_KC,00-0034485,2026,2,KC,0,0,0,0,0,0,0,0,0,0,0,0,0
2026_02_IND_KC,00-0034573,2026,2,KC,0,0,0,0,0,0,0,0,0,0,0,0,0
2026_02_NYG_LA,00-0034673,2026,2,LA,0,0,0,0,0,0,0,0,0,0,0,0,0
2026_02_CAR_ATL,00-0034675,2026,2,CAR,0,0,0,0,0,0,0,0,0,0,0,0,0
2026_02_PIT_NE,00-0034720,2026,2,PIT,0,0,0,0,0,0,0,0,0,0,0,0,0
2026_02_CLE_TB,00-0034721,2026,2,TB,0,0,0,0,0,0,0,0,0,0,0,0,0
2026_02_CIN_HOU,00-0034752,2026,2,HOU,0,0,0,0,0,0,0,0,0,0,0,0,0
2026_02_NO_BAL,00-0034753,2026,2,NO,0,0,0,0,0,0,0,6,7,49,0,0,0
2026_02_CIN_HOU,00-0034754,2026,2,HOU,0,0,0,0,0,0,0,0,0,0,0,0,0
2026_02_NO_BAL,00-0034760,2026,2,BAL,0,0,0,0,0,0,0,0,0,0,0,0,0
2026_02_PIT_NE,00-0034771,2026,2,NE,0,1,0,0,1,3,0,0,0,0,0,0,0
2026_02_CLE_TB,00-0034773,2026,2,CLE,0,0,0,0,0,0,0,0,0,0,0,0,0
2026_02_GB_NYJ,00-0034782,2026,2,GB,0,0,0,0,0,0,0,0,0,0,0,0,0
2026_02_LV_LAC,00-0034790,2026,2,LV,0,0,0,0,0,0,0,0,0,0,0,0,0
2026_02_GB_NYJ,00-0034794,2026,2,GB,0,0,0,0,0,0,0,0,0,0,0,0,0
2026_02_NO_BAL,00-0034796,2026,2,NO,21,31,235,1,4,34,0,0,0,0,0,1,0
2026_02_NO_BAL,00-0034798,2026,2,NO,0,0,0,0,0,0,0,0,1,0,0,0,0
2026_02_CAR_ATL,00-0034801,2026,2,CAR,0,0,0,0,0,0,0,0,0,0,0,0,0
2026_02_PHI_TEN,00-0034805,2026,2,PHI,0,0,0,0,0,0,0,0,0,0,0,0,0
2026_02_PIT_NE,00-0034810,2026,2,NE,0,0,0,0,0,0,0,0,0,0,0,0,0
2026_02_MIA_SF,00-0034815,2026,2,MIA,0,0,0,0,0,0,0,0,0,0,0,0,0
2026_02_IND_KC,00-0034825,2026,2,KC,0,0,0,0,0,0,0,0,0,0,0,0,0
2026_02_DET_BUF,00-0034827,2026,2,DET,0,0,0,0,1,-1,0,0,0,0,0,0,0
2026_02_DET_BUF,00-0034832,2026,2,DET,0,0,0,0,0,0,0,0,0,0,0,0,0
2026_02_PHI_TEN,00-0034837,2026,2,PHI,0,0,0,0,0,0,0,2,2,35,0,0,0
2026_02_CAR_ATL,00-0034843,2026,2,CAR,0,0,0,0,0,0,0,0,0,0,0,0,0
2026_02_PHI_TEN,00-0034844,2026,2,TEN,0,0,0,0,4,9,0,1,2,11,0,0,0
2026_02_JAX_DEN,00-0034847,2026,2,JAX,0,0,0,0,0,0,0,0,0,0,0,0,0
2026_02_MIA_SF,00-0034854,2026,2,MIA,0,0,0,0,0,0,0,1,1,18,0,0,0
2026_02_CLE_TB,00-0034855,2026,2,CLE,21,34,182,1,4,29,0,0,0,0,0,1,0
2026_02_CLE_TB,00-0034856,2026,2,TB,0,0,0,0,0,0,0,0,0,0,0,0,0
2026_02_DET_BUF,00-0034857,2026,2,DET,20,31,248,3,14,69,2,0,0,0,0,0,0
2026_02_NO_BAL,00-0034874,2026,2,NO,0,0,0,0,0,0,0,0,0,0,0,0,0
2026_02_PIT_NE,00-0034941,2026,2,PIT,0,0,0,0,0,0,0,0,0,0,0,0,0
2026_02_GB_NYJ,00-0034959,2026,2,GB,0,0,0,0,0,0,0,0,0,0,0,0,0
2026_02_JAX_DEN,00-0034960,2026,2,DEN,0,0,0,0,0,0,0,1,1,28,0,0,0
2026_02_WAS_DAL,00-0034967,2026,2,WAS,0,0,0,0,0,0,0,0,0,0,0,0,0
2026_02_LV_LAC,00-0034973,2026,2,LAC,0,0,0,0,0,0,0,0,0,0,0,0,0
2026_02_SEA_ARI,00-0034974,2026,2,ARI,0,0,0,0,0,0,0,0,0,0,0,0,0
2026_02_NO_BAL,00-0034975,2026,2,NO,0,0,0,0,2,6,0,2,2,12,0,0,0
2026_02_CIN_HOU,00-0034981,2026,2,CIN,0,0,0,0,0,0,0,2,2,34,0,0,0
2026_02_MIA_SF,00-0034982,2026,2,MIA,0,0,0,0,0,0,0,0,0,0,0,0,0
2026_02_PHI_TEN,00-0034993,2026,2,TEN,0,0,0,0,0,0,0,0,0,0,0,0,0
2026_02_LV_LAC,00-0035125,2026,2,LV,0,0,0,0,0,0,0,0,0,0,0,0,0
2026_02_GB_NYJ,00-0035133,2026,2,NYJ,0,0,0,0,0,0,0,0,0,0,0,0,0
2026_02_SEA_ARI,00-0035144,2026,2,SEA,0,0,0,0,0,0,0,0,0,0,0,0,0
2026_02_DET_BUF,00-0035156,2026,2,BUF,0,0,0,0,0,0,0,0,0,0,0,0,0
2026_02_CIN_HOU,00-0035166,2026,2,CIN,0,0,0,0,0,0,0,0,0,0,0,0,0
2026_02_LV_LAC,00-0035190,2026,2,LAC,0,0,0,0,0,0,0,0,0,0,0,0,0
2026_02_PHI_TEN,00-0035192,2026,2,PHI,0,0,0,0,0,0,0,0,0,0,0,0,0
2026_02_LV_LAC,00-0035202,2026,2,LV,0,0,0,0,0,0,0,0,0,0,0,0,0
2026_02_CAR_ATL,00-0035208,2026,2,CAR,0,0,0,0,0,0,0,1,3,3,0,0,0
2026_02_WAS_DAL,00-0035227,2026,2,WAS,0,0,0,0,0,0,0,0,0,0,0,0,0
2026_02_MIN_CHI,00-0035229,2026,2,CHI,0,0,0,0,0,0,0,3,4,29,0,0,0
2026_02_CLE_TB,00-0035234,2026,2,TB,0,0,0,0,0,0,0,0,0,0,0,0,0
2026_02_MIN_CHI,00-0035236,2026,2,CHI,0,0,0,0,0,0,0,0,0,0,0,0,0
2026_02_JAX_DEN,00-0035240,2026,2,DEN,0,0,0,0,0,0,0,0,0,0,0,0,0
2026_02_JAX_DEN,00-0035248,2026,2,JAX,0,0,0,0,0,0,0,0,0,0,0,0,0
2026_02_MIN_CHI,00-0035249,2026,2,CHI,0,0,0,0,0,0,0,1,1,24,0,0,0
2026_02_NYG_LA,00-0035250,2026,2,LA,0,0,0,0,3,9,0,0,1,0,0,0,0
2026_02_DET_BUF,00-0035253,2026,2,DET,0,0,0,0,0,0,0,0,0,0,0,0,0
2026_02_CLE_TB,00-0035254,2026,2,CLE,0,0,0,0,0,0,0,0,0,0,0,0,0
2026_02_PHI_TEN,00-0035261,2026,2,PHI,0,0,0,0,14,64,0,1,1,1,0,0,0
2026_02_IND_KC,00-0035262,2026,2,IND,0,0,0,0,0,0,0,0,0,0,0,0,0
2026_02_LV_LAC,00-0035269,2026,2,LAC,0,0,0,0,0,0,0,0,0,0,0,0,0
2026_02_MIN_CHI,00-0035272,2026,2,CHI,0,0,0,0,0,0,0,0,0,0,0,0,0
2026_02_MIN_CHI,00-0035276,2026,2,CHI,0,0,0,0,0,0,0,0,0,0,0,0,0
2026_02_CAR_ATL,00-0035277,2026,2,ATL,0,0,0,0,0,0,0,0,0,0,0,0,0
2026_02_WAS_DAL,00-0035279,2026,2,DAL,0,0,0,0,0,0,0,0,0,0,0,0,0
2026_02_CAR_ATL,00-0035280,2026,2,CAR,0,0,0,0,0,0,0,0,0,0,0,0,0
2026_02_PIT_NE,00-0035286,2026,2,NE,0,0,0,0,0,0,0,0,0,0,0,0,0
2026_02_NO_BAL,00-0035316,2026,2,BAL,0,0,0,0,0,0,0,0,0,0,0,0,0
2026_02_MIN_CHI,00-0035357,2026,2,MIN,0,0,0,0,0,0,0,0,0,0,0,0,0
2026_02_CLE_TB,00-0035358,2026,2,CLE,0,0,0,0,0,0,0,0,0,0,0,0,0
2026_02_CIN_HOU,00-0035363,2026,2,HOU,0,0,0,0,0,0,0,0,0,0,0,0,0
2026_02_SEA_ARI,00-0035378,2026,2,SEA,0,0,0,0,0,0,0,0,0,0,0,0,0
2026_02_MIN_CHI,00-0035386,2026,2,MIN,0,0,0,0,0,0,0,0,0,0,0,0,0
2026_02_NO_BAL,00-0035402,2026,2,BAL,0,0,0,0,0,0,0,0,0,0,0,0,0
2026_02_JAX_DEN,00-0035406,2026,2,JAX,0,0,0,0,0,0,0,0,1,0,0,0,0
2026_02_MIA_SF,00-0035413,2026,2,MIA,0,0,0,0,0,0,0,0,0,0,0,0,0
2026_02_DET_BUF,00-0035500,2026,2,DET,0,0,0,0,0,0,0,0,0,0,0,0,0
2026_02_MIN_CHI,00-0035525,2026,2,MIN,0,0,0,0,0,0,0,0,0,0,0,0,0
2026_02_DET_BUF,00-0035544,2026,2,BUF,0,0,0,0,0,0,0,0,0,0,0,0,0
2026_02_MIN_CHI,00-0035588,2026,2,MIN,0,0,0,0,0,0,0,0,0,0,0,0,0
2026_02_PIT_NE,00-0035594,2026,2,NE,0,0,0,0,2,16,0,0,0,0,0,0,0
2026_02_GB_NYJ,00-0035617,2026,2,GB,0,0,0,0,0,0,0,0,0,0,0,0,0
2026_02_PHI_TEN,00-0035632,2026,2,PHI,0,0,0,0,0,0,0,0,0,0,0,0,0
2026_02_SEA_ARI,00-0035636,2026,2,SEA,0,0,0,0,0,0,0,0,0,0,0,0,0
2026_02_DET_BUF,00-0035637,2026,2,BUF,0,0,0,0,0,0,0,0,0,0,0,0,0
2026_02_PIT_NE,00-0035640,2026,2,NE,0,0,0,0,0,0,0,4,9,27,0,0,0
2026_02_JAX_DEN,00-0035642,2026,2,DEN,0,0,0,0,0,0,0,0,0,0,0,0,0
2026_02_PHI_TEN,00-0035643,2026,2,PHI,0,0,0,0,0,0,0,0,0,0,0,0,0
2026_02_NO_BAL,00-0035644,2026,2,BAL,0,0,0,0,0,0,0,0,0,0,0,0,0
2026_02_MIN_CHI,00-0035647,2026,2,MIN,0,0,0,0,0,0,0,0,0,0,0,0,0
2026_02_WAS_DAL,00-0035659,2026,2,DAL,0,0,0,0,0,0,0,2,9,50,0,0,0
2026_02_PHI_TEN,00-0035662,2026,2,TEN,0,0,0,0,2,12,0,0,0,0,0,0,0
2026_02_DET_BUF,00-0035667,2026,2,DET,0,0,0,0,0,0,0,0,0,0,0,0,0
2026_02_CAR_ATL,00-0035669,2026,2,ATL,0,0,0,0,0,0,0,0,0,0,0,0,0
2026_02_PHI_TEN,00-0035672,2026,2,PHI,0,0,0,0,0,0,0,0,0,0,0,0,0
2026_02_IND_KC,00-0035674,2026,2,KC,0,0,0,0,0,0,0,0,0,0,0,0,0
2026_02_PIT_NE,00-0035678,2026,2,PIT,0,0,0,0,0,0,0,0,0,0,0,0,0
2026_02_CLE_TB,00-0035680,2026,2,TB,0,0,0,0,0,0,0,0,0,0,0,0,0
2026_02_CIN_HOU,00-0035683,2026,2,HOU,0,0,0,0,0,0,0,0,0,0,0,0,0
2026_02_CIN_HOU,00-0035685,2026,2,CIN,0,0,0,0,6,10,0,2,2,14,0,0,0
2026_02_CAR_ATL,00-0035687,2026,2,ATL,0,0,0,0,0,0,0,0,0,0,0,0,0
2026_02_DET_BUF,00-0035689,2026,2,DET,0,0,0,0,0,0,0,2,2,5,1,0,0
2026_02_MIA_SF,00-0035692,2026,2,SF,0,0,0,0,0,0,0,0,0,0,0,0,0
2026_02_PIT_NE,00-0035699,2026,2,NE,0,0,0,0,0,0,0,0,0,0,0,0,0
2026_02_CIN_HOU,00-0035702,2026,2,HOU,0,0,0,0,0,0,0,0,0,0,0,0,0
2026_02_SEA_ARI,00-0035704,2026,2,ARI,19,26,235,3,0,0,0,0,0,0,0,0,0
2026_02_WAS_DAL,00-0035705,2026,2,WAS,0,0,0,0,0,0,0,0,0,0,0,0,0
2026_02_DET_BUF,00-0035707,2026,2,BUF,0,0,0,0,0,0,0,0,0,0,0,0,0
2026_02_IND_KC,00-0035710,2026,2,KC,22,31,210,1,3,10,0,0,0,0,0,1,0
2026_02_NYG_LA,00-0035713,2026,2,LA,0,0,0,0,0,0,0,0,0,0,0,0,0
2026_02_MIA_SF,00-0035717,2026,2,MIA,0,0,0,0,0,0,0,0,0,0,0,0,0
2026_02_WAS_DAL,00-0035718,2026,2,WAS,0,0,0,0,0,0,0,0,0,0,0,0,0
2026_02_MIA_SF,00-0035719,2026,2,MIA,0,0,0,0,1,4,0,3,4,31,0,0,0
2026_02_JAX_DEN,00-0035763,2026,2,JAX,0,0,0,0,0,0,0,0,0,0,0,0,0
2026_02_MIN_CHI,00-0035795,2026,2,CHI,0,0,0,0,0,0,0,0,0,0,0,0,0
2026_02_MIA_SF,00-0035821,2026,2,MIA,0,0,0,0,0,0,0,0,0,0,0,0,0
2026_02_JAX_DEN,00-0035827,2026,2,DEN,0,0,0,0,0,0,0,0,0,0,0,0,0
2026_02_SEA_ARI,00-0035859,2026,2,SEA,0,0,0,0,0,0,0,0,0,0,0,0,0
2026_02_PHI_TEN,00-0035889,2026,2,PHI,0,0,0,0,0,0,0,0,0,0,0,0,0
2026_02_LV_LAC,00-0035891,2026,2,LAC,0,0,0,0,0,0,0,2,2,24,2,0,0
2026_02_IND_KC,00-0035900,2026,2,IND,0,0,0,0,0,0,0,0,0,0,0,0,0
2026_02_DET_BUF,00-0035933,2026,2,DET,0,0,0,0,0,0,0,0,0,0,0,0,0
2026_02_DET_BUF,00-0036037,2026,2,DET,0,0,0,0,0,0,0,0,0,0,0,0,0
2026_02_NO_BAL,00-0036040,2026,2,BAL,0,0,0,0,0,0,0,4,4,66,0,0,0
2026_02_NO_BAL,00-0036081,2026,2,NO,0,0,0,0,0,0,0,0,0,0,0,0,0
2026_02_DET_BUF,00-0036124,2026,2,BUF,0,0,0,0,0,0,0,0,0,0,0,0,0
2026_02_CLE_TB,00-0036132,2026,2,CLE,0,0,0,0,0,0,0,0,0,0,0,0,0
2026_02_PIT_NE,00-0036139,2026,2,NE,0,0,0,0,7,22,0,2,2,22,0,0,0
2026_02_JAX_DEN,00-0036158,2026,2,JAX,0,0,0,0,10,36,0,0,0,0,0,0,0
2026_02_MIA_SF,00-0036159,2026,2,SF,0,0,0,0,0,0,0,0,0,0,0,0,0
2026_02_DET_BUF,00-0036162,2026,2,DET,0,0,0,0,0,0,0,0,0,0,0,0,0
2026_02_MIA_SF,00-0036171,2026,2,SF,0,0,0,0,0,0,0,0,0,0,0,0,0
2026_02_LV_LAC,00-0036181,2026,2,LV,0,0,0,0,0,0,0,0,0,0,0,0,0
2026_02_PIT_NE,00-0036187,2026,2,PIT,0,0,0,0,0,0,0,1,2,4,0,0,0
2026_02_NO_BAL,00-0036193,2026,2,BAL,0,0,0,0,0,0,0,0,0,0,0,0,0
2026_02_CAR_ATL,00-0036204,2026,2,CAR,0,0,0,0,0,0,0,0,0,0,0,0,0
2026_02_CAR_ATL,00-0036220,2026,2,ATL,0,0,0,0,0,0,0,0,0,0,0,0,0
2026_02_JAX_DEN,00-0036221,2026,2,JAX,0,0,0,0,0,0,0,0,0,0,0,0,0
2026_02_MIN_CHI,00-0036222,2026,2,CHI,0,0,0,0,0,0,0,0,0,0,0,0,0
2026_02_IND_KC,00-0036223,2026,2,KC,0,0,0,0,24,92,2,4,4,40,0,0,0
2026_02_CIN_HOU,00-0036231,2026,2,HOU,0,0,0,0,0,0,0,0,0,0,0,0,0
2026_02_NYG_LA,00-0036244,2026,2,NYG,0,0,0,0,0,0,0,2,2,15,0,0,0
2026_02_NYG_LA,00-0036246,2026,2,LA,0,0,0,0,0,0,0,0,0,0,0,0,0
2026_02_MIA_SF,00-0036248,2026,2,SF,0,0,0,0,0,0,0,0,0,0,0,0,0
2026_02_NO_BAL,00-0036253,2026,2,BAL,0,0,0,0,0,0,0,0,0,0,0,0,0
2026_02_WAS_DAL,00-0036260,2026,2,DAL,0,0,0,0,0,0,0,0,0,0,0,0,0
2026_02_JAX_DEN,00-0036262,2026,2,DEN,0,0,0,0,0,0,0,0,0,0,0,0,0
2026_02_GB_NYJ,00-0036264,2026,2,NYJ,16,29,145,2,0,0,0,0,0,0,0,0,0
2026_02_CAR_ATL,00-0036265,2026,2,ATL,0,0,0,0,3,-3,0,0,0,0,0,0,0
2026_02_PHI_TEN,00-0036266,2026,2,PHI,0,0,0,0,0,0,0,0,0,0,0,0,0
2026_02_MIN_CHI,00-0036275,2026,2,MIN,0,0,0,0,16,45,0,5,5,54,0,0,1
2026_02_CAR_ATL,00-0036281,2026,2,CAR,0,0,0,0,0,0,0,0,0,0,0,0,0
2026_02_CLE_TB,00-0036282,2026,2,TB,0,0,0,0,0,0,0,0,0,0,0,0,0
2026_02_CAR_ATL,00-0036285,2026,2,CAR,0,0,0,0,0,0,0,0,0,0,0,0,0
2026_02_WAS_DAL,00-0036286,2026,2,DAL,0,0,0,0,0,0,0,0,0,0,0,0,0
2026_02_CLE_TB,00-0036287,2026,2,TB,0,0,0,0,0,0,0,0,0,0,0,0,0
2026_02_MIN_CHI,00-0036290,2026,2,MIN,0,0,0,0,0,0,0,0,1,0,0,0,0
2026_02_MIN_CHI,00-0036292,2026,2,MIN,0,0,0,0,0,0,0,0,0,0,0,0,0
2026_02_LV_LAC,00-0036293,2026,2,LAC,0,0,0,0,0,0,0,0,0,0,0,0,0
2026_02_IND_KC,00-0036298,2026,2,KC,0,0,0,0,0,0,0,0,0,0,0,0,0
2026_02_NO_BAL,00-0036302,2026,2,NO,0,0,0,0,0,0,0,0,0,0,0,0,0
2026_02_CAR_ATL,00-0036305,2026,2,ATL,0,0,0,0,0,0,0,0,0,0,0,0,0
2026_02_NYG_LA,00-0036309,2026,2,LA,0,0,0,0,0,0,0,2,3,48,0,0,0
2026_02_PHI_TEN,00-0036313,2026,2,TEN,0,0,0,0,0,0,0,0,0,0,0,0,0
2026_02_NO_BAL,00-0036321,2026,2,BAL,0,0,0,0,0,0,0,0,0,0,0,0,0
2026_02_MIN_CHI,00-0036322,2026,2,CHI,0,0,0,0,0,0,0,3,6,55,0,0,0
2026_02_PIT_NE,00-0036323,2026,2,NE,0,0,0,0,0,0,0,0,0,0,0,0,0
2026_02_CAR_ATL,00-0036325,2026,2,ATL,0,0,0,0,0,0,0,0,0,0,0,0,0
2026_02_MIA_SF,00-0036329,2026,2,MIA,0,0,0,0,0,0,0,0,0,0,0,0,0
2026_02_SEA_ARI,00-0036331,2026,2,SEA,0,0,0,0,0,0,0,0,0,0,0,0,0
2026_02_PIT_NE,00-0036333,2026,2,NE,0,0,0,0,0,0,0,0,0,0,0,0,0
2026_02_DET_BUF,00-0036335,2026,2,BUF,0,0,0,0,0,0,0,0,0,0,0,0,0
2026_02_MIN_CHI,00-0036337,2026,2,MIN,0,0,0,0,0,0,0,0,0,0,0,0,0
2026_02_LV_LAC,00-0036338,2026,2,LV,0,0,0,0,0,0,0,0,0,0,0,0,0
2026_02_MIA_SF,00-0036341,2026,2,MIA,0,0,0,0,0,0,0,0,0,0,0,0,0
2026_02_MIN_CHI,00-0036348,2026,2,CHI,0,0,0,0,0,0,0,0,0,0,0,0,0
2026_02_NYG_LA,00-0036349,2026,2,NYG,0,0,0,0,0,0,0,0,0,0,0,0,0
2026_02_LV_LAC,00-0036355,2026,2,LV,15,27,192,1,3,2,0,0,0,0,0,2,0
2026_02_WAS_DAL,00-0036358,2026,2,WAS,0,0,0,0,0,0,0,8,9,153,2,0,0
2026_02_MIA_SF,00-0036362,2026,2,SF,0,0,0,0,0,0,0,0,0,0,0,0,0
2026_02_MIN_CHI,00-0036366,2026,2,MIN,0,0,0,0,0,0,0,0,0,0,0,0,0
2026_02_IND_KC,00-0036374,2026,2,IND,0,0,0,0,0,0,0,0,0,0,0,0,0
2026_02_WAS_DAL,00-0036375,2026,2,DAL,0,0,0,0,0,0,0,0,0,0,0,0,0
2026_02_DET_BUF,00-0036378,2026,2,DET,0,0,0,0,0,0,0,0,0,0,0,0,0
2026_02_IND_KC,00-0036380,2026,2,IND,0,0,0,0,0,0,0,0,0,0,0,0,0
2026_02_GB_NYJ,00-0036388,2026,2,NYJ,0,0,0,0,0,0,0,0,0,0,0,0,0
2026_02_PHI_TEN,00-0036389,2026,2,TEN,26,37,264,2,5,16,0,0,0,0,0,2,0
2026_02_CLE_TB,00-0036407,2026,2,TB,0,0,0,0,0,0,0,0,1,0,0,0,0
2026_02_MIA_SF,00-0036409,2026,2,SF,0,0,0,0,0,0,0,0,0,0,0,0,0
2026_02_CIN_HOU,00-0036410,2026,2,HOU,0,0,0,0,0,0,0,5,10,95,0,0,0
2026_02_CLE_TB,00-0036411,2026,2,CLE,0,0,0,0,0,0,0,0,0,0,0,0,0
2026_02_IND_KC,00-0036416,2026,2,IND,0,0,0,0,0,0,0,0,0,0,0,0,0
2026_02_PHI_TEN,00-0036418,2026,2,TEN,0,0,0,0,0,0,0,0,0,0,0,0,0
2026_02_PHI_TEN,00-0036421,2026,2,PHI,0,0,0,0,0,0,0,0,0,0,0,0,0
2026_02_MIN_CHI,00-0036425,2026,2,CHI,0,0,0,0,2,8,0,1,1,12,0,0,0
2026_02_JAX_DEN,00-0036428,2026,2,JAX,0,0,0,0,0,0,0,0,0,0,0,0,0
2026_02_CAR_ATL,00-0036429,2026,2,CAR,0,0,0,0,0,0,0,0,1,0,0,0,0
2026_02_CIN_HOU,00-0036442,2026,2,HOU,20,31,207,2,1,-1,0,0,0,0,0,0,0
2026_02_CAR_ATL,00-0036463,2026,2,CAR,0,0,0,0,0,0,0,1,3,6,0,0,0
2026_02_LV_LAC,00-0036479,2026,2,LAC,0,0,0,0,0,0,0,0,0,0,0,0,0
2026_02_MIN_CHI,00-0036480,2026,2,MIN,0,0,0,0,0,0,0,0,0,0,0,0,0
2026_02_GB_NYJ,00-0036500,2026,2,GB,0,0,0,0,0,0,0,0,0,0,0,0,0
2026_02_NO_BAL,00-0036550,2026,2,NO,0,0,0,0,0,0,0,7,9,88,1,0,0
2026_02_CAR_ATL,00-0036555,2026,2,ATL,0,0,0,0,12,53,0,2,2,11,1,0,0
2026_02_IND_KC,00-0036557,2026,2,IND,0,0,0,0,0,0,0,0,0,0,0,0,0
2026_02_MIA_SF,00-0036563,2026,2,MIA,0,0,0,0,0,0,0,0,0,0,0,0,0
2026_02_JAX_DEN,00-0036564,2026,2,JAX,0,0,0,0,0,0,0,0,0,0,0,0,0
2026_02_SEA_ARI,00-0036568,2026,2,SEA,0,0,0,0,0,0,0,0,0,0,0,0,0
2026_02_NYG_LA,00-0036587,2026,2,LA,0,0,0,0,0,0,0,0,0,0,0,0,0
2026_02_JAX_DEN,00-0036590,2026,2,DEN,0,0,0,0,0,0,0,1,1,7,0,0,0
2026_02_JAX_DEN,00-0036613,2026,2,JAX,0,0,0,0,0,0,0,8,10,138,0,0,0
2026_02_PIT_NE,00-0036617,2026,2,NE,0,0,0,0,0,0,0,0,0,0,0,0,0
2026_02_IND_KC,00-0036621,2026,2,IND,0,0,0,0,0,0,0,0,0,0,0,0,0
2026_02_DET_BUF,00-0036624,2026,2,BUF,0,0,0,0,0,0,0,0,0,0,0,0,0
2026_02_WAS_DAL,00-0036626,2026,2,DAL,1,1,0,0,0,0,0,4,6,21,0,0,1
2026_02_IND_KC,00-0036629,2026,2,KC,0,0,0,0,0,0,0,0,0,0,0,0,0
2026_02_IND_KC,00-0036637,2026,2,IND,0,0,0,0,0,0,0,0,1,0,0,0,0
2026_02_CIN_HOU,00-0036642,2026,2,HOU,0,0,0,0,0,0,0,0,0,0,0,0,0
2026_02_GB_NYJ,00-0036648,2026,2,NYJ,0,0,0,0,0,0,0,0,0,0,0,0,0
2026_02_GB_NYJ,00-0036658,2026,2,NYJ,0,0,0,0,0,0,0,0,0,0,0,0,0
2026_02_MIA_SF,00-0036677,2026,2,SF,0,0,0,0,0,0,0,0,0,0,0,0,0
2026_02_MIA_SF,00-0036682,2026,2,SF,0,0,0,0,0,0,0,0,0,0,0,0,0
2026_02_JAX_DEN,00-0036683,2026,2,JAX,0,0,0,0,0,0,0,0,0,0,0,0,0
2026_02_JAX_DEN,00-0036727,2026,2,JAX,0,0,0,0,0,0,0,1,1,2,0,0,0
2026_02_WAS_DAL,00-0036728,2026,2,WAS,0,0,0,0,0,0,0,0,0,0,0,0,0
2026_02_LV_LAC,00-0036736,2026,2,LV,0,0,0,0,0,0,0,0,0,0,0,0,0
2026_02_DET_BUF,00-0036754,2026,2,BUF,0,0,0,0,0,0,0,0,0,0,0,0,0
2026_02_PIT_NE,00-0036813,2026,2,PIT,0,0,0,0,0,0,0,0,0,0,0,0,0
2026_02_MIA_SF,00-0036816,2026,2,SF,0,0,0,0,0,0,0,0,0,0,0,0,0
2026_02_CAR_ATL,00-0036825,2026,2,ATL,0,0,0,0,0,0,0,0,0,0,0,0,0
2026_02_MIA_SF,00-0036844,2026,2,MIA,0,0,0,0,0,0,0,0,0,0,0,0,0
2026_02_NYG_LA,00-0036849,2026,2,NYG,0,0,0,0,0,0,0,1,2,19,0,0,0
2026_02_CIN_HOU,00-0036854,2026,2,HOU,0,0,0,0,0,0,0,0,0,0,0,0,0
2026_02_PIT_NE,00-0036862,2026,2,NE,0,0,0,0,0,0,0,1,1,2,0,0,0
2026_02_NO_BAL,00-0036867,2026,2,BAL,0,0,0,0,0,0,0,0,0,0,0,0,0
2026_02_JAX_DEN,00-0036874,2026,2,JAX,0,0,0,0,0,0,0,0,0,0,0,0,0
2026_02_PIT_NE,00-0036875,2026,2,PIT,0,0,0,0,6,43,0,1,2,3,0,0,1
2026_02_CIN_HOU,00-0036883,2026,2,CIN,0,0,0,0,0,0,0,0,0,0,0,0,0
2026_02_MIA_SF,00-0036887,2026,2,MIA,0,0,0,0,0,0,0,0,0,0,0,0,0
2026_02_DET_BUF,00-0036888,2026,2,DET,0,0,0,0,0,0,0,0,0,0,0,0,0
2026_02_NYG_LA,00-0036893,2026,2,LA,0,0,0,0,4,6,0,0,0,0,0,0,0
2026_02_PIT_NE,00-0036894,2026,2,NE,0,0,0,0,1,2,0,4,5,32,0,0,0
2026_02_CIN_HOU,00-0036900,2026,2,HOU,0,0,0,0,0,0,0,7,9,75,2,0,0
2026_02_LV_LAC,00-0036901,2026,2,LAC,0,0,0,0,0,0,0,0,0,0,0,0,0
2026_02_DET_BUF,00-0036905,2026,2,BUF,0,0,0,0,0,0,0,0,0,0,0,0,0
2026_02_IND_KC,00-0036909,2026,2,IND,0,0,0,0,1,3,0,0,0,0,0,0,0
2026_02_PHI_TEN,00-0036912,2026,2,TEN,0,0,0,0,0,0,0,10,13,117,1,0,0
2026_02_DET_BUF,00-0036914,2026,2,DET,0,0,0,0,0,0,0,0,0,0,0,0,0
2026_02_PIT_NE,00-0036916,2026,2,PIT,0,0,0,0,0,0,0,0,0,0,0,0,0
2026_02_CLE_TB,00-0036919,2026,2,CLE,0,0,0,0,2,10,0,3,4,5,0,0,0
2026_02_NO_BAL,00-0036927,2026,2,BAL,0,0,0,0,0,0,0,0,0,0,0,0,0
2026_02_SEA_ARI,00-0036933,2026,2,SEA,0,0,0,0,0,0,0,0,0,0,0,0,0
2026_02_CAR_ATL,00-0036934,2026,2,ATL,0,0,0,0,0,0,0,0,0,0,0,0,0
2026_02_WAS_DAL,00-0036940,2026,2,DAL,0,0,0,0,0,0,0,0,0,0,0,0,0
2026_02_GB_NYJ,00-0036941,2026,2,GB,0,0,0,0,0,0,0,0,0,0,0,0,0
2026_02_MIA_SF,00-0036942,2026,2,MIA,0,0,0,0,0,0,0,0,0,0,0,0,0
2026_02_CAR_ATL,00-0036944,2026,2,ATL,0,0,0,0,0,0,0,0,0,0,0,0,0
2026_02_CAR_ATL,00-0036962,2026,2,ATL,0,0,0,0,0,0,0,0,0,0,0,0,0
2026_02_DET_BUF,00-0036963,2026,2,BUF,0,0,0,0,0,0,0,9,13,142,2,0,0
2026_02_DET_BUF,00-0036964,2026,2,BUF,0,0,0,0,0,0,0,0,0,0,0,0,0
2026_02_CAR_ATL,00-0036970,2026,2,CAR,0,0,0,0,0,0,0,1,3,15,0,0,0
2026_02_JAX_DEN,00-0036971,2026,2,DEN,17,29,189,0,2,6,0,0,0,0,0,1,0
2026_02_MIA_SF,00-0036972,2026,2,MIA,0,0,0,0,2,-2,0,0,0,0,0,0,0
2026_02_NO_BAL,00-0036973,2026,2,BAL,0,0,0,0,8,25,0,2,2,6,0,0,0
2026_02_CLE_TB,00-0036974,2026,2,TB,0,0,0,0,0,0,0,0,0,0,0,0,0
2026_02_DET_BUF,00-0036976,2026,2,DET,0,0,0,0,0,0,0,0,0,0,0,0,0
2026_02_PIT_NE,00-0036981,2026,2,PIT,0,0,0,0,0,0,0,0,0,0,0,0,0
2026_02_NYG_LA,00-0036982,2026,2,LA,0,0,0,0,0,0,0,0,0,0,0,0,0
2026_02_JAX_DEN,00-0036985,2026,2,DEN,0,0,0,0,0,0,0,0,0,0,0,0,0
2026_02_GB_NYJ,00-0036987,2026,2,GB,0,0,0,0,0,0,0,0,0,0,0,0,0
2026_02_DET_BUF,00-0036988,2026,2,DET,0,0,0,0,0,0,0,1,3,43,1,0,0
2026_02_LV_LAC,00-0036989,2026,2,LAC,0,0,0,0,0,0,0,0,0,0,0,0,0
2026_02_CAR_ATL,00-0036990,2026,2,CAR,0,0,0,0,0,0,0,0,0,0,0,0,0
2026_02_SEA_ARI,00-0036994,2026,2,ARI,0,0,0,0,0,0,0,0,0,0,0,0,0
2026_02_SEA_ARI,00-0036995,2026,2,SEA,0,0,0,0,0,0,0,0,0,0,0,0,0
2026_02_NYG_LA,00-0036996,2026,2,LA,0,0,0,0,0,0,0,0,0,0,0,0,0
2026_02_WAS_DAL,00-0036997,2026,2,WAS,0,0,0,0,12,30,0,3,4,20,0,0,0
2026_02_NYG_LA,00-0036998,2026,2,LA,0,0,0,0,0,0,0,0,0,0,0,0,0
2026_02_SEA_ARI,00-0037003,2026,2,ARI,0,0,0,0,0,0,0,0,0,0,0,0,0
2026_02_SEA_ARI,00-0037004,2026,2,SEA,0,0,0,0,0,0,0,0,0,0,0,0,0
2026_02_CAR_ATL,00-0037005,2026,2,ATL,0,0,0,0,0,0,0,1,2,4,0,0,0
2026_02_LV_LAC,00-0037009,2026,2,LV,0,0,0,0,0,0,0,0,0,0,0,0,0
2026_02_DET_BUF,00-0037034,2026,2,DET,0,0,0,0,0,0,0,0,0,0,0,0,0
2026_02_PHI_TEN,00-0037073,2026,2,TEN,0,0,0,0,0,0,0,0,0,0,0,0,0
2026_02_LV_LAC,00-0037074,2026,2,LAC,0,0,0,0,0,0,0,0,0,0,0,0,0
2026_02_GB_NYJ,00-0037075,2026,2,NYJ,0,0,0,0,0,0,0,0,0,0,0,0,0
2026_02_PHI_TEN,00-0037079,2026,2,TEN,0,0,0,0,0,0,0,0,0,0,0,0,0
2026_02_MIN_CHI,00-0037081,2026,2,MIN,0,0,0,0,0,0,0,0,0,0,0,0,0
2026_02_GB_NYJ,00-0037083,2026,2,GB,0,0,0,0,0,0,0,0,0,0,0,0,0
2026_02_JAX_DEN,00-0037085,2026,2,JAX,0,0,0,0,1,1,0,2,3,28,0,0,0
2026_02_GB_NYJ,00-0037091,2026,2,NYJ,0,0,0,0,0,0,0,0,1,0,0,0,0
2026_02_LV_LAC,00-0037093,2026,2,LAC,0,0,0,0,0,0,0,1,1,27,0,0,0
2026_02_MIN_CHI,00-0037096,2026,2,MIN,0,0,0,0,0,0,0,0,0,0,0,0,0
2026_02_MIN_CHI,00-0037109,2026,2,MIN,0,0,0,0,0,0,0,0,0,0,0,0,0
2026_02_CIN_HOU,00-0037130,2026,2,CIN,0,0,0,0,0,0,0,0,0,0,0,0,0
2026_02_PHI_TEN,00-0037132,2026,2,TEN,0,0,0,0,0,0,0,0,0,0,0,0,0
2026_02_SEA_ARI,00-0037137,2026,2,ARI,0,0,0,0,0,0,0,0,0,0,0,0,0
2026_02_SEA_ARI,00-0037157,2026,2,SEA,0,0,0,0,2,24,0,0,0,0,0,0,0
2026_02_CAR_ATL,00-0037179,2026,2,ATL,0,0,0,0,0,0,0,0,0,0,0,0,0
2026_02_IND_KC,00-0037190,2026,2,KC,0,0,0,0,0,0,0,0,0,0,0,0,0
2026_02_NYG_LA,00-0037191,2026,2,NYG,0,0,0,0,0,0,0,0,0,0,0,0,0
2026_02_IND_KC,00-0037192,2026,2,IND,0,0,0,0,0,0,0,0,0,0,0,0,0
2026_02_CIN_HOU,00-0037193,2026,2,HOU,0,0,0,0,0,0,0,0,0,0,0,0,0
2026_02_NYG_LA,00-0037195,2026,2,NYG,0,0,0,0,0,0,0,0,0,0,0,0,0
2026_02_CAR_ATL,00-0037196,2026,2,ATL,0,0,0,0,0,0,0,0,0,0,0,0,0
2026_02_IND_KC,00-0037208,2026,2,IND,0,0,0,0,0,0,0,0,0,0,0,0,0
2026_02_LV_LAC,00-0037224,2026,2,LV,0,0,0,0,0,0,0,0,0,0,0,0,0
2026_02_PIT_NE,00-0037228,2026,2,NE,0,0,0,0,11,43,0,2,4,34,0,0,0
2026_02_NO_BAL,00-0037231,2026,2,BAL,0,0,0,0,0,0,0,1,1,7,0,0,0
2026_02_JAX_DEN,00-0037235,2026,2,DEN,0,0,0,0,0,0,0,0,0,0,0,0,0
2026_02_DET_BUF,00-0037236,2026,2,BUF,0,0,0,0,0,0,0,0,0,0,0,0,0
2026_02_CIN_HOU,00-0037237,2026,2,CIN,0,0,0,0,0,0,0,0,0,0,0,0,0
2026_02_CAR_ATL,00-0037238,2026,2,CAR,0,0,0,0,1,-2,0,4,5,51,0,0,0
2026_02_NO_BAL,00-0037239,2026,2,BAL,0,0,0,0,0,0,0,8,10,86,1,0,0
2026_02_DET_BUF,00-0037240,2026,2,BUF,0,0,0,0,0,0,0,2,4,33,0,0,0
2026_02_CAR_ATL,00-0037244,2026,2,ATL,0,0,0,0,0,0,0,0,0,0,0,0,0
2026_02_CIN_HOU,00-0037246,2026,2,CIN,0,0,0,0,0,0,0,0,0,0,0,0,0
2026_02_WAS_DAL,00-0037247,2026,2,WAS,0,0,0,0,0,0,0,6,8,40,0,0,0
2026_02_DET_BUF,00-0037248,2026,2,DET,0,0,0,0,21,135,1,1,3,4,0,0,0
2026_02_JAX_DEN,00-0037249,2026,2,JAX,0,0,0,0,0,0,0,0,0,0,0,0,0
2026_02_NO_BAL,00-0037250,2026,2,BAL,0,0,0,0,0,0,0,0,0,0,0,0,0
2026_02_MIA_SF,00-0037252,2026,2,SF,0,0,0,0,0,0,0,2,3,17,0,0,0
2026_02_PIT_NE,00-0037253,2026,2,PIT,0,0,0,0,0,0,0,0,0,0,0,0,0
2026_02_DET_BUF,00-0037254,2026,2,DET,0,0,0,0,0,0,0,0,0,0,0,0,0
2026_02_WAS_DAL,00-0037256,2026,2,DAL,0,0,0,0,7,43,0,6,6,40,0,0,0
2026_02_DET_BUF,00-0037261,2026,2,DET,0,0,0,0,0,0,0,3,6,38,0,0,0
2026_02_LV_LAC,00-0037262,2026,2,LAC,0,0,0,0,0,0,0,0,0,0,0,0,0
2026_02_SEA_ARI,00-0037263,2026,2,SEA,0,0,0,0,5,10,0,2,2,9,0,0,0
2026_02_CLE_TB,00-0037268,2026,2,CLE,0,0,0,0,0,0,0,0,0,0,0,0,0
2026_02_WAS_DAL,00-0037270,2026,2,WAS,0,0,0,0,0,0,0,0,0,0,0,0,0
2026_02_MIN_CHI,00-0037271,2026,2,MIN,0,0,0,0,0,0,0,0,0,0,0,0,0
2026_02_WAS_DAL,00-0037275,2026,2,WAS,0,0,0,0,0,0,0,0,0,0,0,0,0
2026_02_IND_KC,00-0037284,2026,2,IND,0,0,0,0,0,0,0,0,0,0,0,0,0
2026_02_MIA_SF,00-0037287,2026,2,MIA,0,0,0,0,0,0,0,0,0,0,0,0,0
2026_02_DET_BUF,00-0037288,2026,2,DET,0,0,0,0,0,0,0,0,0,0,0,0,0
2026_02_DET_BUF,00-0037289,2026,2,BUF,0,0,0,0,0,0,0,0,0,0,0,0,0
2026_02_LV_LAC,00-0037291,2026,2,LAC,0,0,0,0,0,0,0,1,3,9,0,0,0
2026_02_IND_KC,00-0037292,2026,2,KC,0,0,0,0,0,0,0,0,1,0,0,0,0
2026_02_MIN_CHI,00-0037301,2026,2,CHI,0,0,0,0,0,0,0,0,0,0,0,0,0
2026_02_LV_LAC,00-0037304,2026,2,LAC,0,0,0,0,1,1,0,0,0,0,0,0,0
2026_02_JAX_DEN,00-0037313,2026,2,DEN,0,0,0,0,0,0,0,0,0,0,0,0,0
2026_02_SEA_ARI,00-0037323,2026,2,ARI,0,0,0,0,0,0,0,0,0,0,0,0,0
2026_02_JAX_DEN,00-0037384,2026,2,JAX,0,0,0,0,0,0,0,0,0,0,0,0,0
2026_02_CIN_HOU,00-0037457,2026,2,CIN,0,0,0,0,0,0,0,0,0,0,0,0,0
2026_02_NO_BAL,00-0037500,2026,2,BAL,0,0,0,0,0,0,0,0,0,0,0,0,0
2026_02_LV_LAC,00-0037512,2026,2,LAC,0,0,0,0,0,0,0,0,0,0,0,0,0
2026_02_DET_BUF,00-0037524,2026,2,BUF,0,0,0,0,0,0,0,0,0,0,0,0,0
2026_02_LV_LAC,00-0037527,2026,2,LAC,0,0,0,0,0,0,0,0,0,0,0,0,0
2026_02_SEA_ARI,00-0037545,2026,2,ARI,0,0,0,0,1,4,0,3,6,35,0,0,0
2026_02_GB_NYJ,00-0037547,2026,2,NYJ,0,0,0,0,0,0,0,0,0,0,0,0,0
2026_02_WAS_DAL,00-0037561,2026,2,WAS,0,0,0,0,0,0,0,0,0,0,0,0,0
2026_02_NYG_LA,00-0037587,2026,2,NYG,0,0,0,0,0,0,0,0,0,0,0,0,0
2026_02_PHI_TEN,00-0037594,2026,2,PHI,0,0,0,0,0,0,0,0,0,0,0,0,0
2026_02_SEA_ARI,00-0037596,2026,2,SEA,0,0,0,0,0,0,0,0,0,0,0,0,0
2026_02_CAR_ATL,00-0037614,2026,2,ATL,0,0,0,0,0,0,0,0,0,0,0,0,0
2026_02_LV_LAC,00-0037615,2026,2,LAC,0,0,0,0,0,0,0,0,0,0,0,0,0
2026_02_WAS_DAL,00-0037616,2026,2,DAL,0,0,0,0,0,0,0,0,0,0,0,0,0
2026_02_PHI_TEN,00-0037663,2026,2,PHI,0,0,0,0,0,0,0,0,0,0,0,0,0
2026_02_IND_KC,00-0037664,2026,2,KC,0,0,0,0,0,0,0,1,1,11,0,0,0
2026_02_CLE_TB,00-0037665,2026,2,TB,0,0,0,0,0,0,0,0,0,0,0,0,0
2026_02_WAS_DAL,00-0037692,2026,2,WAS,0,0,0,0,0,0,0,0,0,0,0,0,0
2026_02_GB_NYJ,00-0037740,2026,2,GB,0,0,0,0,0,0,0,5,7,57,1,0,0
2026_02_CAR_ATL,00-0037741,2026,2,CAR,0,0,0,0,0,0,0,2,4,11,0,0,0
2026_02_WAS_DAL,00-0037742,2026,2,DAL,0,0,0,0,0,0,0,0,1,0,0,0,0
2026_02_CIN_HOU,00-0037743,2026,2,HOU,0,0,0,0,0,0,0,0,0,0,0,0,0
2026_02_SEA_ARI,00-0037744,2026,2,SEA,0,0,0,0,0,0,0,8,10,41,1,0,0
2026_02_CAR_ATL,00-0037746,2026,2,CAR,0,0,0,0,11,51,0,2,2,16,0,0,0
2026_02_JAX_DEN,00-0037752,2026,2,JAX,0,0,0,0,0,0,0,0,0,0,0,0,0
2026_02_IND_KC,00-0037753,2026,2,KC,0,0,0,0,0,0,0,0,0,0,0,0,0
2026_02_NO_BAL,00-0037756,2026,2,NO,0,0,0,0,0,0,0,0,0,0,0,0,0
2026_02_JAX_DEN,00-0037799,2026,2,JAX,0,0,0,0,0,0,0,0,0,0,0,0,0
2026_02_WAS_DAL,00-0037801,2026,2,WAS,0,0,0,0,1,1,0,0,0,0,0,0,0
2026_02_GB_NYJ,00-0037805,2026,2,GB,0,0,0,0,0,0,0,2,2,5,0,0,0
2026_02_SEA_ARI,00-0037812,2026,2,ARI,0,0,0,0,0,0,0,0,0,0,0,0,0
2026_02_CAR_ATL,00-0037814,2026,2,ATL,0,0,0,0,0,0,0,0,0,0,0,0,0
2026_02_CAR_ATL,00-0037815,2026,2,CAR,0,0,0,0,0,0,0,0,0,0,0,0,0
2026_02_PIT_NE,00-0037816,2026,2,PIT,0,0,0,0,0,0,0,3,4,96,0,0,0
2026_02_WAS_DAL,00-0037819,2026,2,DAL,0,0,0,0,0,0,0,0,0,0,0,0,0
2026_02_CAR_ATL,00-0037823,2026,2,CAR,0,0,0,0,0,0,0,0,0,0,0,0,0
2026_02_LV_LAC,00-0037825,2026,2,LAC,0,0,0,0,0,0,0,0,0,0,0,0,0
2026_02_LV_LAC,00-0037829,2026,2,LAC,0,0,0,0,0,0,0,0,0,0,0,0,0
2026_02_MIA_SF,00-0037834,2026,2,MIA,20,22,287,2,3,30,1,0,0,0,0,0,0
2026_02_NYG_LA,00-0037838,2026,2,LA,0,0,0,0,0,0,0,5,10,33,0,0,0
2026_02_WAS_DAL,00-0037839,2026,2,WAS,0,0,0,0,0,0,0,0,0,0,0,0,0
2026_02_NYG_LA,00-0037840,2026,2,NYG,0,0,0,0,12,85,0,2,2,12,1,0,1
2026_02_NYG_LA,00-0037841,2026,2,NYG,0,0,0,0,0,0,0,0,0,0,0,0,0
2026_02_NO_BAL,00-0038038,2026,2,NO,0,0,0,0,0,0,0,0,0,0,0,0,0
2026_02_MIA_SF,00-0038039,2026,2,MIA,0,0,0,0,0,0,0,0,0,0,0,0,0
2026_02_WAS_DAL,00-0038041,2026,2,WAS,0,0,0,0,0,0,0,4,4,43,2,0,0
2026_02_LV_LAC,00-0038046,2026,2,LV,0,0,0,0,0,0,0,3,3,21,0,0,0
2026_02_GB_NYJ,00-0038090,2026,2,NYJ,0,0,0,0,0,0,0,2,3,6,0,0,0
2026_02_NYG_LA,00-0038094,2026,2,LA,0,0,0,0,0,0,0,0,0,0,0,0,0
2026_02_CAR_ATL,00-0038101,2026,2,ATL,0,0,0,0,0,0,0,0,0,0,0,0,0
2026_02_CAR_ATL,00-0038102,2026,2,ATL,0,0,0,0,1,-4,0,0,0,0,0,0,0
2026_02_IND_KC,00-0038104,2026,2,IND,0,0,0,0,0,0,0,4,4,86,0,0,0
2026_02_JAX_DEN,00-0038106,2026,2,JAX,0,0,0,0,0,0,0,0,0,0,0,0,0
2026_02_PHI_TEN,00-0038112,2026,2,TEN,0,0,0,0,0,0,0,0,0,0,0,0,0
2026_02_PHI_TEN,00-0038115,2026,2,PHI,0,0,0,0,0,0,0,0,1,0,0,0,0
2026_02_PHI_TEN,00-0038116,2026,2,TEN,0,0,0,0,0,0,0,0,0,0,0,0,0
2026_02_PHI_TEN,00-0038117,2026,2,PHI,0,0,0,0,0,0,0,1,1,9,0,0,0
2026_02_GB_NYJ,00-0038120,2026,2,GB,0,0,0,0,16,29,0,5,5,63,0,0,0
2026_02_PHI_TEN,00-0038121,2026,2,PHI,0,0,0,0,0,0,0,0,0,0,0,0,0
2026_02_GB_NYJ,00-0038123,2026,2,GB,0,0,0,0,0,0,0,0,0,0,0,0,0
2026_02_GB_NYJ,00-0038124,2026,2,NYJ,0,0,0,0,0,0,0,4,11,41,1,0,0
2026_02_DET_BUF,00-0038125,2026,2,BUF,0,0,0,0,0,0,0,0,0,0,0,0,0
2026_02_CIN_HOU,00-0038127,2026,2,CIN,0,0,0,0,0,0,0,0,0,0,0,0,0
2026_02_MIA_SF,00-0038128,2026,2,SF,14,23,197,1,2,6,0,0,0,0,0,0,0
2026_02_CLE_TB,00-0038129,2026,2,CLE,0,0,0,0,0,0,0,5,6,38,0,0,0
2026_02_CIN_HOU,00-0038133,2026,2,HOU,0,0,0,0,0,0,0,0,0,0,0,0,0
2026_02_IND_KC,00-0038134,2026,2,IND,0,0,0,0,24,117,0,6,10,61,0,0,0
2026_02_PIT_NE,00-0038135,2026,2,NE,0,0,0,0,0,0,0,0,0,0,0,0,0
2026_02_NYG_LA,00-0038359,2026,2,NYG,0,0,0,0,0,0,0,0,1,0,0,0,0
2026_02_NYG_LA,00-0038366,2026,2,NYG,0,0,0,0,0,0,0,0,0,0,0,0,0
2026_02_PHI_TEN,00-0038386,2026,2,TEN,0,0,0,0,0,0,0,0,0,0,0,0,0
2026_02_NO_BAL,00-0038387,2026,2,BAL,0,0,0,0,0,0,0,0,0,0,0,0,0
2026_02_PHI_TEN,00-0038393,2026,2,TEN,0,0,0,0,0,0,0,5,6,74,0,0,0
2026_02_GB_NYJ,00-0038398,2026,2,NYJ,0,0,0,0,0,0,0,0,0,0,0,0,0
2026_02_NYG_LA,00-0038399,2026,2,LA,0,0,0,0,0,0,0,0,0,0,0,0,0
2026_02_PHI_TEN,00-0038412,2026,2,TEN,0,0,0,0,0,0,0,0,0,0,0,0,0
2026_02_MIN_CHI,00-0038416,2026,2,MIN,5,9,54,0,0,0,0,0,0,0,0,0,0
2026_02_CLE_TB,00-0038428,2026,2,TB,0,0,0,0,0,0,0,0,0,0,0,0,0
2026_02_MIA_SF,00-0038429,2026,2,SF,0,0,0,0,0,0,0,0,0,0,0,0,0
2026_02_LV_LAC,00-0038454,2026,2,LV,0,0,0,0,5,24,0,1,1,15,0,0,0
2026_02_GB_NYJ,00-0038463,2026,2,NYJ,0,0,0,0,0,0,0,0,0,0,0,0,0
2026_02_NO_BAL,00-0038504,2026,2,NO,0,0,0,0,0,0,0,0,0,0,0,0,0
2026_02_NO_BAL,00-0038505,2026,2,NO,0,0,0,0,0,0,0,0,0,0,0,0,0
2026_02_PHI_TEN,00-0038514,2026,2,PHI,0,0,0,0,0,0,0,0,0,0,0,0,0
2026_02_IND_KC,00-0038519,2026,2,IND,0,0,0,0,0,0,0,0,0,0,0,0,0
2026_02_MIA_SF,00-0038521,2026,2,SF,0,0,0,0,0,0,0,0,0,0,0,0,0
2026_02_CAR_ATL,00-0038542,2026,2,CAR,0,0,0,0,16,72,0,3,4,9,0,0,0
2026_02_SEA_ARI,00-0038543,2026,2,ARI,0,0,0,0,0,0,0,9,11,155,3,0,0
2026_02_LV_LAC,00-0038544,2026,2,LV,0,0,0,0,1,7,0,1,5,7,0,0,0
2026_02_CIN_HOU,00-0038546,2026,2,HOU,0,0,0,0,0,0,0,0,0,0,0,0,0
2026_02_CIN_HOU,00-0038549,2026,2,HOU,0,0,0,0,0,0,0,0,0,0,0,0,0
2026_02_JAX_DEN,00-0038552,2026,2,JAX,0,0,0,0,0,0,0,0,0,0,0,0,0
2026_02_LV_LAC,00-0038553,2026,2,LV,0,0,0,0,0,0,0,0,0,0,0,0,0
2026_02_MIA_SF,00-0038554,2026,2,MIA,0,0,0,0,0,0,0,0,0,0,0,0,0
2026_02_PHI_TEN,00-0038555,2026,2,TEN,0,0,0,0,13,33,1,2,2,5,0,0,0
2026_02_DET_BUF,00-0038557,2026,2,DET,0,0,0,0,0,0,0,0,0,0,0,0,0
2026_02_PIT_NE,00-0038558,2026,2,NE,0,0,0,0,0,0,0,1,2,7,0,0,0
2026_02_SEA_ARI,00-0038559,2026,2,SEA,0,0,0,0,0,0,0,2,7,18,0,0,0
2026_02_CIN_HOU,00-0038560,2026,2,HOU,0,0,0,0,0,0,0,0,0,0,0,0,0
2026_02_LV_LAC,00-0038563,2026,2,LAC,0,0,0,0,0,0,0,5,7,119,1,0,0
2026_02_PIT_NE,00-0038564,2026,2,PIT,0,0,0,0,0,0,0,0,0,0,0,0,0
2026_02_CLE_TB,00-0038565,2026,2,TB,0,0,0,0,0,0,0,0,0,0,0,0,0
2026_02_SEA_ARI,00-0038567,2026,2,SEA,0,0,0,0,0,0,0,0,0,0,0,0,0
2026_02_JAX_DEN,00-0038570,2026,2,DEN,0,0,0,0,0,0,0,0,0,0,0,0,0
2026_02_LV_LAC,00-0038573,2026,2,LV,0,0,0,0,0,0,0,0,1,0,0,0,0
2026_02_CLE_TB,00-0038574,2026,2,TB,0,0,0,0,0,0,0,0,0,0,0,0,0
2026_02_PIT_NE,00-0038577,2026,2,NE,0,0,0,0,0,0,0,0,0,0,0,0,0
2026_02_MIN_CHI,00-0038578,2026,2,CHI,0,0,0,0,0,0,0,0,0,0,0,0,0
2026_02_CAR_ATL,00-0038580,2026,2,CAR,0,0,0,0,0,0,0,0,0,0,0,0,0
2026_02_JAX_DEN,00-0038596,2026,2,DEN,0,0,0,0,0,0,0,0,0,0,0,0,0
2026_02_CIN_HOU,00-0038597,2026,2,HOU,0,0,0,0,20,80,0,3,5,2,0,0,0
2026_02_JAX_DEN,00-0038605,2026,2,JAX,0,0,0,0,0,0,0,0,0,0,0,0,0
2026_02_JAX_DEN,00-0038606,2026,2,DEN,0,0,0,0,0,0,0,7,12,98,0,0,0
2026_02_CIN_HOU,00-0038608,2026,2,CIN,0,0,0,0,0,0,0,3,5,37,0,0,0
2026_02_JAX_DEN,00-0038611,2026,2,DEN,0,0,0,0,6,13,0,0,0,0,0,0,0
2026_02_CIN_HOU,00-0038618,2026,2,CIN,0,0,0,0,0,0,0,3,9,37,0,0,0
2026_02_CIN_HOU,00-0038619,2026,2,HOU,0,0,0,0,0,0,0,1,1,7,0,0,0
2026_02_PHI_TEN,00-0038620,2026,2,PHI,0,0,0,0,0,0,0,0,0,0,0,0,0
2026_02_PIT_NE,00-0038621,2026,2,PIT,0,0,0,0,0,0,0,1,2,9,0,0,0
2026_02_SEA_ARI,00-0038623,2026,2,SEA,0,0,0,0,0,0,0,0,0,0,0,0,0
2026_02_WAS_DAL,00-0038625,2026,2,WAS,0,0,0,0,0,0,0,0,0,0,0,0,0
2026_02_SEA_ARI,00-0038640,2026,2,SEA,0,0,0,0,0,0,0,0,0,0,0,0,0
2026_02_CIN_HOU,00-0038642,2026,2,HOU,0,0,0,0,0,0,0,0,0,0,0,0,0
2026_02_MIA_SF,00-0038643,2026,2,MIA,0,0,0,0,0,0,0,0,0,0,0,0,0
2026_02_PIT_NE,00-0038645,2026,2,NE,0,0,0,0,0,0,0,0,0,0,0,0,0
2026_02_PIT_NE,00-0038653,2026,2,PIT,0,0,0,0,0,0,0,0,0,0,0,0,0
2026_02_DET_BUF,00-0038660,2026,2,BUF,0,0,0,0,0,0,0,0,0,0,0,0,0
2026_02_GB_NYJ,00-0038685,2026,2,NYJ,0,0,0,0,4,11,0,1,2,15,0,0,0
2026_02_WAS_DAL,00-0038705,2026,2,WAS,0,0,0,0,3,8,0,0,0,0,0,0,0
2026_02_CLE_TB,00-0038710,2026,2,TB,0,0,0,0,0,0,0,1,2,17,1,0,0
2026_02_CLE_TB,00-0038715,2026,2,TB,0,0,0,0,0,0,0,0,0,0,0,0,0
2026_02_CIN_HOU,00-0038728,2026,2,CIN,0,0,0,0,0,0,0,2,7,33,0,0,0
2026_02_WAS_DAL,00-0038738,2026,2,WAS,0,0,0,0,1,1,0,0,0,0,0,0,0
2026_02_WAS_DAL,00-0038742,2026,2,WAS,0,0,0,0,0,0,0,0,0,0,0,0,0
2026_02_MIN_CHI,00-0038778,2026,2,CHI,0,0,0,0,0,0,0,0,0,0,0,0,0
2026_02_JAX_DEN,00-0038783,2026,2,JAX,0,0,0,0,1,6,0,3,3,32,1,0,0
2026_02_CAR_ATL,00-0038791,2026,2,ATL,0,0,0,0,0,0,0,0,0,0,0,0,0
2026_02_CLE_TB,00-0038794,2026,2,TB,0,0,0,0,1,3,0,0,1,0,0,0,0
2026_02_SEA_ARI,00-0038797,2026,2,ARI,0,0,0,0,21,92,0,0,1,0,0,0,0
2026_02_MIN_CHI,00-0038807,2026,2,CHI,0,0,0,0,0,0,0,0,0,0,0,0,0
2026_02_DET_BUF,00-0038820,2026,2,BUF,0,0,0,0,0,0,0,0,0,0,0,0,0
2026_02_MIA_SF,00-0038824,2026,2,SF,0,0,0,0,0,0,0,1,1,77,1,0,0
2026_02_CAR_ATL,00-0038840,2026,2,ATL,0,0,0,0,0,0,0,0,0,0,0,0,0
2026_02_SEA_ARI,00-0038866,2026,2,ARI,0,0,0,0,0,0,0,0,0,0,0,0,0
2026_02_DET_BUF,00-0038896,2026,2,BUF,0,0,0,0,0,0,0,0,0,0,0,0,0
2026_02_SEA_ARI,00-0038922,2026,2,ARI,0,0,0,0,0,0,0,0,0,0,0,0,0
2026_02_DET_BUF,00-0038933,2026,2,DET,0,0,0,0,0,0,0,7,8,95,1,0,0
2026_02_JAX_DEN,00-0038935,2026,2,DEN,0,0,0,0,0,0,0,2,2,17,0,0,0
2026_02_DET_BUF,00-0038936,2026,2,BUF,0,0,0,0,0,0,0,0,0,0,0,0,0
2026_02_DET_BUF,00-0038940,2026,2,BUF,0,0,0,0,0,0,0,0,0,0,0,0,0
2026_02_CAR_ATL,00-0038980,2026,2,CAR,0,0,0,0,0,0,0,0,0,0,0,0,0
2026_02_SEA_ARI,00-0038984,2026,2,SEA,0,0,0,0,0,0,0,0,0,0,0,0,0
2026_02_NYG_LA,00-0038986,2026,2,LA,0,0,0,0,0,0,0,0,0,0,0,0,0
2026_02_MIN_CHI,00-0038994,2026,2,CHI,0,0,0,0,0,0,0,2,5,21,0,0,0
2026_02_GB_NYJ,00-0038996,2026,2,NYJ,0,0,0,0,0,0,0,2,3,15,0,0,0
2026_02_IND_KC,00-0038997,2026,2,KC,0,0,0,0,0,0,0,7,9,72,0,0,0
2026_02_PHI_TEN,00-0039001,2026,2,TEN,0,0,0,0,0,0,0,0,0,0,0,0,0
2026_02_CAR_ATL,00-0039002,2026,2,CAR,0,0,0,0,0,0,0,0,0,0,0,0,0
2026_02_IND_KC,00-0039006,2026,2,IND,0,0,0,0,0,0,0,0,0,0,0,0,0
2026_02_PHI_TEN,00-0039013,2026,2,TEN,0,0,0,0,0,0,0,0,0,0,0,0,0
2026_02_DET_BUF,00-0039018,2026,2,BUF,0,0,0,0,0,0,0,0,0,0,0,0,0
2026_02_PHI_TEN,00-0039032,2026,2,PHI,0,0,0,0,7,41,0,2,2,29,0,0,0
2026_02_MIA_SF,00-0039040,2026,2,SF,0,0,0,0,20,74,0,3,6,19,0,0,0
2026_02_SEA_ARI,00-0039041,2026,2,SEA,0,0,0,0,0,0,0,0,0,0,0,0,0
2026_02_SEA_ARI,00-0039047,2026,2,ARI,0,0,0,0,0,0,0,0,0,0,0,0,0
2026_02_CLE_TB,00-0039049,2026,2,CLE,0,0,0,0,0,0,0,0,0,0,0,0,0
2026_02_NYG_LA,00-0039059,2026,2,NYG,0,0,0,0,0,0,0,0,0,0,0,0,0
2026_02_NYG_LA,00-0039061,2026,2,NYG,0,0,0,0,0,0,0,0,0,0,0,0,0
2026_02_CLE_TB,00-0039063,2026,2,CLE,0,0,0,0,0,0,0,0,0,0,0,0,0
2026_02_DET_BUF,00-0039065,2026,2,BUF,0,0,0,0,0,0,0,6,7,52,1,0,0
2026_02_LV_LAC,00-0039066,2026,2,LAC,0,0,0,0,0,0,0,3,4,23,0,0,0
2026_02_IND_KC,00-0039067,2026,2,IND,0,0,0,0,0,0,0,4,6,83,0,0,0
2026_02_CLE_TB,00-0039068,2026,2,CLE,0,0,0,0,0,0,0,0,0,0,0,0,0
2026_02_CAR_ATL,00-0039070,2026,2,CAR,0,0,0,0,0,0,0,0,0,0,0,0,0
2026_02_MIN_CHI,00-0039071,2026,2,MIN,0,0,0,0,0,0,0,0,0,0,0,0,0
2026_02_NYG_LA,00-0039074,2026,2,NYG,0,0,0,0,0,0,0,1,1,7,0,0,0
2026_02_CIN_HOU,00-0039108,2026,2,CIN,0,0,0,0,0,0,0,0,0,0,0,0,0
2026_02_PIT_NE,00-0039110,2026,2,NE,0,0,0,0,0,0,0,0,0,0,0,0,0
2026_02_LV_LAC,00-0039111,2026,2,LV,0,0,0,0,0,0,0,0,0,0,0,0,0
2026_02_GB_NYJ,00-0039112,2026,2,NYJ,0,0,0,0,0,0,0,0,0,0,0,0,0
2026_02_NYG_LA,00-0039137,2026,2,NYG,0,0,0,0,0,0,0,0,0,0,0,0,0
2026_02_NYG_LA,00-0039138,2026,2,NYG,0,0,0,0,0,0,0,0,0,0,0,0,0
2026_02_DET_BUF,00-0039139,2026,2,BUF,0,0,0,0,16,52,0,6,8,61,1,0,0
2026_02_GB_NYJ,00-0039145,2026,2,GB,0,0,0,0,0,0,0,0,0,0,0,0,0
2026_02_GB_NYJ,00-0039146,2026,2,NYJ,0,0,0,0,0,0,0,1,1,4,0,0,0
2026_02_PIT_NE,00-0039147,2026,2,PIT,0,0,0,0,0,0,0,0,0,0,0,0,0
2026_02_MIA_SF,00-0039148,2026,2,MIA,0,0,0,0,0,0,0,0,0,0,0,0,0
2026_02_WAS_DAL,00-0039149,2026,2,DAL,0,0,0,0,0,0,0,0,0,0,0,0,0
2026_02_CAR_ATL,00-0039150,2026,2,ATL,23,36,287,3,1,6,0,0,0,0,0,0,0
2026_02_NYG_LA,00-0039151,2026,2,NYG,0,0,0,0,0,0,0,0,0,0,0,0,0
2026_02_MIA_SF,00-0039156,2026,2,SF,0,0,0,0,0,0,0,0,0,0,0,0,0
2026_02_CIN_HOU,00-0039163,2026,2,CIN,30,55,353,0,3,29,0,0,0,0,0,0,0
2026_02_SEA_ARI,00-0039169,2026,2,ARI,0,0,0,0,0,0,0,0,0,0,0,0,0
2026_02_DET_BUF,00-0039172,2026,2,BUF,0,0,0,0,0,0,0,0,0,0,0,0,0
2026_02_NYG_LA,00-0039176,2026,2,LA,0,0,0,0,0,0,0,0,0,0,0,0,0
2026_02_NO_BAL,00-0039232,2026,2,NO,0,0,0,0,0,0,0,0,0,0,0,0,0
2026_02_NO_BAL,00-0039233,2026,2,NO,0,0,0,0,0,0,0,0,0,0,0,0,0
2026_02_GB_NYJ,00-0039272,2026,2,NYJ,0,0,0,0,0,0,0,0,0,0,0,0,0
2026_02_GB_NYJ,00-0039284,2026,2,GB,0,0,0,0,0,0,0,0,0,0,0,0,0
2026_02_SEA_ARI,00-0039299,2026,2,ARI,0,0,0,0,4,13,0,1,1,2,0,0,0
2026_02_SEA_ARI,00-0039309,2026,2,ARI,0,0,0,0,0,0,0,0,0,0,0,0,0
2026_02_CIN_HOU,00-0039323,2026,2,HOU,0,0,0,0,0,0,0,0,0,0,0,0,0
2026_02_IND_KC,00-0039324,2026,2,IND,0,0,0,0,0,0,0,0,0,0,0,0,0
2026_02_NYG_LA,00-0039337,2026,2,LA,0,0,0,0,0,0,0,1,4,1,0,0,0
2026_02_IND_KC,00-0039340,2026,2,KC,0,0,0,0,0,0,0,0,0,0,0,0,0
2026_02_CAR_ATL,00-0039342,2026,2,ATL,0,0,0,0,0,0,0,2,4,64,0,0,0
2026_02_CIN_HOU,00-0039343,2026,2,CIN,0,0,0,0,0,0,0,0,0,0,0,0,0
2026_02_CAR_ATL,00-0039344,2026,2,ATL,0,0,0,0,5,16,0,1,1,-5,0,0,0
2026_02_MIA_SF,00-0039345,2026,2,MIA,0,0,0,0,0,0,0,0,0,0,0,0,0
2026_02_LV_LAC,00-0039349,2026,2,LAC,0,0,0,0,0,0,0,0,0,0,0,0,0
2026_02_JAX_DEN,00-0039353,2026,2,DEN,0,0,0,0,0,0,0,0,0,0,0,0,0
2026_02_MIA_SF,00-0039360,2026,2,MIA,0,0,0,0,0,0,0,0,0,0,0,0,0
2026_02_CLE_TB,00-0039361,2026,2,CLE,0,0,0,0,17,89,0,4,4,1,0,0,0
2026_02_DET_BUF,00-0039364,2026,2,BUF,0,0,0,0,1,7,0,1,1,13,0,0,0
2026_02_MIA_SF,00-0039365,2026,2,MIA,0,0,0,0,0,0,0,0,0,0,0,0,0
2026_02_LV_LAC,00-0039366,2026,2,LV,0,0,0,0,0,0,0,0,0,0,0,0,0
2026_02_LV_LAC,00-0039369,2026,2,LV,0,0,0,0,0,0,0,0,0,0,0,0,0
2026_02_JAX_DEN,00-0039371,2026,2,JAX,0,0,0,0,0,0,0,0,0,0,0,0,0
2026_02_GB_NYJ,00-0039372,2026,2,GB,0,0,0,0,0,0,0,0,0,0,0,0,0
2026_02_LV_LAC,00-0039374,2026,2,LAC,0,0,0,0,0,0,0,0,0,0,0,0,0
2026_02_IND_KC,00-0039377,2026,2,KC,0,0,0,0,0,0,0,0,0,0,0,0,0
2026_02_NYG_LA,00-0039384,2026,2,LA,0,0,0,0,0,0,0,0,0,0,0,0,0
2026_02_LV_LAC,00-0039391,2026,2,LV,0,0,0,0,0,0,0,0,0,0,0,0,0
2026_02_CIN_HOU,00-0039395,2026,2,CIN,0,0,0,0,0,0,0,0,0,0,0,0,0
2026_02_MIN_CHI,00-0039404,2026,2,CHI,0,0,0,0,0,0,0,0,0,0,0,0,0
2026_02_CLE_TB,00-0039406,2026,2,TB,0,0,0,0,0,0,0,0,0,0,0,0,0
2026_02_LV_LAC,00-0039407,2026,2,LAC,0,0,0,0,0,0,0,0,0,0,0,0,0
2026_02_JAX_DEN,00-0039409,2026,2,DEN,0,0,0,0,0,0,0,0,0,0,0,0,0
2026_02_WAS_DAL,00-0039410,2026,2,WAS,0,0,0,0,0,0,0,5,6,23,0,0,0
2026_02_WAS_DAL,00-0039412,2026,2,DAL,0,0,0,0,0,0,0,0,0,0,0,0,0
2026_02_CLE_TB,00-0039417,2026,2,TB,0,0,0,0,0,0,0,0,0,0,0,0,0
2026_02_MIN_CHI,00-0039421,2026,2,CHI,0,0,0,0,0,0,0,0,0,0,0,0,0
2026_02_LV_LAC,00-0039423,2026,2,LAC,0,0,0,0,0,0,0,0,0,0,0,0,0
2026_02_NO_BAL,00-0039424,2026,2,BAL,0,0,0,0,0,0,0,5,7,64,0,0,0
2026_02_GB_NYJ,00-0039431,2026,2,GB,0,0,0,0,0,0,0,0,0,0,0,0,0
2026_02_GB_NYJ,00-0039451,2026,2,GB,0,0,0,0,1,14,0,6,6,34,0,0,0
2026_02_CAR_ATL,00-0039491,2026,2,ATL,0,0,0,0,0,0,0,8,9,66,0,0,0
2026_02_NYG_LA,00-0039498,2026,2,NYG,0,0,0,0,0,0,0,0,0,0,0,0,0
2026_02_CLE_TB,00-0039515,2026,2,TB,0,0,0,0,0,0,0,0,0,0,0,0,0
2026_02_WAS_DAL,00-0039530,2026,2,WAS,0,0,0,0,0,0,0,0,0,0,0,0,0
2026_02_MIA_SF,00-0039532,2026,2,SF,0,0,0,0,0,0,0,0,0,0,0,0,0
2026_02_IND_KC,00-0039576,2026,2,KC,0,0,0,0,0,0,0,0,0,0,0,0,0
2026_02_CLE_TB,00-0039589,2026,2,CLE,0,0,0,0,0,0,0,0,0,0,0,0,0
2026_02_CIN_HOU,00-0039603,2026,2,CIN,0,0,0,0,0,0,0,0,0,0,0,0,0
2026_02_CIN_HOU,00-0039632,2026,2,HOU,0,0,0,0,0,0,0,0,0,0,0,0,0
2026_02_GB_NYJ,00-0039634,2026,2,GB,0,0,0,0,0,0,0,0,0,0,0,0,0
2026_02_DET_BUF,00-0039660,2026,2,BUF,0,0,0,0,0,0,0,0,0,0,0,0,0
2026_02_WAS_DAL,00-0039686,2026,2,DAL,0,0,0,0,0,0,0,1,1,14,0,0,0
2026_02_MIN_CHI,00-0039718,2026,2,CHI,0,0,0,0,0,0,0,0,0,0,0,0,0
2026_02_NO_BAL,00-0039725,2026,2,BAL,0,0,0,0,0,0,0,0,0,0,0,0,0
2026_02_PHI_TEN,00-0039731,2026,2,PHI,0,0,0,0,0,0,0,0,0,0,0,0,0
2026_02_JAX_DEN,00-0039732,2026,2,JAX,22,31,288,1,5,6,0,0,0,0,0,1,0
2026_02_NYG_LA,00-0039734,2026,2,NYG,0,0,0,0,0,0,0,0,0,0,0,0,0
2026_02_NYG_LA,00-0039738,2026,2,NYG,0,0,0,0,12,79,0,1,1,13,0,0,0
2026_02_PIT_NE,00-0039739,2026,2,NE,0,0,0,0,0,0,0,5,6,28,0,0,0
2026_02_PHI_TEN,00-0039740,2026,2,TEN,0,0,0,0,0,0,0,0,0,0,0,0,0
2026_02_PIT_NE,00-0039741,2026,2,NE,0,0,0,0,0,0,0,0,0,0,0,0,0
2026_02_MIN_CHI,00-0039745,2026,2,MIN,0,0,0,0,0,0,0,0,0,0,0,0,0
2026_02_PHI_TEN,00-0039746,2026,2,TEN,0,0,0,0,7,24,0,2,2,5,0,0,0
2026_02_CIN_HOU,00-0039752,2026,2,HOU,0,0,0,0,0,0,0,0,0,0,0,0,0
2026_02_PIT_NE,00-0039770,2026,2,PIT,0,0,0,0,0,0,0,0,0,0,0,0,0
2026_02_NYG_LA,00-0039772,2026,2,NYG,0,0,0,0,0,0,0,0,0,0,0,0,0
2026_02_NYG_LA,00-0039774,2026,2,NYG,0,0,0,0,0,0,0,0,0,0,0,0,0
2026_02_NYG_LA,00-0039776,2026,2,NYG,0,0,0,0,0,0,0,0,0,0,0,0,0
2026_02_GB_NYJ,00-0039789,2026,2,GB,0,0,0,0,0,0,0,0,0,0,0,0,0
2026_02_NO_BAL,00-0039792,2026,2,NO,0,0,0,0,0,0,0,1,2,47,0,0,0
2026_02_SEA_ARI,00-0039793,2026,2,ARI,0,0,0,0,1,1,1,1,1,8,0,0,0
2026_02_GB_NYJ,00-0039794,2026,2,GB,0,0,0,0,5,7,1,1,1,8,0,0,0
2026_02_SEA_ARI,00-0039795,2026,2,ARI,0,0,0,0,0,0,0,0,0,0,0,0,0
2026_02_NO_BAL,00-0039796,2026,2,NO,0,0,0,0,0,0,0,0,0,0,0,0,0
2026_02_GB_NYJ,00-0039798,2026,2,GB,0,0,0,0,0,0,0,0,0,0,0,0,0
2026_02_SEA_ARI,00-0039807,2026,2,SEA,0,0,0,0,0,0,0,0,0,0,0,0,0
2026_02_JAX_DEN,00-0039809,2026,2,JAX,0,0,0,0,0,0,0,0,0,0,0,0,0
2026_02_GB_NYJ,00-0039811,2026,2,NYJ,0,0,0,0,6,20,0,2,2,6,1,0,1
2026_02_GB_NYJ,00-0039812,2026,2,NYJ,0,0,0,0,0,0,0,0,0,0,0,0,0
2026_02_GB_NYJ,00-0039813,2026,2,NYJ,0,0,0,0,0,0,0,0,0,0,0,0,0
2026_02_CIN_HOU,00-0039814,2026,2,HOU,0,0,0,0,0,0,0,2,3,5,0,0,0
2026_02_IND_KC,00-0039816,2026,2,KC,0,0,0,0,0,0,0,0,0,0,0,0,0
2026_02_GB_NYJ,00-0039817,2026,2,NYJ,0,0,0,0,0,0,0,0,0,0,0,0,0
2026_02_NYG_LA,00-0039821,2026,2,LA,0,0,0,0,0,0,0,0,0,0,0,0,0
2026_02_IND_KC,00-0039825,2026,2,IND,0,0,0,0,0,0,0,0,0,0,0,0,0
2026_02_PHI_TEN,00-0039826,2026,2,TEN,0,0,0,0,0,0,0,0,0,0,0,0,0
2026_02_PIT_NE,00-0039829,2026,2,PIT,0,0,0,0,0,0,0,0,0,0,0,0,0
2026_02_GB_NYJ,00-0039831,2026,2,NYJ,0,0,0,0,0,0,0,0,0,0,0,0,0
2026_02_LV_LAC,00-0039835,2026,2,LV,0,0,0,0,0,0,0,0,0,0,0,0,0
2026_02_MIN_CHI,00-0039840,2026,2,MIN,0,0,0,0,0,0,0,0,0,0,0,0,0
2026_02_PHI_TEN,00-0039841,2026,2,TEN,0,0,0,0,0,0,0,0,0,0,0,0,0
2026_02_CAR_ATL,00-0039842,2026,2,CAR,0,0,0,0,0,0,0,0,0,0,0,0,0
2026_02_IND_KC,00-0039844,2026,2,IND,0,0,0,0,0,0,0,0,0,0,0,0,0
2026_02_CLE_TB,00-0039846,2026,2,CLE,0,0,0,0,0,0,0,0,0,0,0,0,0
2026_02_NYG_LA,00-0039847,2026,2,LA,0,0,0,0,0,0,0,0,4,0,0,0,0
2026_02_SEA_ARI,00-0039849,2026,2,SEA,0,0,0,0,0,0,0,0,1,0,0,0,0
2026_02_GB_NYJ,00-0039850,2026,2,NYJ,0,0,0,0,0,0,0,0,0,0,0,0,0
2026_02_PIT_NE,00-0039851,2026,2,PIT,14,22,208,0,4,17,0,0,0,0,0,1,0
2026_02_CLE_TB,00-0039852,2026,2,TB,0,0,0,0,0,0,0,0,0,0,0,0,0
2026_02_SEA_ARI,00-0039854,2026,2,SEA,0,0,0,0,0,0,0,0,0,0,0,0,0
2026_02_PHI_TEN,00-0039858,2026,2,PHI,0,0,0,0,0,0,0,0,0,0,0,0,0
2026_02_CAR_ATL,00-0039859,2026,2,CAR,0,0,0,0,0,0,0,0,0,0,0,0,0
2026_02_NO_BAL,00-0039860,2026,2,BAL,0,0,0,0,0,0,0,0,0,0,0,0,0
2026_02_NYG_LA,00-0039861,2026,2,LA,0,0,0,0,0,0,0,0,0,0,0,0,0
2026_02_GB_NYJ,00-0039867,2026,2,NYJ,0,0,0,0,0,0,0,0,0,0,0,0,0
2026_02_JAX_DEN,00-0039868,2026,2,JAX,0,0,0,0,0,0,0,1,2,27,0,0,0
2026_02_PIT_NE,00-0039871,2026,2,NE,0,0,0,0,0,0,0,0,0,0,0,0,0
2026_02_DET_BUF,00-0039872,2026,2,DET,0,0,0,0,0,0,0,0,0,0,0,0,0
2026_02_DET_BUF,00-0039873,2026,2,DET,0,0,0,0,0,0,0,0,0,0,0,0,0
2026_02_MIA_SF,00-0039874,2026,2,SF,0,0,0,0,2,11,0,0,0,0,0,0,0
2026_02_DET_BUF,00-0039875,2026,2,DET,0,0,0,0,0,0,0,0,0,0,0,0,0
2026_02_DET_BUF,00-0039879,2026,2,DET,0,0,0,0,0,0,0,0,0,0,0,0,0
2026_02_MIA_SF,00-0039880,2026,2,SF,0,0,0,0,1,4,0,4,5,43,0,0,0
2026_02_GB_NYJ,00-0039886,2026,2,GB,0,0,0,0,0,0,0,0,0,0,0,0,0
2026_02_PHI_TEN,00-0039888,2026,2,TEN,0,0,0,0,0,0,0,0,0,0,0,0,0
2026_02_CAR_ATL,00-0039889,2026,2,CAR,0,0,0,0,0,0,0,0,0,0,0,0,0
2026_02_GB_NYJ,00-0039890,2026,2,GB,0,0,0,0,0,0,0,6,12,63,0,0,0
2026_02_JAX_DEN,00-0039893,2026,2,DEN,0,0,0,0,0,0,0,3,8,40,0,0,0
2026_02_IND_KC,00-0039894,2026,2,IND,0,0,0,0,0,0,0,5,7,25,1,0,0
2026_02_LV_LAC,00-0039897,2026,2,LV,0,0,0,0,0,0,0,0,0,0,0,0,0
2026_02_WAS_DAL,00-0039898,2026,2,DAL,0,0,0,0,0,0,0,0,0,0,0,0,0
2026_02_DET_BUF,00-0039901,2026,2,DET,0,0,0,0,0,0,0,6,6,63,0,0,0
2026_02_GB_NYJ,00-0039904,2026,2,NYJ,0,0,0,0,0,0,0,0,0,0,0,0,0
2026_02_CLE_TB,00-0039905,2026,2,CLE,0,0,0,0,0,0,0,0,0,0,0,0,0
2026_02_CIN_HOU,00-0039908,2026,2,HOU,0,0,0,0,0,0,0,0,0,0,0,0,0
2026_02_WAS_DAL,00-0039910,2026,2,DAL,11,17,96,1,7,69,0,0,0,0,0,0,0
2026_02_WAS_DAL,00-0039912,2026,2,DAL,0,0,0,0,0,0,0,1,1,6,0,0,0
2026_02_WAS_DAL,00-0039913,2026,2,DAL,0,0,0,0,0,0,0,0,0,0,0,0,0
2026_02_LV_LAC,00-0039915,2026,2,LV,0,0,0,0,0,0,0,3,3,35,0,0,0
2026_02_MIN_CHI,00-0039918,2026,2,MIN,15,26,138,0,5,42,0,0,0,0,0,1,0
2026_02_MIN_CHI,00-0039919,2026,2,MIN,0,0,0,0,0,0,0,3,4,43,0,0,0
2026_02_CLE_TB,00-0039920,2026,2,TB,0,0,0,0,0,0,0,0,0,0,0,0,0
2026_02_MIN_CHI,00-0039924,2026,2,CHI,0,0,0,0,0,0,0,0,0,0,0,0,0
2026_02_WAS_DAL,00-0040008,2026,2,WAS,0,0,0,0,0,0,0,0,0,0,0,0,0
2026_02_GB_NYJ,00-0040010,2026,2,NYJ,0,0,0,0,0,0,0,0,0,0,0,0,0
2026_02_WAS_DAL,00-0040011,2026,2,WAS,0,0,0,0,0,0,0,0,0,0,0,0,0
2026_02_PHI_TEN,00-0040013,2026,2,TEN,0,0,0,0,0,0,0,0,0,0,0,0,0
2026_02_PHI_TEN,00-0040020,2026,2,PHI,0,0,0,0,0,0,0,0,0,0,0,0,0
2026_02_PHI_TEN,00-0040024,2026,2,TEN,0,0,0,0,0,0,0,2,3,26,1,0,0
2026_02_PHI_TEN,00-0040041,2026,2,PHI,0,0,0,0,0,0,0,0,0,0,0,0,0
2026_02_WAS_DAL,00-0040045,2026,2,WAS,0,0,0,0,0,0,0,0,0,0,0,0,0
2026_02_MIA_SF,00-0040066,2026,2,SF,0,0,0,0,0,0,0,0,0,0,0,0,0
2026_02_IND_KC,00-0040072,2026,2,IND,0,0,0,0,0,0,0,0,0,0,0,0,0
2026_02_NO_BAL,00-0040074,2026,2,NO,0,0,0,0,0,0,0,0,0,0,0,0,0
2026_02_NO_BAL,00-0040075,2026,2,NO,0,0,0,0,0,0,0,1,2,14,0,0,0
2026_02_IND_KC,00-0040078,2026,2,IND,0,0,0,0,0,0,0,0,0,0,0,0,0
2026_02_CLE_TB,00-0040089,2026,2,CLE,0,0,0,0,0,0,0,0,0,0,0,0,0
2026_02_NO_BAL,00-0040100,2026,2,NO,0,0,0,0,0,0,0,0,0,0,0,0,0
2026_02_NO_BAL,00-0040104,2026,2,NO,0,0,0,0,0,0,0,0,0,0,0,0,0
2026_02_LV_LAC,00-0040122,2026,2,LAC,0,0,0,0,21,48,0,4,7,15,0,0,0
2026_02_CAR_ATL,00-0040124,2026,2,ATL,0,0,0,0,0,0,0,5,10,101,0,0,0
2026_02_NO_BAL,00-0040125,2026,2,BAL,0,0,0,0,0,0,0,0,0,0,0,0,0
2026_02_MIN_CHI,00-0040126,2026,2,MIN,0,0,0,0,0,0,0,1,3,3,0,0,0
2026_02_IND_KC,00-0040128,2026,2,KC,0,0,0,0,1,3,0,6,7,21,1,0,0
2026_02_CLE_TB,00-0040129,2026,2,CLE,0,0,0,0,1,-3,0,3,5,16,1,0,0
2026_02_PIT_NE,00-0040131,2026,2,PIT,0,0,0,0,0,0,0,1,2,10,0,0,0
2026_02_DET_BUF,00-0040132,2026,2,DET,0,0,0,0,0,0,0,0,0,0,0,0,0
2026_02_GB_NYJ,00-0040133,2026,2,GB,0,0,0,0,0,0,0,0,0,0,0,0,0
2026_02_JAX_DEN,00-0040134,2026,2,JAX,0,0,0,0,1,16,0,0,1,0,0,0,0
2026_02_CAR_ATL,00-0040136,2026,2,ATL,0,0,0,0,0,0,0,0,0,0,0,0,0
2026_02_SEA_ARI,00-0040137,2026,2,SEA,0,0,0,0,0,0,0,0,0,0,0,0,0
2026_02_CIN_HOU,00-0040138,2026,2,CIN,0,0,0,0,1,13,0,1,5,31,0,0,0
2026_02_IND_KC,00-0040139,2026,2,KC,0,0,0,0,0,0,0,0,0,0,0,0,0
2026_02_CIN_HOU,00-0040140,2026,2,HOU,0,0,0,0,0,0,0,0,0,0,0,0,0
2026_02_PHI_TEN,00-0040141,2026,2,PHI,0,0,0,0,0,0,0,0,0,0,0,0,0
2026_02_GB_NYJ,00-0040142,2026,2,NYJ,0,0,0,0,8,32,0,0,0,0,0,0,0
2026_02_LV_LAC,00-0040144,2026,2,LV,0,0,0,0,0,0,0,0,0,0,0,0,0
2026_02_CAR_ATL,00-0040148,2026,2,CAR,0,0,0,0,0,0,0,0,0,0,0,0,0
2026_02_CIN_HOU,00-0040149,2026,2,CIN,0,0,0,0,0,0,0,0,0,0,0,0,0
2026_02_MIA_SF,00-0040152,2026,2,MIA,0,0,0,0,0,0,0,0,0,0,0,0,0
2026_02_NO_BAL,00-0040155,2026,2,BAL,0,0,0,0,0,0,0,0,0,0,0,0,0
2026_02_CIN_HOU,00-0040157,2026,2,HOU,0,0,0,0,0,0,0,0,0,0,0,0,0
2026_02_CLE_TB,00-0040158,2026,2,CLE,0,0,0,0,0,0,0,0,0,0,0,0,0
2026_02_CAR_ATL,00-0040159,2026,2,ATL,0,0,0,0,0,0,0,0,0,0,0,0,0
2026_02_WAS_DAL,00-0040164,2026,2,DAL,0,0,0,0,0,0,0,0,0,0,0,0,0
2026_02_GB_NYJ,00-0040165,2026,2,GB,0,0,0,0,0,0,0,0,0,0,0,0,0
2026_02_NO_BAL,00-0040166,2026,2,BAL,0,0,0,0,0,0,0,0,0,0,0,0,0
2026_02_JAX_DEN,00-0040168,2026,2,JAX,0,0,0,0,0,0,0,0,0,0,0,0,0
2026_02_LV_LAC,00-0040169,2026,2,LAC,0,0,0,0,0,0,0,0,0,0,0,0,0
2026_02_PHI_TEN,00-0040170,2026,2,PHI,0,0,0,0,0,0,0,2,3,69,0,0,0
2026_02_PIT_NE,00-0040171,2026,2,PIT,0,0,0,0,0,0,0,0,0,0,0,0,0
2026_02_MIN_CHI,00-0040173,2026,2,CHI,0,0,0,0,0,0,0,0,0,0,0,0,0
2026_02_CAR_ATL,00-0040174,2026,2,ATL,0,0,0,0,0,0,0,0,0,0,0,0,0
2026_02_MIA_SF,00-0040175,2026,2,SF,0,0,0,0,0,0,0,0,0,0,0,0,0
2026_02_MIA_SF,00-0040177,2026,2,MIA,0,0,0,0,4,15,0,0,0,0,0,0,0
2026_02_MIA_SF,00-0040178,2026,2,SF,0,0,0,0,0,0,0,0,0,0,0,0,0
2026_02_MIA_SF,00-0040182,2026,2,SF,0,0,0,0,0,0,0,0,0,0,0,0,0
2026_02_CLE_TB,00-0040183,2026,2,CLE,0,0,0,0,0,0,0,0,0,0,0,0,0
2026_02_MIA_SF,00-0040185,2026,2,MIA,0,0,0,0,0,0,0,0,0,0,0,0,0
2026_02_CAR_ATL,00-0040187,2026,2,ATL,0,0,0,0,0,0,0,1,1,13,0,0,0
2026_02_LV_LAC,00-0040189,2026,2,LV,0,0,0,0,0,0,0,2,2,18,1,0,0
2026_02_DET_BUF,00-0040192,2026,2,DET,0,0,0,0,0,0,0,0,0,0,0,0,0
2026_02_SEA_ARI,00-0040195,2026,2,SEA,0,0,0,0,0,0,0,0,0,0,0,0,0
2026_02_MIA_SF,00-0040198,2026,2,SF,0,0,0,0,3,7,0,0,0,0,0,0,0
2026_02_PIT_NE,00-0040200,2026,2,PIT,0,0,0,0,0,0,0,0,0,0,0,0,0
2026_02_PHI_TEN,00-0040201,2026,2,PHI,0,0,0,0,0,0,0,0,0,0,0,0,0
2026_02_PIT_NE,00-0040204,2026,2,PIT,0,0,0,0,0,0,0,0,0,0,0,0,0
2026_02_JAX_DEN,00-0040213,2026,2,DEN,0,0,0,0,0,0,0,0,0,0,0,0,0
2026_02_LV_LAC,00-0040221,2026,2,LV,0,0,0,0,0,0,0,0,0,0,0,0,0
2026_02_JAX_DEN,00-0040223,2026,2,JAX,0,0,0,0,0,0,0,0,0,0,0,0,0
2026_02_IND_KC,00-0040235,2026,2,KC,0,0,0,0,0,0,0,0,0,0,0,0,0
2026_02_MIN_CHI,00-0040236,2026,2,MIN,0,0,0,0,10,47,0,2,2,11,0,0,0
2026_02_CLE_TB,00-0040237,2026,2,CLE,0,0,0,0,0,0,0,1,4,49,0,0,0
2026_02_JAX_DEN,00-0040238,2026,2,DEN,0,0,0,0,0,0,0,0,1,0,0,0,0
2026_02_WAS_DAL,00-0040242,2026,2,DAL,0,0,0,0,12,43,0,1,1,5,0,0,0
2026_02_MIA_SF,00-0040248,2026,2,SF,0,0,0,0,0,0,0,0,0,0,0,0,0
2026_02_CLE_TB,00-0040255,2026,2,TB,0,0,0,0,0,0,0,0,0,0,0,0,0
2026_02_CLE_TB,00-0040263,2026,2,TB,0,0,0,0,0,0,0,0,0,0,0,0,0
2026_02_CAR_ATL,00-0040279,2026,2,ATL,0,0,0,0,0,0,0,0,0,0,0,0,0
2026_02_WAS_DAL,00-0040318,2026,2,DAL,0,0,0,0,0,0,0,0,0,0,0,0,0
2026_02_JAX_DEN,00-0040326,2026,2,DEN,0,0,0,0,0,0,0,0,0,0,0,0,0
2026_02_JAX_DEN,00-0040342,2026,2,DEN,0,0,0,0,0,0,0,0,0,0,0,0,0
2026_02_DET_BUF,00-0040363,2026,2,DET,0,0,0,0,0,0,0,0,0,0,0,0,0
2026_02_CAR_ATL,00-0040458,2026,2,ATL,0,0,0,0,0,0,0,0,0,0,0,0,0
2026_02_CLE_TB,00-0040466,2026,2,TB,0,0,0,0,2,4,0,1,1,7,0,0,0
2026_02_MIN_CHI,00-0040496,2026,2,CHI,0,0,0,0,0,0,0,0,0,0,0,0,0
2026_02_MIN_CHI,00-0040506,2026,2,CHI,0,0,0,0,0,0,0,0,1,0,0,0,0
2026_02_PIT_NE,00-0040556,2026,2,PIT,0,0,0,0,2,0,0,0,0,0,0,0,0
2026_02_PIT_NE,00-0040563,2026,2,PIT,0,0,0,0,0,0,0,1,1,-2,0,0,0
2026_02_PIT_NE,00-0040574,2026,2,PIT,0,0,0,0,0,0,0,0,0,0,0,0,0
2026_02_CLE_TB,00-0040579,2026,2,TB,0,0,0,0,0,0,0,0,0,0,0,0,0
2026_02_NYG_LA,00-0040580,2026,2,NYG,0,0,0,0,0,0,0,0,0,0,0,0,0
2026_02_GB_NYJ,00-0040582,2026,2,GB,0,0,0,0,0,0,0,0,0,0,0,0,0
2026_02_CIN_HOU,00-0040583,2026,2,CIN,0,0,0,0,8,8,0,5,6,27,0,0,0
2026_02_PHI_TEN,00-0040584,2026,2,PHI,0,0,0,0,0,0,0,2,2,13,0,0,0
2026_02_NYG_LA,00-0040590,2026,2,NYG,0,0,0,0,0,0,0,1,2,12,0,0,0
2026_02_JAX_DEN,00-0040634,2026,2,JAX,0,0,0,0,0,0,0,0,0,0,0,0,0
2026_02_IND_KC,00-0040640,2026,2,IND,0,0,0,0,0,0,0,0,0,0,0,0,0
2026_02_NO_BAL,00-0040642,2026,2,BAL,0,0,0,0,0,0,0,0,0,0,0,0,0
2026_02_NO_BAL,00-0040643,2026,2,BAL,0,0,0,0,0,0,0,0,0,0,0,0,0
2026_02_SEA_ARI,00-0040645,2026,2,SEA,0,0,0,0,0,0,0,0,0,0,0,0,0
2026_02_IND_KC,00-0040646,2026,2,IND,0,0,0,0,0,0,0,2,2,6,1,0,0
2026_02_SEA_ARI,00-0040647,2026,2,ARI,0,0,0,0,0,0,0,0,0,0,0,0,0
2026_02_CIN_HOU,00-0040654,2026,2,CIN,0,1,0,0,0,0,0,0,0,0,0,0,0
2026_02_CLE_TB,00-0040663,2026,2,TB,0,0,0,0,0,0,0,5,6,54,0,0,0
2026_02_LV_LAC,00-0040666,2026,2,LV,0,0,0,0,23,94,1,2,2,21,0,0,1
2026_02_GB_NYJ,00-0040667,2026,2,NYJ,0,0,0,0,0,0,0,4,6,58,0,0,0
2026_02_DET_BUF,00-0040669,2026,2,BUF,0,0,0,0,0,0,0,2,5,26,0,0,0
2026_02_IND_KC,00-0040670,2026,2,IND,0,0,0,0,0,0,0,0,0,0,0,0,0
2026_02_DET_BUF,00-0040672,2026,2,BUF,0,0,0,0,0,0,0,0,0,0,0,0,0
2026_02_PHI_TEN,00-0040676,2026,2,PHI,13,20,183,0,4,7,2,0,0,0,0,0,0
2026_02_NYG_LA,00-0040677,2026,2,LA,0,0,0,0,0,0,0,0,0,0,0,0,0
2026_02_PIT_NE,00-0040678,2026,2,NE,0,0,0,0,0,0,0,0,0,0,0,0,0
2026_02_CLE_TB,00-0040685,2026,2,TB,0,0,0,0,0,0,0,0,0,0,0,0,0
2026_02_WAS_DAL,00-0040686,2026,2,DAL,0,0,0,0,0,0,0,0,0,0,0,0,0
2026_02_NO_BAL,00-0040688,2026,2,NO,0,0,0,0,0,0,0,0,0,0,0,0,0
2026_02_GB_NYJ,00-0040689,2026,2,NYJ,0,0,0,0,0,0,0,0,0,0,0,0,0
2026_02_NYG_LA,00-0040691,2026,2,LA,3,5,20,0,0,0,0,0,0,0,0,0,0
2026_02_PHI_TEN,00-0040705,2026,2,PHI,0,0,0,0,0,0,0,0,0,0,0,0,0
2026_02_SEA_ARI,00-0040706,2026,2,SEA,0,0,0,0,0,0,0,0,0,0,0,0,0
2026_02_PHI_TEN,00-0040708,2026,2,TEN,0,0,0,0,0,0,0,0,0,0,0,0,0
2026_02_DET_BUF,00-0040709,2026,2,DET,0,0,0,0,0,0,0,0,0,0,0,0,0
2026_02_DET_BUF,00-0040710,2026,2,DET,0,0,0,0,0,0,0,0,0,0,0,0,0
2026_02_MIA_SF,00-0040711,2026,2,MIA,0,0,0,0,0,0,0,0,0,0,0,0,0
2026_02_NYG_LA,00-0040715,2026,2,LA,0,0,0,0,12,36,0,4,4,19,0,0,0
2026_02_PIT_NE,00-0040716,2026,2,PIT,0,0,0,0,0,0,0,0,0,0,0,0,0
2026_02_JAX_DEN,00-0040718,2026,2,DEN,0,0,0,0,0,0,0,0,0,0,0,0,0
2026_02_JAX_DEN,00-0040719,2026,2,DEN,0,0,0,0,13,65,1,2,2,-3,0,0,0
2026_02_NO_BAL,00-0040722,2026,2,NO,0,0,0,0,0,0,0,0,0,0,0,0,0
2026_02_WAS_DAL,00-0040725,2026,2,WAS,0,0,0,0,0,0,0,0,0,0,0,0,0
2026_02_GB_NYJ,00-0040726,2026,2,NYJ,0,0,0,0,0,0,0,0,0,0,0,0,0
2026_02_LV_LAC,00-0040727,2026,2,LV,0,0,0,0,0,0,0,1,3,53,0,0,0
2026_02_LV_LAC,00-0040729,2026,2,LAC,0,0,0,0,0,0,0,2,2,25,0,0,0
2026_02_SEA_ARI,00-0040733,2026,2,ARI,0,0,0,0,0,0,0,0,0,0,0,0,0
2026_02_PIT_NE,00-0040734,2026,2,PIT,0,0,0,0,16,76,1,0,0,0,0,0,0
2026_02_MIN_CHI,00-0040735,2026,2,MIN,0,0,0,0,0,0,0,3,7,32,0,0,0
2026_02_NYG_LA,00-0040737,2026,2,NYG,0,0,0,0,0,0,0,6,9,54,1,0,0
2026_02_CIN_HOU,00-0040738,2026,2,HOU,0,0,0,0,0,0,0,0,0,0,0,0,0
2026_02_SEA_ARI,00-0040739,2026,2,ARI,0,0,0,0,0,0,0,1,1,17,0,0,0
2026_02_NO_BAL,00-0040743,2026,2,BAL,27,34,252,1,9,23,1,0,0,0,0,0,0
2026_02_IND_KC,00-0040744,2026,2,KC,0,0,0,0,0,0,0,0,0,0,0,0,0
2026_02_CLE_TB,00-0040747,2026,2,CLE,0,0,0,0,0,0,0,0,0,0,0,0,0
2026_02_PHI_TEN,00-0040749,2026,2,TEN,0,0,0,0,0,0,0,0,0,0,0,0,0
2026_02_SEA_ARI,00-0040751,2026,2,SEA,0,0,0,0,0,0,0,0,0,0,0,0,0
2026_02_PHI_TEN,00-0040752,2026,2,PHI,0,0,0,0,0,0,0,0,0,0,0,0,0
2026_02_CIN_HOU,00-0040756,2026,2,HOU,0,0,0,0,0,0,0,0,0,0,0,0,0
2026_02_CLE_TB,00-0040782,2026,2,TB,0,0,0,0,0,0,0,1,1,10,0,0,0
2026_02_CLE_TB,00-0040784,2026,2,TB,0,0,0,0,12,21,0,5,5,27,0,0,0
2026_02_CIN_HOU,00-0040785,2026,2,HOU,0,0,0,0,0,0,0,0,1,0,0,0,0
2026_02_WAS_DAL,00-0040865,2026,2,WAS,0,0,0,0,0,0,0,0,0,0,0,0,0
2026_02_PHI_TEN,00-0040867,2026,2,TEN,0,0,0,0,1,-5,0,1,1,14,0,0,0
2026_02_LV_LAC,00-0040868,2026,2,LAC,0,0,0,0,0,0,0,0,0,0,0,0,0
2026_02_GB_NYJ,00-0040869,2026,2,NYJ,0,0,0,0,0,0,0,0,0,0,0,0,0
2026_02_WAS_DAL,00-0040872,2026,2,WAS,0,0,0,0,0,0,0,0,0,0,0,0,0
2026_02_SEA_ARI,00-0040873,2026,2,ARI,0,0,0,0,0,0,0,0,0,0,0,0,0
2026_02_GB_NYJ,00-0040877,2026,2,NYJ,0,0,0,0,0,0,0,0,0,0,0,0,0
2026_02_LV_LAC,00-0040878,2026,2,LAC,0,0,0,0,3,7,0,0,1,0,0,0,0
2026_02_WAS_DAL,00-0040880,2026,2,WAS,0,0,0,0,0,0,0,0,0,0,0,0,0
2026_02_NO_BAL,00-0040885,2026,2,NO,0,0,0,0,0,0,0,0,0,0,0,0,0
2026_02_PHI_TEN,00-0040886,2026,2,PHI,0,0,0,0,4,10,0,0,0,0,0,0,0
2026_02_LV_LAC,00-0040889,2026,2,LAC,0,0,0,0,0,0,0,0,0,0,0,0,0
2026_02_LV_LAC,00-0040894,2026,2,LAC,0,0,0,0,0,0,0,0,1,0,0,0,0
2026_02_NO_BAL,00-0040898,2026,2,NO,0,0,0,0,0,0,0,0,0,0,0,0,0
2026_02_GB_NYJ,00-0040899,2026,2,NYJ,0,0,0,0,0,0,0,0,0,0,0,0,0
2026_02_IND_KC,00-0040928,2026,2,KC,0,0,0,0,0,0,0,0,0,0,0,0,0
2026_02_GB_NYJ,00-0040948,2026,2,NYJ,0,0,0,0,0,0,0,0,0,0,0,0,0
2026_02_NO_BAL,00-0040978,2026,2,NO,0,0,0,0,0,0,0,0,0,0,0,0,0
2026_02_IND_KC,00-0041013,2026,2,IND,0,0,0,0,2,15,0,2,2,20,0,0,0
2026_02_IND_KC,00-0041019,2026,2,IND,0,0,0,0,0,0,0,0,0,0,0,0,0
2026_02_GB_NYJ,00-0041026,2026,2,GB,0,0,0,0,0,0,0,0,0,0,0,0,0
2026_02_SEA_ARI,00-0041027,2026,2,SEA,0,0,0,0,9,29,0,3,3,16,0,0,0
2026_02_WAS_DAL,00-0041028,2026,2,DAL,0,0,0,0,0,0,0,0,0,0,0,0,0
2026_02_GB_NYJ,00-0041032,2026,2,GB,0,0,0,0,0,0,0,2,3,17,0,0,0
2026_02_MIN_CHI,00-0041033,2026,2,CHI,0,0,0,0,0,0,0,0,0,0,0,0,0
2026_02_DET_BUF,00-0041036,2026,2,DET,0,0,0,0,0,0,0,0,0,0,0,0,0
2026_02_CLE_TB,00-0041037,2026,2,TB,0,0,0,0,0,0,0,5,7,95,1,0,0
2026_02_IND_KC,00-0041039,2026,2,KC,0,0,0,0,0,0,0,0,0,0,0,0,0
2026_02_WAS_DAL,00-0041040,2026,2,DAL,0,1,0,0,0,0,0,3,3,24,0,0,0
2026_02_NO_BAL,00-0041041,2026,2,BAL,0,0,0,0,0,0,0,1,1,8,0,0,0
2026_02_NYG_LA,00-0041042,2026,2,LA,0,0,0,0,0,0,0,2,6,30,0,0,0
2026_02_IND_KC,00-0041043,2026,2,KC,0,0,0,0,0,0,0,0,0,0,0,0,0
2026_02_CAR_ATL,00-0041044,2026,2,CAR,0,0,0,0,0,0,0,2,2,14,0,0,0
2026_02_JAX_DEN,00-0041045,2026,2,DEN,0,0,0,0,0,0,0,0,0,0,0,0,0
2026_02_MIN_CHI,00-0041046,2026,2,CHI,0,0,0,0,0,0,0,0,0,0,0,0,0
2026_02_CLE_TB,00-0041048,2026,2,CLE,0,0,0,0,0,0,0,2,7,27,0,0,0
2026_02_CLE_TB,00-0041049,2026,2,TB,0,0,0,0,0,0,0,0,0,0,0,0,0
2026_02_MIN_CHI,00-0041051,2026,2,MIN,0,0,0,0,0,0,0,0,0,0,0,0,0
2026_02_MIA_SF,00-0041052,2026,2,MIA,0,0,0,0,7,25,0,0,0,0,0,0,0
2026_02_CLE_TB,00-0041057,2026,2,CLE,0,0,0,0,0,0,0,0,0,0,0,0,0
2026_02_MIN_CHI,00-0041060,2026,2,MIN,0,0,0,0,0,0,0,0,0,0,0,0,0
2026_02_CAR_ATL,00-0041063,2026,2,ATL,0,0,0,0,0,0,0,0,0,0,0,0,0
2026_02_LV_LAC,00-0041064,2026,2,LV,0,0,0,0,0,0,0,0,0,0,0,0,0
2026_02_CAR_ATL,00-0041066,2026,2,CAR,0,0,0,0,0,0,0,0,0,0,0,0,0
2026_02_NO_BAL,00-0041067,2026,2,BAL,0,0,0,0,0,0,0,1,1,8,0,0,0
2026_02_CIN_HOU,00-0041069,2026,2,HOU,0,0,0,0,0,0,0,1,1,7,0,0,0
2026_02_LV_LAC,00-0041072,2026,2,LV,0,0,0,0,0,0,0,0,0,0,0,0,0
2026_02_CAR_ATL,00-0041076,2026,2,ATL,0,0,0,0,0,0,0,0,0,0,0,0,0
2026_02_MIA_SF,00-0041078,2026,2,MIA,0,0,0,0,0,0,0,0,0,0,0,0,0
2026_02_PIT_NE,00-0041088,2026,2,PIT,0,0,0,0,0,0,0,0,0,0,0,0,0
2026_02_SEA_ARI,00-0041093,2026,2,SEA,0,0,0,0,0,0,0,0,0,0,0,0,0
2026_02_WAS_DAL,00-0041096,2026,2,DAL,0,0,0,0,5,24,0,0,0,0,0,0,0
2026_02_NO_BAL,00-0041099,2026,2,BAL,0,0,0,0,0,0,0,0,0,0,0,0,0
2026_02_JAX_DEN,00-0041100,2026,2,DEN,0,0,0,0,0,0,0,0,0,0,0,0,0
2026_02_MIN_CHI,00-0041104,2026,2,CHI,0,0,0,0,0,0,0,1,1,2,0,0,0
2026_02_PIT_NE,00-0041109,2026,2,PIT,0,0,0,0,0,0,0,0,0,0,0,0,0
2026_02_MIN_CHI,00-0041110,2026,2,MIN,0,0,0,0,0,0,0,0,0,0,0,0,0
2026_02_IND_KC,00-0041111,2026,2,KC,0,0,0,0,0,0,0,0,0,0,0,0,0
2026_02_CAR_ATL,00-0041112,2026,2,CAR,0,0,0,0,0,0,0,0,0,0,0,0,0
2026_02_IND_KC,00-0041125,2026,2,KC,0,0,0,0,2,0,0,0,0,0,0,0,0
2026_02_DET_BUF,00-0041126,2026,2,DET,0,0,0,0,0,0,0,0,0,0,0,0,0
2026_02_IND_KC,00-0041132,2026,2,KC,0,0,0,0,2,14,0,0,0,0,0,0,0
2026_02_NYG_LA,00-0041145,2026,2,LA,0,0,0,0,0,0,0,0,0,0,0,0,0
2026_02_CAR_ATL,00-0041148,2026,2,ATL,0,0,0,0,0,0,0,0,0,0,0,0,0
2026_02_MIN_CHI,00-0041175,2026,2,MIN,0,0,0,0,0,0,0,0,0,0,0,0,0
2026_02_WAS_DAL,00-0041182,2026,2,DAL,0,0,0,0,0,0,0,0,0,0,0,0,0
2026_02_CAR_ATL,00-0041194,2026,2,CAR,8,15,59,0,2,16,0,0,0,0,0,1,1
2026_02_IND_KC,00-0041227,2026,2,KC,0,0,0,0,0,0,0,0,0,0,0,0,0
2026_02_CIN_HOU,00-0041305,2026,2,CIN,0,0,0,0,0,0,0,0,0,0,0,0,0
2026_02_NO_BAL,00-0041326,2026,2,BAL,0,0,0,0,1,2,0,0,0,0,0,0,0
2026_02_MIN_CHI,00-0041354,2026,2,CHI,0,0,0,0,0,0,0,0,0,0,0,0,0
2026_02_MIA_SF,00-0041363,2026,2,MIA,0,0,0,0,0,0,0,0,0,0,0,0,0
2026_02_SEA_ARI,00-0041370,2026,2,SEA,0,0,0,0,0,0,0,0,0,0,0,0,0
2026_02_LV_LAC,00-0041381,2026,2,LV,0,0,0,0,0,0,0,0,0,0,0,0,0
2026_02_SEA_ARI,00-0041382,2026,2,ARI,0,0,0,0,0,0,0,0,0,0,0,0,0
2026_02_DET_BUF,00-0041391,2026,2,DET,0,0,0,0,0,0,0,0,0,0,0,0,0
2026_02_LV_LAC,00-0041392,2026,2,LV,0,0,0,0,0,0,0,0,0,0,0,0,0
2026_02_PIT_NE,00-0041395,2026,2,PIT,0,0,0,0,0,0,0,1,1,30,0,0,0
2026_02_PIT_NE,00-0041397,2026,2,NE,0,0,0,0,0,0,0,0,0,0,0,0,0
2026_02_PIT_NE,00-0041401,2026,2,NE,0,0,0,0,0,0,0,0,0,0,0,0,0
2026_02_PIT_NE,00-0041402,2026,2,PIT,0,0,0,0,0,0,0,0,0,0,0,0,0
2026_02_NYG_LA,00-0041404,2026,2,NYG,0,0,0,0,0,0,0,0,0,0,0,0,0
2026_02_MIA_SF,00-0041436,2026,2,SF,0,0,0,0,0,0,0,1,3,18,0,0,0
2026_02_PHI_TEN,00-0041438,2026,2,PHI,0,0,0,0,0,0,0,3,5,27,0,0,0
2026_02_DET_BUF,00-0041444,2026,2,DET,0,0,0,0,0,0,0,0,0,0,0,0,0
2026_02_DET_BUF,00-0041447,2026,2,BUF,0,0,0,0,0,0,0,0,0,0,0,0,0
2026_02_CIN_HOU,00-0041449,2026,2,CIN,0,0,0,0,0,0,0,0,0,0,0,0,0
2026_02_PIT_NE,00-0041455,2026,2,PIT,0,0,0,0,0,0,0,0,0,0,0,0,0
2026_02_DET_BUF,00-0041459,2026,2,BUF,0,0,0,0,0,0,0,0,0,0,0,0,0
2026_02_NYG_LA,00-0041462,2026,2,LA,0,0,0,0,0,0,0,0,0,0,0,0,0
2026_02_CIN_HOU,00-0041464,2026,2,HOU,0,0,0,0,0,0,0,0,0,0,0,0,0
2026_02_CAR_ATL,00-0041469,2026,2,CAR,0,0,0,0,0,0,0,0,0,0,0,0,0
2026_02_GB_NYJ,00-0041470,2026,2,NYJ,0,0,0,0,0,0,0,0,0,0,0,0,0
2026_02_CLE_TB,00-0041471,2026,2,TB,0,0,0,0,0,0,0,0,0,0,0,0,0
2026_02_PHI_TEN,00-0041479,2026,2,PHI,0,0,0,0,0,0,0,0,0,0,0,0,0
2026_02_PIT_NE,00-0041489,2026,2,NE,0,0,0,0,0,0,0,4,8,35,0,0,0
2026_02_PIT_NE,00-0041490,2026,2,NE,0,0,0,0,0,0,0,0,0,0,0,0,0
2026_02_NO_BAL,00-0041494,2026,2,NO,0,0,0,0,0,0,0,0,0,0,0,0,0
2026_02_MIN_CHI,00-0041495,2026,2,CHI,0,0,0,0,0,0,0,0,0,0,0,0,0
2026_02_JAX_DEN,00-0041496,2026,2,JAX,0,0,0,0,10,39,1,3,3,19,0,0,0
2026_02_IND_KC,00-0041497,2026,2,IND,0,0,0,0,0,0,0,0,0,0,0,0,0
2026_02_IND_KC,00-0041501,2026,2,IND,0,0,0,0,0,0,0,0,0,0,0,0,0
2026_02_CLE_TB,00-0041502,2026,2,CLE,0,0,0,0,0,0,0,0,0,0,0,0,0
2026_02_NYG_LA,00-0041505,2026,2,LA,0,0,0,0,0,0,0,0,0,0,0,0,0
2026_02_PHI_TEN,00-0041508,2026,2,PHI,0,0,0,0,0,0,0,0,0,0,0,0,0
2026_02_NYG_LA,00-0041509,2026,2,LA,0,0,0,0,0,0,0,0,0,0,0,0,0
2026_02_SEA_ARI,00-0041512,2026,2,ARI,0,0,0,0,13,52,0,1,2,8,0,0,1
2026_02_IND_KC,00-0041518,2026,2,KC,0,0,0,0,0,0,0,0,0,0,0,0,0
2026_02_MIA_SF,00-0041521,2026,2,SF,0,0,0,0,0,0,0,0,0,0,0,0,0
2026_02_MIA_SF,00-0041522,2026,2,SF,0,0,0,0,0,0,0,0,0,0,0,0,0
2026_02_MIA_SF,00-0041523,2026,2,SF,0,0,0,0,0,0,0,2,3,19,0,0,0
2026_02_MIA_SF,00-0041524,2026,2,SF,0,0,0,0,0,0,0,1,1,4,0,0,0
2026_02_MIA_SF,00-0041525,2026,2,SF,0,0,0,0,0,0,0,0,1,0,0,0,0
2026_02_MIA_SF,00-0041528,2026,2,SF,0,0,0,0,0,0,0,0,0,0,0,0,0
2026_02_CIN_HOU,00-0041532,2026,2,CIN,0,0,0,0,0,0,0,0,0,0,0,0,0
2026_02_MIA_SF,00-0041533,2026,2,SF,0,0,0,0,0,0,0,0,0,0,0,0,0
2026_02_WAS_DAL,00-0041537,2026,2,WAS,0,0,0,0,0,0,0,0,0,0,0,0,0
2026_02_MIN_CHI,00-0041538,2026,2,MIN,0,0,0,0,0,0,0,0,0,0,0,0,0
2026_02_LV_LAC,00-0041544,2026,2,LV,0,0,0,0,0,0,0,0,0,0,0,0,0
2026_02_IND_KC,00-0041545,2026,2,IND,0,0,0,0,0,0,0,0,0,0,0,0,0
2026_02_CIN_HOU,00-0041546,2026,2,HOU,0,0,0,0,0,0,0,0,0,0,0,0,0
2026_02_CLE_TB,00-0041547,2026,2,TB,0,0,0,0,1,-6,0,6,6,28,0,0,0
2026_02_GB_NYJ,00-0041549,2026,2,GB,0,0,0,0,0,0,0,0,0,0,0,0,0
2026_02_LV_LAC,00-0041550,2026,2,LV,0,0,0,0,0,0,0,1,3,13,0,0,0
2026_02_MIA_SF,00-0041556,2026,2,MIA,0,0,0,0,0,0,0,0,0,0,0,0,0
2026_02_MIA_SF,00-0041557,2026,2,MIA,0,0,0,0,0,0,0,0,0,0,0,0,0
2026_02_MIN_CHI,00-0041558,2026,2,MIN,0,0,0,0,0,0,0,1,3,9,0,0,0
2026_02_LV_LAC,00-0041563,2026,2,LAC,0,0,0,0,0,0,0,0,0,0,0,0,0
2026_02_PIT_NE,00-0041569,2026,2,PIT,0,0,0,0,0,0,0,0,0,0,0,0,0
2026_02_MIN_CHI,00-0041581,2026,2,CHI,0,0,0,0,0,0,0,0,0,0,0,0,0
2026_02_DET_BUF,0,2026,2,DET,0,0,0,0,0,0,0,0,0,0,0,0,0
2026_03_CIN_PIT,00-0023459,2026,3,CIN,19,34,292,3,3,10,0,0,0,0,0,1,0
2026_03_ATL_GB,00-0025565,2026,3,GB,0,0,0,0,0,0,0,0,0,0,0,0,0
2026_03_BAL_DAL,00-0026190,2026,3,DAL,0,0,0,0,0,0,0,0,0,0,0,0,0
2026_03_LA_DEN,00-0026498,2026,3,DEN,30,55,390,2,2,13,0,0,0,0,0,2,0
2026_03_BAL_DAL,00-0027940,2026,3,BAL,0,0,0,0,0,0,0,0,0,0,0,0,0
2026_03_CIN_PIT,00-0027969,2026,3,CIN,0,0,0,0,0,0,0,0,0,0,0,0,0
2026_03_PHI_CHI,00-0027973,2026,3,CHI,0,1,0,0,0,0,0,0,0,0,0,1,0
2026_03_MIN_TB,00-0028872,2026,3,TB,0,0,0,0,0,0,0,0,0,0,0,0,0
2026_03_PHI_CHI,00-0028986,2026,3,PHI,24,34,247,2,4,6,1,0,0,0,0,0,0
2026_03_LV_NO,00-0029604,2026,3,NO,22,33,248,3,3,3,0,0,0,0,0,0,0
2026_03_MIN_TB,00-0029606,2026,3,TB,0,0,0,0,0,0,0,0,0,0,0,0,0
2026_03_NYJ_DET,00-0029607,2026,3,DET,0,0,0,0,0,0,0,0,0,0,0,0,0
2026_03_BAL_DAL,00-0029692,2026,3,BAL,0,0,0,0,0,0,0,0,0,0,0,0,0
2026_03_ARI_SF,00-0029892,2026,3,ARI,0,0,0,0,0,0,0,0,2,0,0,0,0
2026_03_PHI_CHI,00-0030061,2026,3,CHI,0,0,0,0,0,0,0,1,2,9,0,0,0
2026_03_BAL_DAL,00-0030070,2026,3,DAL,0,0,0,0,0,0,0,0,0,0,0,0,0
2026_03_CAR_CLE,00-0030092,2026,3,CLE,0,0,0,0,0,0,0,0,0,0,0,0,0
2026_03_SEA_WAS,00-0030140,2026,3,SEA,0,0,0,0,0,0,0,0,0,0,0,0,0
2026_03_HOU_IND,00-0030279,2026,3,HOU,0,0,0,0,0,0,0,6,9,63,1,0,0
2026_03_LAC_BUF,00-0030294,2026,3,BUF,0,0,0,0,0,0,0,0,0,0,0,0,0
2026_03_KC_MIA,00-0030506,2026,3,MIA,0,0,0,0,0,0,0,2,2,59,1,0,0
2026_03_NYJ_DET,00-0030565,2026,3,DET,31,37,321,3,2,12,0,0,0,0,0,0,1
2026_03_LAC_BUF,00-0031040,2026,3,BUF,0,0,0,0,0,0,0,0,0,0,0,0,0
2026_03_NE_JAX,00-0031054,2026,3,JAX,0,0,0,0,0,0,0,0,0,0,0,0,0
2026_03_CIN_PIT,00-0031136,2026,3,CIN,0,0,0,0,0,0,0,0,0,0,0,0,0
2026_03_PHI_CHI,00-0031203,2026,3,PHI,0,0,0,0,0,0,0,0,0,0,0,0,0
2026_03_TEN_NYG,00-0031235,2026,3,TEN,0,0,0,0,0,0,0,0,1,0,0,0,0
2026_03_TEN_NYG,00-0031270,2026,3,TEN,0,0,0,0,0,0,0,0,0,0,0,0,0
2026_03_NE_JAX,00-0031330,2026,3,JAX,0,0,0,0,0,0,0,0,0,0,0,0,0
2026_03_MIN_TB,00-0031360,2026,3,TB,0,0,0,0,0,0,0,0,0,0,0,0,0
2026_03_LA_DEN,00-0031381,2026,3,DEN,0,0,0,0,0,0,0,7,13,137,0,0,0
2026_03_LA_DEN,00-0031388,2026,3,DEN,0,0,0,0,0,0,0,0,0,0,0,0,0
2026_03_ARI_SF,00-0031408,2026,3,ARI,0,0,0,0,0,0,0,3,6,34,1,0,0
2026_03_SEA_WAS,00-0031411,2026,3,WAS,0,0,0,0,0,0,0,0,0,0,0,0,0
2026_03_SEA_WAS,00-0031492,2026,3,WAS,0,0,0,0,0,0,0,0,0,0,0,0,0
2026_03_TEN_NYG,00-0031503,2026,3,TEN,14,22,118,0,2,14,0,0,0,0,0,0,0
2026_03_HOU_IND,00-0031565,2026,3,IND,0,0,0,0,0,0,0,0,0,0,0,0,0
2026_03_ATL_GB,00-0031576,2026,3,GB,0,0,0,0,0,0,0,0,0,0,0,0,0
2026_03_PHI_CHI,00-0031583,2026,3,PHI,0,0,0,0,0,0,0,0,0,0,0,0,0
2026_03_SEA_WAS,00-0031588,2026,3,SEA,0,0,0,0,0,0,0,4,7,33,0,0,0
2026_03_CAR_CLE,00-0031595,2026,3,CAR,0,0,0,0,0,0,0,0,1,0,0,0,0
2026_03_CAR_CLE,00-0031610,2026,3,CLE,0,0,0,0,0,0,0,5,8,51,0,0,0
2026_03_LA_DEN,00-0031898,2026,3,LA,0,0,0,0,0,0,0,0,0,0,0,0,0
2026_03_SEA_WAS,00-0031933,2026,3,WAS,0,0,0,0,0,0,0,0,0,0,0,0,0
2026_03_KC_MIA,00-0032065,2026,3,KC,0,0,0,0,0,0,0,0,0,0,0,0,0
2026_03_NE_JAX,00-0032104,2026,3,NE,0,0,0,0,3,2,0,0,1,0,0,0,0
2026_03_LAC_BUF,00-0032146,2026,3,BUF,0,0,0,0,0,0,0,0,0,0,0,0,0
2026_03_NE_JAX,00-0032164,2026,3,NE,0,0,0,0,0,0,0,0,0,0,0,0,0
2026_03_LA_DEN,00-0032228,2026,3,DEN,0,0,0,0,0,0,0,0,0,0,0,0,0
2026_03_HOU_IND,00-0032265,2026,3,IND,0,0,0,0,0,0,0,0,0,0,0,0,0
2026_03_SEA_WAS,00-0032268,2026,3,SEA,19,31,183,3,5,11,0,0,0,0,0,0,0
2026_03_HOU_IND,00-0032378,2026,3,HOU,0,0,0,0,0,0,0,0,0,0,0,0,0
2026_03_NYJ_DET,00-0032385,2026,3,DET,0,0,0,0,0,0,0,1,1,3,0,0,0
2026_03_SEA_WAS,00-0032387,2026,3,WAS,0,0,0,0,0,0,0,0,0,0,0,0,0
2026_03_ATL_GB,00-0032392,2026,3,GB,0,0,0,0,0,0,0,2,2,11,1,0,0
2026_03_BAL_DAL,00-0032398,2026,3,DAL,0,0,0,0,0,0,0,1,1,4,1,0,0
2026_03_MIN_TB,00-0032399,2026,3,MIN,0,0,0,0,0,0,0,0,0,0,0,0,0
2026_03_TEN_NYG,00-0032424,2026,3,TEN,0,0,0,0,0,0,0,0,0,0,0,0,0
2026_03_CIN_PIT,00-0032445,2026,3,PIT,0,0,0,0,0,0,0,0,0,0,0,0,0
2026_03_PHI_CHI,00-0032464,2026,3,PHI,0,0,0,0,0,0,0,6,7,90,1,0,0
2026_03_LA_DEN,00-0032569,2026,3,LA,0,0,0,0,0,0,0,0,0,0,0,0,0
2026_03_HOU_IND,00-0032726,2026,3,IND,0,0,0,0,0,0,0,0,0,0,0,0,0
2026_03_HOU_IND,00-0032759,2026,3,IND,0,0,0,0,0,0,0,0,0,0,0,0,0
2026_03_KC_MIA,00-0032762,2026,3,MIA,0,0,0,0,0,0,0,0,0,0,0,0,0
2026_03_BAL_DAL,00-0032764,2026,3,DAL,0,0,0,0,26,89,2,1,1,0,0,0,0
2026_03_MIN_TB,00-0032889,2026,3,MIN,0,0,0,0,0,0,0,0,0,0,0,0,0
2026_03_MIN_TB,00-0032943,2026,3,MIN,0,0,0,0,0,0,0,0,0,0,0,0,0
2026_03_HOU_IND,00-0032951,2026,3,HOU,0,0,0,0,0,0,0,1,1,20,0,0,0
2026_03_NE_JAX,00-0033038,2026,3,NE,0,0,0,0,0,0,0,0,0,0,0,0,0
2026_03_CIN_PIT,00-0033055,2026,3,CIN,0,0,0,0,0,0,0,0,0,0,0,0,0
2026_03_BAL_DAL,00-0033077,2026,3,BAL,25,40,276,1,4,19,0,0,0,0,0,0,0
2026_03_NE_JAX,00-0033090,2026,3,JAX,0,0,0,0,0,0,0,1,2,5,0,0,0
2026_03_BAL_DAL,00-0033093,2026,3,BAL,0,0,0,0,0,0,0,0,0,0,0,0,0
2026_03_NYJ_DET,00-0033106,2026,3,NYJ,25,32,269,2,4,6,0,0,0,0,0,0,0
2026_03_ATL_GB,00-0033109,2026,3,ATL,0,0,0,0,0,0,0,0,0,0,0,0,0
2026_03_LA_DEN,00-0033110,2026,3,DEN,0,0,0,0,0,0,0,8,11,62,1,0,0
2026_03_ARI_SF,00-0033119,2026,3,SF,38,52,280,2,4,4,1,0,0,0,0,0,0
2026_03_BAL_DAL,00-0033120,2026,3,BAL,0,0,0,0,0,0,0,0,0,0,0,0,0
2026_03_CAR_CLE,00-0033131,2026,3,CAR,0,0,0,0,0,0,0,0,0,0,0,0,0
2026_03_NE_JAX,00-0033132,2026,3,JAX,0,0,0,0,0,0,0,0,0,0,0,0,0
2026_03_HOU_IND,00-0033217,2026,3,HOU,0,0,0,0,0,0,0,1,1,16,0,0,0
2026_03_PHI_CHI,00-0033246,2026,3,CHI,0,0,0,0,0,0,0,1,1,4,0,0,0
2026_03_HOU_IND,00-0033269,2026,3,HOU,0,0,0,0,0,0,0,0,0,0,0,0,0
2026_03_ARI_SF,00-0033280,2026,3,ARI,0,0,0,0,15,75,1,4,5,41,0,0,0
2026_03_BAL_DAL,00-0033281,2026,3,DAL,0,0,0,0,0,0,0,0,0,0,0,0,0
2026_03_ARI_SF,00-0033288,2026,3,ARI,0,0,0,0,0,0,0,6,7,82,2,0,0
2026_03_TEN_NYG,00-0033290,2026,3,TEN,0,0,0,0,0,0,0,0,0,0,0,0,0
2026_03_MIN_TB,00-0033293,2026,3,TB,0,0,0,0,17,58,0,5,6,34,0,0,0
2026_03_NYJ_DET,00-0033294,2026,3,NYJ,0,0,0,0,0,0,0,0,0,0,0,0,0
2026_03_LA_DEN,00-0033297,2026,3,LA,0,0,0,0,0,0,0,0,0,0,0,0,0
2026_03_KC_MIA,00-0033303,2026,3,MIA,0,0,0,0,0,0,0,0,0,0,0,0,0
2026_03_ARI_SF,00-0033307,2026,3,SF,0,0,0,0,0,0,0,2,3,22,0,0,0
2026_03_MIN_TB,00-0033336,2026,3,TB,0,0,0,0,0,0,0,0,0,0,0,0,0
2026_03_LV_NO,00-0033381,2026,3,NO,0,0,0,0,0,0,0,0,0,0,0,0,0
2026_03_CIN_PIT,00-0033523,2026,3,PIT,0,0,0,0,0,0,0,0,0,0,0,0,0
2026_03_CIN_PIT,00-0033526,2026,3,PIT,0,0,0,0,3,9,0,1,3,5,0,0,0
2026_03_CAR_CLE,00-0033537,2026,3,CAR,16,30,144,2,11,45,0,0,0,0,0,0,0
2026_03_LA_DEN,00-0033538,2026,3,LA,0,0,0,0,0,0,0,0,0,0,0,0,0
2026_03_BAL_DAL,00-0033548,2026,3,DAL,0,0,0,0,0,0,0,0,0,0,0,0,0
2026_03_SEA_WAS,00-0033551,2026,3,SEA,0,0,0,0,0,0,0,0,0,0,0,0,0
2026_03_NE_JAX,00-0033555,2026,3,JAX,0,0,0,0,0,0,0,6,9,87,0,0,0
2026_03_SEA_WAS,00-0033576,2026,3,WAS,0,0,0,0,0,0,0,1,2,13,1,0,0
2026_03_PHI_CHI,00-0033579,2026,3,PHI,0,0,0,0,0,0,0,0,0,0,0,0,0
2026_03_CAR_CLE,00-0033589,2026,3,CLE,0,0,0,0,0,0,0,0,2,0,0,0,0
2026_03_ARI_SF,00-0033676,2026,3,SF,0,0,0,0,0,0,0,0,0,0,0,0,0
2026_03_CIN_PIT,00-0033729,2026,3,CIN,0,0,0,0,0,0,0,0,0,0,0,0,0
2026_03_CIN_PIT,00-0033757,2026,3,CIN,0,0,0,0,0,0,0,1,1,2,0,0,0
2026_03_PHI_CHI,00-0033787,2026,3,CHI,0,0,0,0,0,0,0,0,0,0,0,0,0
2026_03_ATL_GB,00-0033858,2026,3,ATL,0,0,0,0,0,0,0,2,3,16,0,0,0
2026_03_LV_NO,00-0033860,2026,3,LV,0,0,0,0,0,0,0,0,0,0,0,0,0
2026_03_KC_MIA,00-0033873,2026,3,MIA,20,24,246,2,1,1,0,0,0,0,0,1,0
2026_03_CAR_CLE,00-0033876,2026,3,CAR,0,0,0,0,0,0,0,0,0,0,0,0,0
2026_03_LA_DEN,00-0033881,2026,3,LA,0,0,0,0,0,0,0,0,2,0,0,0,0
2026_03_CIN_PIT,00-0033886,2026,3,CIN,0,0,0,0,0,0,0,0,0,0,0,0,0
2026_03_ARI_SF,00-0033890,2026,3,SF,0,0,0,0,0,0,0,0,0,0,0,0,0
2026_03_LAC_BUF,00-0033904,2026,3,LAC,0,0,0,0,0,0,0,0,0,0,0,0,0
2026_03_LV_NO,00-0033906,2026,3,LV,0,0,0,0,9,36,0,1,1,5,0,0,0
2026_03_SEA_WAS,00-0033908,2026,3,WAS,0,0,0,0,0,0,0,4,5,46,1,0,0
2026_03_MIN_TB,00-0033914,2026,3,MIN,0,0,0,0,0,0,0,0,0,0,0,0,0
2026_03_MIN_TB,00-0033921,2026,3,MIN,0,0,0,0,0,0,0,3,4,25,0,0,0
2026_03_BAL_DAL,00-0033935,2026,3,DAL,0,0,0,0,0,0,0,0,0,0,0,0,0
2026_03_CIN_PIT,00-0033941,2026,3,CIN,0,0,0,0,0,0,0,0,0,0,0,0,0
2026_03_HOU_IND,00-0033952,2026,3,HOU,0,0,0,0,0,0,0,0,0,0,0,0,0
2026_03_MIN_TB,00-0033964,2026,3,MIN,0,0,0,0,0,0,0,0,0,0,0,0,0
2026_03_HOU_IND,00-0034091,2026,3,IND,0,0,0,0,0,0,0,0,0,0,0,0,0
2026_03_SEA_WAS,00-0034160,2026,3,WAS,0,0,0,0,0,0,0,0,0,0,0,0,0
2026_03_LV_NO,00-0034161,2026,3,LV,0,0,0,0,0,0,0,0,0,0,0,0,0
2026_03_LAC_BUF,00-0034162,2026,3,BUF,0,0,0,0,0,0,0,0,0,0,0,0,0
2026_03_TEN_NYG,00-0034163,2026,3,NYG,0,0,0,0,0,0,0,0,0,0,0,0,0
2026_03_ARI_SF,00-0034173,2026,3,ARI,0,0,0,0,0,0,0,0,0,0,0,0,0
2026_03_LA_DEN,00-0034234,2026,3,DEN,0,0,0,0,0,0,0,0,0,0,0,0,0
2026_03_TEN_NYG,00-0034248,2026,3,TEN,0,0,0,0,0,0,0,0,0,0,0,0,0
2026_03_LAC_BUF,00-0034272,2026,3,BUF,0,0,0,0,0,0,0,0,1,0,0,0,0
2026_03_LV_NO,00-0034275,2026,3,NO,0,0,0,0,0,0,0,0,0,0,0,0,0
2026_03_HOU_IND,00-0034278,2026,3,IND,0,0,0,0,0,0,0,0,0,0,0,0,0
2026_03_KC_MIA,00-0034285,2026,3,KC,0,0,0,0,0,0,0,0,0,0,0,0,0
2026_03_SEA_WAS,00-0034333,2026,3,SEA,0,0,0,0,0,0,0,0,0,0,0,0,0
2026_03_LA_DEN,00-0034348,2026,3,LA,0,0,0,0,0,0,0,3,7,46,0,0,0
2026_03_SEA_WAS,00-0034350,2026,3,WAS,0,0,0,0,0,0,0,0,0,0,0,0,0
2026_03_LAC_BUF,00-0034356,2026,3,BUF,0,0,0,0,0,0,0,0,0,0,0,0,0
2026_03_LV_NO,00-0034361,2026,3,LV,0,0,0,0,0,0,0,0,0,0,0,0,0
2026_03_SEA_WAS,00-0034373,2026,3,SEA,0,0,0,0,0,0,0,0,0,0,0,0,0
2026_03_LV_NO,00-0034376,2026,3,NO,0,0,0,0,0,0,0,0,0,0,0,0,0
2026_03_ARI_SF,00-0034381,2026,3,SF,0,0,0,0,0,0,0,0,0,0,0,0,0
2026_03_HOU_IND,00-0034383,2026,3,IND,0,0,0,0,0,0,0,3,3,30,0,0,0
2026_03_NYJ_DET,00-0034384,2026,3,NYJ,0,0,0,0,0,0,0,0,0,0,0,0,0
2026_03_ARI_SF,00-0034391,2026,3,ARI,0,0,0,0,0,0,0,0,0,0,0,0,0
2026_03_SEA_WAS,00-0034397,2026,3,SEA,0,0,0,0,0,0,0,0,0,0,0,0,0
2026_03_NE_JAX,00-0034413,2026,3,NE,0,0,0,0,0,0,0,0,0,0,0,0,0
2026_03_TEN_NYG,00-0034419,2026,3,TEN,0,0,0,0,0,0,0,0,0,0,0,0,0
2026_03_ATL_GB,00-0034431,2026,3,ATL,0,0,0,0,0,0,0,0,0,0,0,0,0
2026_03_NE_JAX,00-0034437,2026,3,NE,0,0,0,0,0,0,0,0,0,0,0,0,0
2026_03_CIN_PIT,00-0034446,2026,3,PIT,0,0,0,0,0,0,0,0,0,0,0,0,0
2026_03_SEA_WAS,00-0034465,2026,3,SEA,0,0,0,0,0,0,0,0,0,0,0,0,0
2026_03_NE_JAX,00-0034473,2026,3,NE,0,0,0,0,0,0,0,0,0,0,0,0,0
2026_03_HOU_IND,00-0034495,2026,3,IND,0,0,0,0,0,0,0,0,0,0,0,0,0
2026_03_HOU_IND,00-0034573,2026,3,HOU,0,0,0,0,0,0,0,0,0,0,0,0,0
2026_03_CIN_PIT,00-0034613,2026,3,PIT,0,0,0,0,0,0,0,2,2,13,0,0,0
2026_03_NE_JAX,00-0034657,2026,3,NE,0,0,0,0,0,0,0,0,0,0,0,0,0
2026_03_TEN_NYG,00-0034673,2026,3,TEN,0,0,0,0,0,0,0,0,0,0,0,0,0
2026_03_ATL_GB,00-0034675,2026,3,GB,0,0,0,0,0,0,0,0,0,0,0,0,0
2026_03_NE_JAX,00-0034720,2026,3,JAX,0,0,0,0,0,0,0,0,0,0,0,0,0
2026_03_CAR_CLE,00-0034721,2026,3,CAR,0,0,0,0,0,0,0,0,0,0,0,0,0
2026_03_BAL_DAL,00-0034753,2026,3,DAL,0,0,0,0,0,0,0,3,5,24,0,0,0
2026_03_CIN_PIT,00-0034754,2026,3,PIT,0,0,0,0,0,0,0,0,0,0,0,0,0
2026_03_LV_NO,00-0034760,2026,3,LV,0,0,0,0,0,0,0,0,0,0,0,0,0
2026_03_MIN_TB,00-0034773,2026,3,MIN,0,0,0,0,0,0,0,0,0,0,0,0,0
2026_03_NE_JAX,00-0034778,2026,3,JAX,0,0,0,0,0,0,0,0,0,0,0,0,0
2026_03_NYJ_DET,00-0034782,2026,3,DET,0,0,0,0,0,0,0,0,0,0,0,0,0
2026_03_LAC_BUF,00-0034790,2026,3,BUF,0,0,0,0,0,0,0,0,0,0,0,0,0
2026_03_NYJ_DET,00-0034794,2026,3,DET,0,0,0,0,0,0,0,0,0,0,0,0,0
2026_03_BAL_DAL,00-0034796,2026,3,DAL,15,20,186,2,6,50,0,0,0,0,0,0,0
2026_03_ATL_GB,00-0034801,2026,3,GB,0,0,0,0,0,0,0,0,0,0,0,0,0
2026_03_TEN_NYG,00-0034805,2026,3,NYG,0,0,0,0,0,0,0,0,0,0,0,0,0
2026_03_ARI_SF,00-0034807,2026,3,ARI,0,0,0,0,0,0,0,0,0,0,0,0,0
2026_03_CIN_PIT,00-0034810,2026,3,CIN,0,0,0,0,0,0,0,0,0,0,0,0,0
2026_03_ARI_SF,00-0034815,2026,3,ARI,0,0,0,0,0,0,0,0,0,0,0,0,0
2026_03_HOU_IND,00-0034825,2026,3,HOU,0,0,0,0,0,0,0,0,0,0,0,0,0
2026_03_LAC_BUF,00-0034827,2026,3,LAC,0,0,0,0,0,0,0,6,10,67,0,0,0
2026_03_CIN_PIT,00-0034829,2026,3,PIT,0,0,0,0,0,0,0,3,3,37,1,0,0
2026_03_LAC_BUF,00-0034832,2026,3,LAC,0,0,0,0,0,0,0,0,0,0,0,0,0
2026_03_TEN_NYG,00-0034837,2026,3,NYG,0,0,0,0,0,0,0,0,1,0,0,0,0
2026_03_ATL_GB,00-0034843,2026,3,GB,0,0,0,0,0,0,0,0,0,0,0,0,0
2026_03_PHI_CHI,00-0034844,2026,3,CHI,0,0,0,0,15,82,0,1,2,-2,0,0,0
2026_03_ARI_SF,00-0034854,2026,3,ARI,0,0,0,0,0,0,0,0,0,0,0,0,0
2026_03_MIN_TB,00-0034855,2026,3,MIN,17,34,217,1,2,6,0,0,0,0,0,1,0
2026_03_CAR_CLE,00-0034856,2026,3,CAR,0,0,0,0,0,0,0,0,0,0,0,0,0
2026_03_LAC_BUF,00-0034857,2026,3,LAC,16,26,204,0,8,22,2,1,1,1,0,2,1
2026_03_SEA_WAS,00-0034869,2026,3,WAS,31,45,379,4,1,5,0,0,0,0,0,2,0
2026_03_BAL_DAL,00-0034874,2026,3,DAL,0,0,0,0,0,0,0,0,0,0,0,0,0
2026_03_NE_JAX,00-0034941,2026,3,JAX,0,0,0,0,0,0,0,0,0,0,0,0,0
2026_03_NE_JAX,00-0034960,2026,3,NE,0,0,0,0,0,0,0,7,8,64,1,0,0
2026_03_BAL_DAL,00-0034967,2026,3,BAL,0,0,0,0,0,0,0,0,0,0,0,0,0
2026_03_LV_NO,00-0034973,2026,3,NO,0,0,0,0,0,0,0,0,0,0,0,0,0
2026_03_BAL_DAL,00-0034975,2026,3,DAL,0,0,0,0,5,33,0,0,0,0,0,0,0
2026_03_HOU_IND,00-0034981,2026,3,IND,0,0,0,0,0,0,0,2,4,7,1,0,0
2026_03_ARI_SF,00-0034982,2026,3,ARI,0,0,0,0,0,0,0,0,0,0,0,0,0
2026_03_PHI_CHI,00-0034993,2026,3,CHI,0,0,0,0,0,0,0,0,0,0,0,0,0
2026_03_ARI_SF,00-0035026,2026,3,ARI,0,0,0,0,0,0,0,0,0,0,0,0,0
2026_03_LAC_BUF,00-0035125,2026,3,BUF,0,0,0,0,0,0,0,3,4,35,0,0,0
2026_03_ATL_GB,00-0035133,2026,3,ATL,0,0,0,0,0,0,0,0,0,0,0,0,0
2026_03_ARI_SF,00-0035144,2026,3,SF,0,0,0,0,0,0,0,0,0,0,0,0,0
2026_03_NYJ_DET,00-0035156,2026,3,NYJ,0,0,0,0,0,0,0,0,0,0,0,0,0
2026_03_HOU_IND,00-0035166,2026,3,IND,0,0,0,0,0,0,0,0,0,0,0,0,0
2026_03_LV_NO,00-0035190,2026,3,NO,0,0,0,0,0,0,0,0,0,0,0,0,0
2026_03_TEN_NYG,00-0035192,2026,3,NYG,0,0,0,0,0,0,0,0,0,0,0,0,0
2026_03_LAC_BUF,00-0035202,2026,3,BUF,0,0,0,0,0,0,0,0,0,0,0,0,0
2026_03_ATL_GB,00-0035208,2026,3,GB,0,0,0,0,0,0,0,2,2,9,0,0,0
2026_03_MIN_TB,00-0035228,2026,3,TB,15,29,168,1,2,17,0,0,0,0,0,1,0
2026_03_MIN_TB,00-0035229,2026,3,TB,0,0,0,0,0,0,0,2,4,11,0,0,0
2026_03_LAC_BUF,00-0035230,2026,3,LAC,0,0,0,0,0,0,0,0,0,0,0,0,0
2026_03_CAR_CLE,00-0035234,2026,3,CAR,0,0,0,0,0,0,0,0,0,0,0,0,0
2026_03_MIN_TB,00-0035236,2026,3,TB,0,0,0,0,0,0,0,0,0,0,0,0,0
2026_03_ATL_GB,00-0035237,2026,3,GB,0,0,0,0,0,0,0,0,0,0,0,0,0
2026_03_NE_JAX,00-0035240,2026,3,NE,0,0,0,0,0,0,0,0,0,0,0,0,0
2026_03_LA_DEN,00-0035248,2026,3,LA,0,0,0,0,0,0,0,0,0,0,0,0,0
2026_03_MIN_TB,00-0035249,2026,3,TB,0,0,0,0,0,0,0,0,0,0,0,0,0
2026_03_LAC_BUF,00-0035253,2026,3,LAC,0,0,0,0,0,0,0,0,0,0,0,0,0
2026_03_MIN_TB,00-0035254,2026,3,MIN,0,0,0,0,0,0,0,0,0,0,0,0,0
2026_03_TEN_NYG,00-0035261,2026,3,NYG,0,0,0,0,17,74,0,4,4,22,0,0,0
2026_03_KC_MIA,00-0035262,2026,3,MIA,0,0,0,0,0,0,0,0,0,0,0,0,0
2026_03_LV_NO,00-0035269,2026,3,NO,0,0,0,0,0,0,0,0,0,0,0,0,0
2026_03_MIN_TB,00-0035272,2026,3,TB,0,0,0,0,0,0,0,0,0,0,0,0,0
2026_03_MIN_TB,00-0035276,2026,3,TB,0,0,0,0,0,0,0,0,0,0,0,0,0
2026_03_CAR_CLE,00-0035277,2026,3,CLE,0,0,0,0,0,0,0,0,0,0,0,0,0
2026_03_SEA_WAS,00-0035279,2026,3,SEA,0,0,0,0,0,0,0,0,0,0,0,0,0
2026_03_ATL_GB,00-0035280,2026,3,GB,0,0,0,0,0,0,0,0,0,0,0,0,0
2026_03_CIN_PIT,00-0035286,2026,3,CIN,0,0,0,0,0,0,0,0,0,0,0,0,0
2026_03_LV_NO,00-0035316,2026,3,LV,0,0,0,0,0,0,0,0,0,0,0,0,0
2026_03_CAR_CLE,00-0035352,2026,3,CLE,0,0,0,0,0,0,0,0,0,0,0,0,0
2026_03_PHI_CHI,00-0035357,2026,3,PHI,0,0,0,0,0,0,0,0,0,0,0,0,0
2026_03_MIN_TB,00-0035358,2026,3,MIN,0,0,0,0,0,0,0,0,0,0,0,0,0
2026_03_CIN_PIT,00-0035363,2026,3,PIT,0,0,0,0,0,0,0,0,0,0,0,0,0
2026_03_ARI_SF,00-0035378,2026,3,SF,0,0,0,0,0,0,0,0,0,0,0,0,0
2026_03_PHI_CHI,00-0035386,2026,3,PHI,0,0,0,0,0,0,0,0,0,0,0,0,0
2026_03_LV_NO,00-0035402,2026,3,LV,0,0,0,0,0,0,0,0,0,0,0,0,0
2026_03_BAL_DAL,00-0035408,2026,3,DAL,0,0,0,0,0,0,0,0,0,0,0,0,0
2026_03_SEA_WAS,00-0035409,2026,3,SEA,0,0,0,0,0,0,0,0,0,0,0,0,0
2026_03_ARI_SF,00-0035413,2026,3,ARI,0,0,0,0,0,0,0,0,0,0,0,0,0
2026_03_LAC_BUF,00-0035500,2026,3,LAC,0,0,0,0,0,0,0,0,0,0,0,0,0
2026_03_PHI_CHI,00-0035525,2026,3,PHI,0,0,0,0,0,0,0,0,0,0,0,0,0
2026_03_LAC_BUF,00-0035537,2026,3,LAC,0,0,0,0,0,0,0,4,4,50,0,0,0
2026_03_NYJ_DET,00-0035544,2026,3,NYJ,0,0,0,0,0,0,0,0,0,0,0,0,0
2026_03_CIN_PIT,00-0035594,2026,3,CIN,0,0,0,0,1,0,0,0,0,0,0,0,0
2026_03_NYJ_DET,00-0035617,2026,3,DET,0,0,0,0,0,0,0,0,0,0,0,0,0
2026_03_CIN_PIT,00-0035631,2026,3,PIT,0,0,0,0,0,0,0,1,2,0,0,0,0
2026_03_TEN_NYG,00-0035632,2026,3,NYG,0,0,0,0,0,0,0,0,0,0,0,0,0
2026_03_NYJ_DET,00-0035637,2026,3,NYJ,0,0,0,0,0,0,0,0,0,0,0,0,0
2026_03_CIN_PIT,00-0035640,2026,3,CIN,0,0,0,0,0,0,0,3,5,31,1,0,0
2026_03_NE_JAX,00-0035642,2026,3,NE,0,0,0,0,0,0,0,0,0,0,0,0,0
2026_03_TEN_NYG,00-0035643,2026,3,NYG,0,0,0,0,0,0,0,0,0,0,0,0,0
2026_03_LV_NO,00-0035644,2026,3,LV,0,0,0,0,0,0,0,4,4,33,2,0,0
2026_03_PHI_CHI,00-0035647,2026,3,PHI,0,0,0,0,0,0,0,0,0,0,0,0,0
2026_03_SEA_WAS,00-0035659,2026,3,SEA,0,0,0,0,0,0,0,6,9,77,1,0,0
2026_03_LAC_BUF,00-0035667,2026,3,LAC,0,0,0,0,0,0,0,0,0,0,0,0,0
2026_03_TEN_NYG,00-0035672,2026,3,NYG,0,0,0,0,0,0,0,0,0,0,0,0,0
2026_03_HOU_IND,00-0035674,2026,3,HOU,0,0,0,0,0,0,0,0,0,0,0,0,0
2026_03_CAR_CLE,00-0035680,2026,3,CAR,0,0,0,0,0,0,0,0,0,0,0,0,0
2026_03_CIN_PIT,00-0035683,2026,3,PIT,0,0,0,0,0,0,0,0,0,0,0,0,0
2026_03_HOU_IND,00-0035685,2026,3,IND,0,0,0,0,11,33,0,2,2,15,0,0,0
2026_03_CAR_CLE,00-0035687,2026,3,CLE,0,0,0,0,0,0,0,0,0,0,0,0,0
2026_03_LAC_BUF,00-0035689,2026,3,LAC,0,0,0,0,1,0,0,1,1,5,0,0,0
2026_03_CIN_PIT,00-0035699,2026,3,CIN,0,0,0,0,0,0,0,0,0,0,0,0,0
2026_03_BAL_DAL,00-0035705,2026,3,BAL,0,0,0,0,0,0,0,0,0,0,0,0,0
2026_03_HOU_IND,00-0035710,2026,3,HOU,24,36,235,1,3,5,0,0,0,0,0,1,2
2026_03_TEN_NYG,00-0035713,2026,3,TEN,0,0,0,0,0,0,0,0,0,0,0,0,0
2026_03_BAL_DAL,00-0035718,2026,3,BAL,0,0,0,0,0,0,0,0,0,0,0,0,0
2026_03_ARI_SF,00-0035719,2026,3,ARI,0,0,0,0,2,14,0,0,0,80,1,0,0
2026_03_LA_DEN,00-0035763,2026,3,LA,0,0,0,0,0,0,0,0,0,0,0,0,0
2026_03_MIN_TB,00-0035795,2026,3,TB,0,0,0,0,0,0,0,0,0,0,0,0,0
2026_03_ARI_SF,00-0035821,2026,3,ARI,0,0,0,0,0,0,0,0,0,0,0,0,0
2026_03_ARI_SF,00-0035859,2026,3,SF,0,0,0,0,0,0,0,0,0,0,0,0,0
2026_03_TEN_NYG,00-0035889,2026,3,NYG,0,0,0,0,0,0,0,0,0,0,0,0,0
2026_03_LV_NO,00-0035891,2026,3,NO,0,0,0,0,0,0,0,1,3,4,1,0,0
2026_03_MIN_TB,00-0035942,2026,3,MIN,0,0,0,0,0,0,0,0,0,0,0,0,0
2026_03_BAL_DAL,00-0036036,2026,3,BAL,0,0,0,0,0,0,0,0,0,0,0,0,0
2026_03_LAC_BUF,00-0036037,2026,3,LAC,0,0,0,0,0,0,0,0,0,0,0,0,0
2026_03_LV_NO,00-0036040,2026,3,LV,0,0,0,0,0,0,0,8,8,53,2,0,1
2026_03_NYJ_DET,00-0036124,2026,3,NYJ,0,0,0,0,0,0,0,0,0,0,0,0,0
2026_03_BAL_DAL,00-0036130,2026,3,DAL,0,0,0,0,0,0,0,0,0,0,0,0,0
2026_03_LA_DEN,00-0036158,2026,3,LA,0,0,0,0,17,49,0,1,2,4,0,0,0
2026_03_KC_MIA,00-0036159,2026,3,KC,0,0,0,0,0,0,0,0,0,0,0,0,0
2026_03_LAC_BUF,00-0036162,2026,3,LAC,0,0,0,0,0,0,0,0,0,0,0,0,0
2026_03_KC_MIA,00-0036171,2026,3,KC,0,0,0,0,0,0,0,0,0,0,0,0,0
2026_03_LV_NO,00-0036193,2026,3,LV,0,0,0,0,0,0,0,0,0,0,0,0,0
2026_03_ATL_GB,00-0036204,2026,3,GB,0,0,0,0,0,0,0,0,0,0,0,0,0
2026_03_CAR_CLE,00-0036220,2026,3,CLE,0,0,0,0,0,0,0,0,0,0,0,0,0
2026_03_LA_DEN,00-0036221,2026,3,LA,0,0,0,0,0,0,0,0,0,0,0,0,0
2026_03_MIN_TB,00-0036222,2026,3,TB,0,0,0,0,0,0,0,0,0,0,0,0,0
2026_03_HOU_IND,00-0036223,2026,3,HOU,0,0,0,0,23,68,0,2,3,4,0,0,0
2026_03_PHI_CHI,00-0036224,2026,3,CHI,0,0,0,0,0,0,0,0,0,0,0,0,0
2026_03_CIN_PIT,00-0036231,2026,3,PIT,0,0,0,0,0,0,0,0,0,0,0,0,0
2026_03_LA_DEN,00-0036244,2026,3,DEN,0,0,0,0,0,0,0,0,1,0,0,0,0
2026_03_TEN_NYG,00-0036246,2026,3,TEN,0,0,0,0,0,0,0,0,0,0,0,0,0
2026_03_KC_MIA,00-0036248,2026,3,KC,0,0,0,0,0,0,0,0,0,0,0,0,0
2026_03_CIN_PIT,00-0036252,2026,3,CIN,0,0,0,0,0,0,0,2,5,16,0,0,0
2026_03_LV_NO,00-0036253,2026,3,LV,0,0,0,0,0,0,0,0,0,0,0,0,0
2026_03_ARI_SF,00-0036256,2026,3,ARI,0,0,0,0,0,0,0,0,0,0,0,0,0
2026_03_PHI_CHI,00-0036258,2026,3,PHI,0,0,0,0,0,0,0,0,0,0,0,0,0
2026_03_MIN_TB,00-0036259,2026,3,TB,0,0,0,0,0,0,0,1,2,1,0,0,0
2026_03_SEA_WAS,00-0036260,2026,3,SEA,0,0,0,0,0,0,0,0,0,0,0,0,0
2026_03_NE_JAX,00-0036262,2026,3,NE,0,0,0,0,0,0,0,0,0,0,0,0,0
2026_03_ATL_GB,00-0036264,2026,3,ATL,28,53,312,2,1,0,0,0,0,0,0,1,0
2026_03_CAR_CLE,00-0036265,2026,3,CLE,0,0,0,0,4,16,0,1,1,-2,0,0,0
2026_03_TEN_NYG,00-0036266,2026,3,NYG,0,0,0,0,0,0,0,0,0,0,0,0,0
2026_03_PHI_CHI,00-0036275,2026,3,PHI,0,0,0,0,20,84,0,2,3,4,0,0,0
2026_03_TEN_NYG,00-0036280,2026,3,TEN,0,0,0,0,0,0,0,0,0,0,0,0,0
2026_03_ATL_GB,00-0036281,2026,3,GB,0,0,0,0,0,0,0,0,0,0,0,0,0
2026_03_CAR_CLE,00-0036282,2026,3,CAR,0,0,0,0,0,0,0,0,0,0,0,0,0
2026_03_SEA_WAS,00-0036286,2026,3,SEA,0,0,0,0,0,0,0,0,0,0,0,0,0
2026_03_PHI_CHI,00-0036290,2026,3,PHI,0,0,0,0,0,0,0,0,1,0,0,0,0
2026_03_PHI_CHI,00-0036292,2026,3,PHI,0,0,0,0,0,0,0,0,0,0,0,0,0
2026_03_LV_NO,00-0036293,2026,3,NO,0,0,0,0,0,0,0,0,0,0,0,0,0
2026_03_HOU_IND,00-0036298,2026,3,HOU,0,0,0,0,0,0,0,0,0,0,0,0,0
2026_03_BAL_DAL,00-0036302,2026,3,DAL,0,0,0,0,0,0,0,0,0,0,0,0,0
2026_03_CAR_CLE,00-0036305,2026,3,CLE,0,0,0,0,0,0,0,0,0,0,0,0,0
2026_03_CAR_CLE,00-0036306,2026,3,CAR,0,0,0,0,0,0,0,0,0,0,0,0,0
2026_03_TEN_NYG,00-0036309,2026,3,TEN,0,0,0,0,1,9,0,2,3,20,0,0,0
2026_03_PHI_CHI,00-0036313,2026,3,CHI,0,0,0,0,0,0,0,0,0,0,0,0,0
2026_03_LV_NO,00-0036321,2026,3,LV,0,0,0,0,0,0,0,0,0,0,0,0,0
2026_03_MIN_TB,00-0036322,2026,3,TB,0,0,0,0,0,0,0,2,2,32,0,0,0
2026_03_CIN_PIT,00-0036323,2026,3,CIN,0,0,0,0,0,0,0,0,0,0,0,0,0
2026_03_NE_JAX,00-0036327,2026,3,NE,0,0,0,0,0,0,0,0,0,0,0,0,0
2026_03_ARI_SF,00-0036329,2026,3,ARI,0,0,0,0,0,0,0,0,0,0,0,0,0
2026_03_ARI_SF,00-0036331,2026,3,SF,0,0,0,0,0,0,0,0,0,0,0,0,0
2026_03_NYJ_DET,00-0036335,2026,3,NYJ,0,0,0,0,0,0,0,0,0,0,0,0,0
2026_03_PHI_CHI,00-0036337,2026,3,PHI,0,0,0,0,0,0,0,0,0,0,0,0,0
2026_03_LAC_BUF,00-0036338,2026,3,BUF,0,0,0,0,0,0,0,0,0,0,0,0,0
2026_03_ARI_SF,00-0036341,2026,3,ARI,0,0,0,0,0,0,0,0,0,0,0,0,0
2026_03_MIN_TB,00-0036347,2026,3,TB,0,0,0,0,0,0,0,0,0,0,0,0,0
2026_03_MIN_TB,00-0036348,2026,3,TB,0,0,0,0,0,0,0,0,0,0,0,0,0
2026_03_LA_DEN,00-0036349,2026,3,DEN,0,0,0,0,0,0,0,0,0,0,0,0,0
2026_03_LAC_BUF,00-0036355,2026,3,BUF,20,34,226,1,4,17,0,0,0,0,0,1,0
2026_03_CAR_CLE,00-0036356,2026,3,CLE,0,0,0,0,0,0,0,0,0,0,0,0,0
2026_03_BAL_DAL,00-0036358,2026,3,BAL,0,0,0,0,0,0,0,7,8,112,0,0,0
2026_03_KC_MIA,00-0036362,2026,3,KC,0,0,0,0,0,0,0,0,0,0,0,0,0
2026_03_PHI_CHI,00-0036366,2026,3,PHI,0,0,0,0,0,0,0,0,0,0,0,0,0
2026_03_BAL_DAL,00-0036369,2026,3,DAL,0,0,0,0,0,0,0,0,0,0,0,0,0
2026_03_KC_MIA,00-0036374,2026,3,MIA,0,0,0,0,0,0,0,0,0,0,0,0,0
2026_03_SEA_WAS,00-0036375,2026,3,SEA,0,0,0,0,0,0,0,0,0,0,0,0,0
2026_03_KC_MIA,00-0036380,2026,3,MIA,0,0,0,0,0,0,0,0,0,0,0,0,0
2026_03_ATL_GB,00-0036388,2026,3,ATL,0,0,0,0,0,0,0,0,0,0,0,0,0
2026_03_PHI_CHI,00-0036389,2026,3,CHI,16,25,153,0,4,25,1,0,0,0,0,1,0
2026_03_LV_NO,00-0036408,2026,3,LV,0,0,0,0,0,0,0,0,0,0,0,0,0
2026_03_KC_MIA,00-0036409,2026,3,KC,0,0,0,0,0,0,0,0,0,0,0,0,0
2026_03_CIN_PIT,00-0036410,2026,3,PIT,0,0,0,0,0,0,0,6,7,90,1,0,0
2026_03_MIN_TB,00-0036411,2026,3,MIN,0,0,0,0,0,0,0,0,0,0,0,0,0
2026_03_PHI_CHI,00-0036418,2026,3,CHI,0,0,0,0,0,0,0,0,0,0,0,0,0
2026_03_MIN_TB,00-0036425,2026,3,TB,0,0,0,0,1,2,0,0,0,0,0,0,0
2026_03_LA_DEN,00-0036428,2026,3,LA,0,0,0,0,0,0,0,0,0,0,0,0,0
2026_03_CIN_PIT,00-0036442,2026,3,PIT,28,37,282,3,2,13,0,0,0,0,0,0,1
2026_03_ATL_GB,00-0036463,2026,3,GB,0,0,0,0,0,0,0,0,0,0,0,0,0
2026_03_LV_NO,00-0036479,2026,3,NO,0,0,0,0,0,0,0,0,0,0,0,0,0
2026_03_PHI_CHI,00-0036480,2026,3,PHI,0,0,0,0,0,0,0,0,0,0,0,0,0
2026_03_MIN_TB,00-0036483,2026,3,TB,0,0,0,0,0,0,0,0,0,0,0,0,0
2026_03_NYJ_DET,00-0036500,2026,3,DET,0,0,0,0,0,0,0,0,0,0,0,0,0
2026_03_PHI_CHI,00-0036501,2026,3,CHI,0,0,0,0,0,0,0,0,0,0,0,0,0
2026_03_TEN_NYG,00-0036502,2026,3,TEN,0,0,0,0,0,0,0,0,0,0,0,0,0
2026_03_CIN_PIT,00-0036504,2026,3,CIN,0,0,0,0,0,0,0,0,0,0,0,0,0
2026_03_BAL_DAL,00-0036550,2026,3,DAL,0,0,0,0,0,0,0,2,3,37,0,0,0
2026_03_CAR_CLE,00-0036555,2026,3,CLE,0,0,0,0,19,82,0,4,4,28,0,0,0
2026_03_ARI_SF,00-0036563,2026,3,ARI,0,0,0,0,0,0,0,0,0,0,0,0,0
2026_03_LA_DEN,00-0036564,2026,3,LA,0,0,0,0,0,0,0,0,0,0,0,0,0
2026_03_TEN_NYG,00-0036587,2026,3,TEN,0,0,0,0,0,0,0,0,0,0,0,0,0
2026_03_LA_DEN,00-0036603,2026,3,DEN,0,0,0,0,0,0,0,0,0,0,0,0,0
2026_03_LA_DEN,00-0036613,2026,3,LA,0,0,0,0,1,14,0,2,7,10,0,0,0
2026_03_CIN_PIT,00-0036617,2026,3,CIN,0,0,0,0,0,0,0,0,0,0,0,0,0
2026_03_KC_MIA,00-0036621,2026,3,MIA,0,0,0,0,0,0,0,0,0,0,0,0,0
2026_03_KC_MIA,00-0036623,2026,3,MIA,0,0,0,0,0,0,0,0,0,0,0,0,0
2026_03_NYJ_DET,00-0036624,2026,3,NYJ,0,0,0,0,0,0,0,0,0,0,0,0,0
2026_03_SEA_WAS,00-0036626,2026,3,SEA,0,0,0,0,0,0,0,0,1,0,0,0,0
2026_03_SEA_WAS,00-0036628,2026,3,SEA,0,0,0,0,0,0,0,1,1,9,0,0,0
2026_03_HOU_IND,00-0036629,2026,3,HOU,0,0,0,0,0,0,0,0,0,0,0,0,0
2026_03_CAR_CLE,00-0036630,2026,3,CAR,0,0,0,0,0,0,0,0,0,0,0,0,0
2026_03_KC_MIA,00-0036637,2026,3,MIA,0,0,0,0,0,0,0,3,3,39,0,0,0
2026_03_CIN_PIT,00-0036642,2026,3,PIT,0,0,0,0,0,0,0,0,0,0,0,0,0
2026_03_ARI_SF,00-0036646,2026,3,SF,0,0,0,0,0,0,0,0,0,0,0,0,0
2026_03_ATL_GB,00-0036648,2026,3,ATL,0,0,0,0,0,0,0,0,0,0,0,0,0
2026_03_NE_JAX,00-0036655,2026,3,NE,0,0,0,0,0,0,0,0,0,0,0,0,0
2026_03_ATL_GB,00-0036658,2026,3,ATL,0,0,0,0,0,0,0,0,0,0,0,0,0
2026_03_KC_MIA,00-0036660,2026,3,MIA,0,0,0,0,0,0,0,0,0,0,0,0,0
2026_03_LA_DEN,00-0036672,2026,3,DEN,0,0,0,0,0,0,0,0,0,0,0,0,0
2026_03_KC_MIA,00-0036682,2026,3,KC,0,0,0,0,0,0,0,0,0,0,0,0,0
2026_03_LA_DEN,00-0036683,2026,3,LA,0,0,0,0,0,0,0,0,0,0,0,0,0
2026_03_ARI_SF,00-0036695,2026,3,ARI,0,0,0,0,0,0,0,0,0,0,0,0,0
2026_03_LA_DEN,00-0036727,2026,3,LA,0,0,0,0,0,0,0,0,0,0,0,0,0
2026_03_NYJ_DET,00-0036754,2026,3,NYJ,0,0,0,0,0,0,0,2,2,7,0,0,0
2026_03_NE_JAX,00-0036813,2026,3,JAX,0,0,0,0,0,0,0,0,0,0,0,0,0
2026_03_KC_MIA,00-0036816,2026,3,KC,0,0,0,0,0,0,0,0,0,0,0,0,0
2026_03_CAR_CLE,00-0036825,2026,3,CLE,0,0,0,0,0,0,0,0,0,0,0,0,0
2026_03_ATL_GB,00-0036833,2026,3,GB,0,0,0,0,0,0,0,0,0,0,0,0,0
2026_03_ARI_SF,00-0036844,2026,3,ARI,0,0,0,0,0,0,0,0,0,0,0,0,0
2026_03_CIN_PIT,00-0036854,2026,3,PIT,0,0,0,0,0,0,0,0,0,0,0,0,0
2026_03_CIN_PIT,00-0036862,2026,3,CIN,0,0,0,0,0,0,0,1,1,23,1,0,0
2026_03_LA_DEN,00-0036874,2026,3,LA,0,0,0,0,0,0,0,0,0,0,0,0,0
2026_03_NE_JAX,00-0036875,2026,3,JAX,0,0,0,0,7,22,0,3,3,16,0,0,0
2026_03_NYJ_DET,00-0036880,2026,3,NYJ,0,0,0,0,0,0,0,0,0,0,0,0,0
2026_03_HOU_IND,00-0036883,2026,3,IND,0,0,0,0,0,0,0,0,0,0,0,0,0
2026_03_ARI_SF,00-0036887,2026,3,ARI,0,0,0,0,0,0,0,0,1,0,0,0,0
2026_03_LAC_BUF,00-0036888,2026,3,LAC,0,0,0,0,0,0,0,0,0,0,0,0,0
2026_03_TEN_NYG,00-0036893,2026,3,TEN,0,0,0,0,9,52,0,0,0,0,0,0,0
2026_03_CIN_PIT,00-0036894,2026,3,CIN,0,0,0,0,1,1,0,2,4,30,0,0,0
2026_03_CIN_PIT,00-0036900,2026,3,PIT,0,0,0,0,0,0,0,9,12,98,1,0,0
2026_03_LV_NO,00-0036901,2026,3,NO,0,0,0,0,0,0,0,0,0,0,0,0,0
2026_03_NYJ_DET,00-0036902,2026,3,DET,0,0,0,0,0,0,0,0,0,0,0,0,0
2026_03_CAR_CLE,00-0036903,2026,3,CLE,0,0,0,0,0,0,0,0,0,0,0,0,0
2026_03_KC_MIA,00-0036909,2026,3,MIA,0,0,0,0,0,0,0,0,0,0,0,0,0
2026_03_PHI_CHI,00-0036912,2026,3,CHI,0,0,0,0,0,0,0,6,8,65,0,0,0
2026_03_LAC_BUF,00-0036914,2026,3,LAC,0,0,0,0,0,0,0,0,0,0,0,0,0
2026_03_NE_JAX,00-0036916,2026,3,JAX,0,0,0,0,0,0,0,0,0,0,0,0,0
2026_03_MIN_TB,00-0036919,2026,3,MIN,0,0,0,0,3,-4,0,2,5,14,0,0,0
2026_03_LV_NO,00-0036922,2026,3,NO,0,0,0,0,0,0,0,0,0,0,0,0,0
2026_03_LV_NO,00-0036927,2026,3,LV,0,0,0,0,0,0,0,0,0,0,0,0,0
2026_03_ARI_SF,00-0036933,2026,3,SF,0,0,0,0,0,0,0,0,0,0,0,0,0
2026_03_CAR_CLE,00-0036934,2026,3,CLE,0,0,0,0,0,0,0,0,0,0,0,0,0
2026_03_SEA_WAS,00-0036940,2026,3,SEA,0,0,0,0,0,0,0,0,0,0,0,0,0
2026_03_NYJ_DET,00-0036941,2026,3,DET,0,0,0,0,0,0,0,0,0,0,0,0,0
2026_03_ARI_SF,00-0036942,2026,3,ARI,0,0,0,0,0,0,0,0,0,0,0,0,0
2026_03_LA_DEN,00-0036943,2026,3,LA,0,0,0,0,0,0,0,0,0,0,0,0,0
2026_03_CAR_CLE,00-0036944,2026,3,CLE,0,0,0,0,0,0,0,0,0,0,0,0,0
2026_03_CAR_CLE,00-0036962,2026,3,CLE,0,0,0,0,0,0,0,0,0,0,0,0,0
2026_03_NYJ_DET,00-0036963,2026,3,NYJ,0,0,0,0,0,0,0,4,8,19,1,0,0
2026_03_NYJ_DET,00-0036964,2026,3,NYJ,0,0,0,0,0,0,0,0,0,0,0,0,0
2026_03_ATL_GB,00-0036970,2026,3,GB,0,0,0,0,0,0,0,1,2,5,0,0,0
2026_03_NE_JAX,00-0036971,2026,3,NE,19,29,182,3,4,25,0,0,0,0,0,1,0
2026_03_LV_NO,00-0036973,2026,3,LV,0,0,0,0,13,57,0,2,2,13,0,0,0
2026_03_LAC_BUF,00-0036976,2026,3,LAC,0,0,0,0,0,0,0,0,0,0,0,0,0
2026_03_NE_JAX,00-0036981,2026,3,JAX,0,0,0,0,0,0,0,0,0,0,0,0,0
2026_03_TEN_NYG,00-0036982,2026,3,TEN,0,0,0,0,0,0,0,0,0,0,0,0,0
2026_03_NYJ_DET,00-0036987,2026,3,DET,0,0,0,0,0,0,0,0,0,0,0,0,0
2026_03_LV_NO,00-0036989,2026,3,NO,0,0,0,0,0,0,0,0,0,0,0,0,0
2026_03_ATL_GB,00-0036990,2026,3,GB,0,0,0,0,0,0,0,0,0,0,0,0,0
2026_03_MIN_TB,00-0036993,2026,3,MIN,0,0,0,0,0,0,0,0,0,0,0,0,0
2026_03_SEA_WAS,00-0036994,2026,3,WAS,0,0,0,0,0,0,0,0,0,0,0,0,0
2026_03_ARI_SF,00-0036995,2026,3,SF,0,0,0,0,0,0,0,0,0,0,0,0,0
2026_03_TEN_NYG,00-0036996,2026,3,TEN,0,0,0,0,0,0,0,0,0,0,0,0,0
2026_03_BAL_DAL,00-0036997,2026,3,BAL,0,0,0,0,19,98,1,2,3,5,0,0,0
2026_03_TEN_NYG,00-0036998,2026,3,TEN,0,0,0,0,0,0,0,0,0,0,0,0,0
2026_03_ARI_SF,00-0037004,2026,3,SF,0,0,0,0,0,0,0,1,1,5,0,0,0
2026_03_CAR_CLE,00-0037005,2026,3,CLE,0,0,0,0,0,0,0,3,4,41,0,0,0
2026_03_CAR_CLE,00-0037007,2026,3,CLE,0,0,0,0,0,0,0,0,0,0,0,0,0
2026_03_LAC_BUF,00-0037034,2026,3,LAC,0,0,0,0,0,0,0,0,0,0,0,0,0
2026_03_PHI_CHI,00-0037073,2026,3,CHI,0,0,0,0,0,0,0,0,0,0,0,0,0
2026_03_LV_NO,00-0037074,2026,3,NO,0,0,0,0,0,0,0,0,0,0,0,0,0
2026_03_ATL_GB,00-0037075,2026,3,ATL,0,0,0,0,0,0,0,0,0,0,0,0,0
2026_03_PHI_CHI,00-0037079,2026,3,CHI,0,0,0,0,0,0,0,0,0,0,0,0,0
2026_03_HOU_IND,00-0037082,2026,3,IND,0,0,0,0,0,0,0,0,0,0,0,0,0
2026_03_NYJ_DET,00-0037083,2026,3,DET,0,0,0,0,0,0,0,0,0,0,0,0,0
2026_03_LA_DEN,00-0037085,2026,3,LA,0,0,0,0,1,2,0,1,1,12,0,0,0
2026_03_ATL_GB,00-0037091,2026,3,ATL,0,0,0,0,0,0,0,0,1,0,0,0,0
2026_03_LV_NO,00-0037093,2026,3,NO,0,0,0,0,0,0,0,0,0,0,0,0,0
2026_03_ATL_GB,00-0037094,2026,3,ATL,0,0,0,0,0,0,0,0,0,0,0,0,0
2026_03_PHI_CHI,00-0037096,2026,3,PHI,0,0,0,0,0,0,0,0,0,0,0,0,0
2026_03_BAL_DAL,00-0037120,2026,3,BAL,0,0,0,0,6,22,0,1,1,-5,0,0,0
2026_03_HOU_IND,00-0037130,2026,3,IND,0,0,0,0,0,0,0,0,0,0,0,0,0
2026_03_PHI_CHI,00-0037132,2026,3,CHI,0,0,0,0,0,0,0,0,0,0,0,0,0
2026_03_SEA_WAS,00-0037137,2026,3,WAS,0,0,0,0,0,0,0,0,0,0,0,0,0
2026_03_TEN_NYG,00-0037155,2026,3,NYG,0,0,0,0,0,0,0,0,0,0,0,0,0
2026_03_HOU_IND,00-0037190,2026,3,HOU,0,0,0,0,0,0,0,0,0,0,0,0,0
2026_03_LA_DEN,00-0037191,2026,3,DEN,0,0,0,0,0,0,0,0,0,0,0,0,0
2026_03_KC_MIA,00-0037192,2026,3,MIA,0,0,0,0,0,0,0,0,0,0,0,0,0
2026_03_CIN_PIT,00-0037193,2026,3,PIT,0,0,0,0,0,0,0,0,0,0,0,0,0
2026_03_LA_DEN,00-0037195,2026,3,DEN,0,0,0,0,0,0,0,0,0,0,0,0,0
2026_03_CAR_CLE,00-0037196,2026,3,CLE,0,0,0,0,0,0,0,0,0,0,0,0,0
2026_03_KC_MIA,00-0037208,2026,3,MIA,0,0,0,0,0,0,0,0,0,0,0,0,0
2026_03_LAC_BUF,00-0037224,2026,3,BUF,0,0,0,0,0,0,0,0,0,0,0,0,0
2026_03_CIN_PIT,00-0037228,2026,3,CIN,0,0,0,0,17,127,0,3,4,49,0,0,0
2026_03_NE_JAX,00-0037235,2026,3,NE,0,0,0,0,0,0,0,0,0,0,0,0,0
2026_03_NYJ_DET,00-0037236,2026,3,NYJ,0,0,0,0,0,0,0,0,0,0,0,0,0
2026_03_HOU_IND,00-0037237,2026,3,IND,0,0,0,0,0,0,0,0,0,0,0,0,0
2026_03_ATL_GB,00-0037238,2026,3,GB,0,0,0,0,0,0,0,9,10,194,0,0,0
2026_03_LV_NO,00-0037239,2026,3,LV,0,0,0,0,0,0,0,9,13,107,0,0,0
2026_03_NYJ_DET,00-0037240,2026,3,NYJ,0,0,0,0,0,0,0,4,4,49,0,0,0
2026_03_HOU_IND,00-0037246,2026,3,IND,0,0,0,0,0,0,0,0,0,0,0,0,0
2026_03_BAL_DAL,00-0037247,2026,3,BAL,0,0,0,0,0,0,0,7,11,82,0,0,0
2026_03_LAC_BUF,00-0037248,2026,3,LAC,0,0,0,0,24,154,1,0,1,0,0,0,1
2026_03_LA_DEN,00-0037249,2026,3,LA,0,0,0,0,0,0,0,0,0,0,0,0,0
2026_03_KC_MIA,00-0037252,2026,3,KC,0,0,0,0,0,0,0,5,7,55,0,0,0
2026_03_NE_JAX,00-0037253,2026,3,JAX,0,0,0,0,0,0,0,0,0,0,0,0,0
2026_03_LAC_BUF,00-0037254,2026,3,LAC,0,0,0,0,0,0,0,0,0,0,0,0,0
2026_03_NYJ_DET,00-0037255,2026,3,DET,0,0,0,0,0,0,0,0,0,0,0,0,0
2026_03_SEA_WAS,00-0037256,2026,3,SEA,0,0,0,0,8,35,0,1,1,6,1,0,0
2026_03_TEN_NYG,00-0037259,2026,3,TEN,0,0,0,0,0,0,0,0,0,0,0,0,0
2026_03_LAC_BUF,00-0037261,2026,3,LAC,0,0,0,0,0,0,0,1,3,6,0,0,0
2026_03_LV_NO,00-0037262,2026,3,NO,0,0,0,0,0,0,0,0,0,0,0,0,0
2026_03_ARI_SF,00-0037263,2026,3,SF,0,0,0,0,2,-1,0,4,4,10,0,0,0
2026_03_MIN_TB,00-0037268,2026,3,MIN,0,0,0,0,0,0,0,0,0,0,0,0,0
2026_03_BAL_DAL,00-0037270,2026,3,BAL,0,0,0,0,0,0,0,0,0,0,0,0,0
2026_03_PHI_CHI,00-0037271,2026,3,PHI,0,0,0,0,0,0,0,0,0,0,0,0,0
2026_03_BAL_DAL,00-0037275,2026,3,BAL,0,0,0,0,0,0,0,0,0,0,0,0,0
2026_03_LA_DEN,00-0037278,2026,3,LA,0,0,0,0,0,0,0,0,0,0,0,0,0
2026_03_KC_MIA,00-0037284,2026,3,MIA,0,0,0,0,0,0,0,0,0,0,0,0,0
2026_03_LAC_BUF,00-0037288,2026,3,LAC,0,0,0,0,0,0,0,0,0,0,0,0,0
2026_03_NYJ_DET,00-0037289,2026,3,NYJ,0,0,0,0,0,0,0,0,0,0,0,0,0
2026_03_LV_NO,00-0037291,2026,3,NO,0,0,0,0,0,0,0,1,3,16,0,0,0
2026_03_MIN_TB,00-0037301,2026,3,TB,0,0,0,0,0,0,0,0,0,0,0,0,0
2026_03_LV_NO,00-0037304,2026,3,NO,0,0,0,0,0,0,0,0,0,0,0,0,0
2026_03_BAL_DAL,00-0037310,2026,3,BAL,0,0,0,0,0,0,0,0,0,0,0,0,0
2026_03_MIN_TB,00-0037311,2026,3,MIN,0,0,0,0,0,0,0,0,0,0,0,0,0
2026_03_PHI_CHI,00-0037312,2026,3,CHI,0,0,0,0,0,0,0,0,0,0,0,0,0
2026_03_NE_JAX,00-0037313,2026,3,NE,0,0,0,0,0,0,0,0,0,0,0,0,0
2026_03_ATL_GB,00-0037317,2026,3,GB,0,0,0,0,0,0,0,0,0,0,0,0,0
2026_03_SEA_WAS,00-0037323,2026,3,WAS,0,0,0,0,0,0,0,0,0,0,0,0,0
2026_03_CIN_PIT,00-0037336,2026,3,CIN,0,0,0,0,0,0,0,0,0,0,0,0,0
2026_03_LAC_BUF,00-0037428,2026,3,LAC,0,0,0,0,0,0,0,0,0,0,0,0,0
2026_03_HOU_IND,00-0037457,2026,3,IND,0,0,0,0,0,0,0,0,0,0,0,0,0
2026_03_NE_JAX,00-0037493,2026,3,JAX,0,0,0,0,0,0,0,0,0,0,0,0,0
2026_03_LV_NO,00-0037500,2026,3,LV,0,0,0,0,0,0,0,0,0,0,0,0,0
2026_03_LV_NO,00-0037512,2026,3,NO,0,0,0,0,0,0,0,0,0,0,0,0,0
2026_03_LV_NO,00-0037527,2026,3,NO,0,0,0,0,0,0,0,0,0,0,0,0,0
2026_03_SEA_WAS,00-0037545,2026,3,WAS,0,0,0,0,0,0,0,2,3,14,0,0,0
2026_03_ATL_GB,00-0037547,2026,3,ATL,0,0,0,0,0,0,0,0,0,0,0,0,0
2026_03_BAL_DAL,00-0037561,2026,3,BAL,0,0,0,0,0,0,0,0,0,0,0,0,0
2026_03_LA_DEN,00-0037587,2026,3,DEN,0,0,0,0,0,0,0,0,0,0,0,0,0
2026_03_TEN_NYG,00-0037594,2026,3,NYG,0,0,0,0,0,0,0,0,0,0,0,0,0
2026_03_ARI_SF,00-0037596,2026,3,SF,0,0,0,0,0,0,0,0,0,0,0,0,0
2026_03_TEN_NYG,00-0037611,2026,3,TEN,0,0,0,0,0,0,0,0,0,0,0,0,0
2026_03_CAR_CLE,00-0037614,2026,3,CLE,0,0,0,0,0,0,0,2,5,19,1,0,0
2026_03_LV_NO,00-0037615,2026,3,NO,0,0,0,0,0,0,0,0,0,0,0,0,0
2026_03_TEN_NYG,00-0037663,2026,3,NYG,0,0,0,0,0,0,0,0,0,0,0,0,0
2026_03_CAR_CLE,00-0037665,2026,3,CAR,0,0,0,0,0,0,0,0,0,0,0,0,0
2026_03_BAL_DAL,00-0037692,2026,3,BAL,0,0,0,0,0,0,0,0,0,0,0,0,0
2026_03_NE_JAX,00-0037711,2026,3,JAX,0,0,0,0,0,0,0,0,0,0,0,0,0
2026_03_NYJ_DET,00-0037740,2026,3,DET,0,0,0,0,0,0,0,10,13,107,1,0,0
2026_03_ATL_GB,00-0037741,2026,3,GB,0,0,0,0,0,0,0,1,3,11,0,0,0
2026_03_SEA_WAS,00-0037742,2026,3,SEA,0,0,0,0,0,0,0,2,2,13,1,0,0
2026_03_CIN_PIT,00-0037743,2026,3,PIT,0,0,0,0,0,0,0,0,0,0,0,0,0
2026_03_ARI_SF,00-0037744,2026,3,SF,0,0,0,0,0,0,0,9,11,75,0,0,0
2026_03_ATL_GB,00-0037746,2026,3,GB,0,0,0,0,10,50,1,0,0,0,0,0,0
2026_03_NYJ_DET,00-0037755,2026,3,DET,0,0,0,0,0,0,0,1,1,20,0,0,0
2026_03_BAL_DAL,00-0037756,2026,3,DAL,0,0,0,0,0,0,0,0,0,0,0,0,0
2026_03_TEN_NYG,00-0037758,2026,3,NYG,0,0,0,0,0,0,0,0,0,0,0,0,0
2026_03_LA_DEN,00-0037799,2026,3,LA,0,0,0,0,0,0,0,0,0,0,0,0,0
2026_03_BAL_DAL,00-0037801,2026,3,BAL,0,0,0,0,1,9,1,1,2,9,0,0,0
2026_03_NYJ_DET,00-0037805,2026,3,DET,0,0,0,0,0,0,0,5,5,39,1,0,0
2026_03_ATL_GB,00-0037815,2026,3,GB,0,0,0,0,0,0,0,0,0,0,0,0,0
2026_03_NE_JAX,00-0037816,2026,3,JAX,0,0,0,0,0,0,0,3,4,49,0,0,0
2026_03_SEA_WAS,00-0037819,2026,3,SEA,0,0,0,0,0,0,0,0,0,0,0,0,0
2026_03_ATL_GB,00-0037823,2026,3,GB,0,0,0,0,0,0,0,0,0,0,0,0,0
2026_03_LV_NO,00-0037825,2026,3,NO,0,0,0,0,0,0,0,0,0,0,0,0,0
2026_03_ARI_SF,00-0037834,2026,3,ARI,15,27,297,4,2,34,0,0,0,0,0,0,0
2026_03_MIN_TB,00-0037835,2026,3,MIN,0,0,0,0,0,0,0,0,0,0,0,0,0
2026_03_TEN_NYG,00-0037838,2026,3,TEN,0,0,0,0,0,0,0,2,5,13,0,0,0
2026_03_LA_DEN,00-0037840,2026,3,DEN,0,0,0,0,15,88,0,6,7,70,0,0,0
2026_03_LA_DEN,00-0037841,2026,3,DEN,0,0,0,0,0,0,0,0,0,0,0,0,0
2026_03_BAL_DAL,00-0038038,2026,3,DAL,0,0,0,0,0,0,0,0,0,0,0,0,0
2026_03_ARI_SF,00-0038039,2026,3,ARI,0,0,0,0,0,0,0,0,0,0,0,0,0
2026_03_BAL_DAL,00-0038041,2026,3,BAL,0,0,0,0,0,0,0,3,5,23,1,0,1
2026_03_ATL_GB,00-0038090,2026,3,ATL,0,0,0,0,0,0,0,3,7,31,0,0,0
2026_03_TEN_NYG,00-0038094,2026,3,TEN,0,0,0,0,0,0,0,0,0,0,0,0,0
2026_03_SEA_WAS,00-0038100,2026,3,SEA,0,0,0,0,0,0,0,0,0,0,0,0,0
2026_03_CAR_CLE,00-0038101,2026,3,CLE,0,0,0,0,0,0,0,0,0,0,0,0,0
2026_03_LAC_BUF,00-0038103,2026,3,BUF,0,0,0,0,0,0,0,0,0,0,0,0,0
2026_03_KC_MIA,00-0038104,2026,3,MIA,0,0,0,0,0,0,0,2,2,22,0,0,0
2026_03_LA_DEN,00-0038106,2026,3,LA,0,0,0,0,0,0,0,0,0,0,0,0,0
2026_03_TEN_NYG,00-0038115,2026,3,NYG,0,0,0,0,0,0,0,2,2,16,0,0,0
2026_03_PHI_CHI,00-0038116,2026,3,CHI,0,0,0,0,0,0,0,0,0,0,0,0,0
2026_03_TEN_NYG,00-0038117,2026,3,NYG,0,0,0,0,0,0,0,7,11,57,1,0,0
2026_03_NYJ_DET,00-0038120,2026,3,DET,0,0,0,0,13,32,0,3,3,23,0,0,0
2026_03_TEN_NYG,00-0038121,2026,3,NYG,0,0,0,0,0,0,0,0,0,0,0,0,0
2026_03_NYJ_DET,00-0038123,2026,3,DET,0,0,0,0,0,0,0,0,0,0,0,0,0
2026_03_ATL_GB,00-0038124,2026,3,ATL,0,0,0,0,0,0,0,7,10,96,1,0,0
2026_03_NYJ_DET,00-0038125,2026,3,NYJ,0,0,0,0,0,0,0,0,0,0,0,0,0
2026_03_HOU_IND,00-0038127,2026,3,IND,0,0,0,0,0,0,0,0,0,0,0,0,0
2026_03_KC_MIA,00-0038128,2026,3,KC,20,36,210,0,9,56,0,0,0,0,0,1,1
2026_03_MIN_TB,00-0038129,2026,3,MIN,0,0,0,0,0,0,0,3,6,56,0,0,0
2026_03_CIN_PIT,00-0038133,2026,3,PIT,0,0,0,0,0,0,0,0,0,0,0,0,0
2026_03_KC_MIA,00-0038134,2026,3,MIA,0,0,0,0,18,70,1,2,2,3,1,0,0
2026_03_CIN_PIT,00-0038135,2026,3,CIN,0,0,0,0,0,0,0,0,0,0,0,0,0
2026_03_LA_DEN,00-0038359,2026,3,DEN,0,0,0,0,0,0,0,0,0,0,0,0,0
2026_03_LA_DEN,00-0038366,2026,3,DEN,0,0,0,0,0,0,0,0,0,0,0,0,0
2026_03_PHI_CHI,00-0038386,2026,3,CHI,0,0,0,0,0,0,0,0,0,0,0,0,0
2026_03_LV_NO,00-0038387,2026,3,LV,0,0,0,0,0,0,0,0,0,0,0,0,0
2026_03_PHI_CHI,00-0038393,2026,3,CHI,0,0,0,0,0,0,0,2,5,32,0,0,0
2026_03_ATL_GB,00-0038398,2026,3,ATL,0,0,0,0,0,0,0,0,0,0,0,0,0
2026_03_TEN_NYG,00-0038399,2026,3,TEN,0,0,0,0,0,0,0,0,0,0,0,0,0
2026_03_CIN_PIT,00-0038409,2026,3,CIN,0,0,0,0,1,0,0,0,0,0,0,0,0
2026_03_PHI_CHI,00-0038412,2026,3,CHI,0,0,0,0,0,0,0,0,0,0,0,0,0
2026_03_LAC_BUF,00-0038414,2026,3,BUF,0,0,0,0,0,0,0,0,0,0,0,0,0
2026_03_CAR_CLE,00-0038428,2026,3,CAR,0,0,0,0,0,0,0,0,0,0,0,0,0
2026_03_LAC_BUF,00-0038454,2026,3,BUF,0,0,0,0,8,52,0,3,3,-5,1,0,0
2026_03_ATL_GB,00-0038463,2026,3,ATL,0,0,0,0,0,0,0,0,0,0,0,0,0
2026_03_NE_JAX,00-0038476,2026,3,JAX,3,5,30,0,1,2,0,0,0,0,0,0,0
2026_03_SEA_WAS,00-0038488,2026,3,WAS,0,0,0,0,0,0,0,1,1,20,0,0,0
2026_03_KC_MIA,00-0038489,2026,3,MIA,0,0,0,0,0,0,0,0,0,0,0,0,0
2026_03_PHI_CHI,00-0038498,2026,3,CHI,0,0,0,0,0,0,0,0,0,0,0,0,0
2026_03_BAL_DAL,00-0038504,2026,3,DAL,0,0,0,0,0,0,0,0,0,0,0,0,0
2026_03_BAL_DAL,00-0038505,2026,3,DAL,0,0,0,0,0,0,0,0,0,0,0,0,0
2026_03_TEN_NYG,00-0038514,2026,3,NYG,0,0,0,0,0,0,0,0,0,0,0,0,0
2026_03_KC_MIA,00-0038519,2026,3,MIA,0,0,0,0,0,0,0,0,0,0,0,0,0
2026_03_ARI_SF,00-0038540,2026,3,SF,0,0,0,0,0,0,0,0,0,0,0,0,0
2026_03_ATL_GB,00-0038542,2026,3,GB,0,0,0,0,29,194,2,2,2,19,0,0,0
2026_03_SEA_WAS,00-0038543,2026,3,WAS,1,1,14,0,0,0,0,10,14,128,2,0,0
2026_03_LAC_BUF,00-0038544,2026,3,BUF,0,0,0,0,0,0,0,3,6,40,0,0,0
2026_03_CIN_PIT,00-0038546,2026,3,PIT,0,0,0,0,0,0,0,0,0,0,0,0,0
2026_03_BAL_DAL,00-0038547,2026,3,BAL,0,0,0,0,0,0,0,1,1,9,0,0,0
2026_03_CIN_PIT,00-0038549,2026,3,PIT,0,0,0,0,0,0,0,0,0,0,0,0,0
2026_03_LV_NO,00-0038551,2026,3,LV,0,0,0,0,4,14,0,2,3,5,0,0,0
2026_03_LA_DEN,00-0038552,2026,3,LA,0,0,0,0,0,0,0,0,0,0,0,0,0
2026_03_LAC_BUF,00-0038553,2026,3,BUF,0,0,0,0,0,0,0,0,0,0,0,0,0
2026_03_ARI_SF,00-0038554,2026,3,ARI,0,0,0,0,0,0,0,0,0,0,0,0,0
2026_03_PHI_CHI,00-0038555,2026,3,CHI,0,0,0,0,0,0,0,1,1,5,0,0,1
2026_03_LAC_BUF,00-0038557,2026,3,LAC,0,0,0,0,0,0,0,0,0,0,0,0,0
2026_03_CIN_PIT,00-0038558,2026,3,CIN,0,0,0,0,0,0,0,3,4,67,0,0,0
2026_03_ARI_SF,00-0038559,2026,3,SF,0,0,0,0,0,0,0,11,17,89,1,0,0
2026_03_CIN_PIT,00-0038560,2026,3,PIT,0,0,0,0,0,0,0,0,0,0,0,0,0
2026_03_LV_NO,00-0038563,2026,3,NO,0,0,0,0,0,0,0,4,4,43,0,0,0
2026_03_NE_JAX,00-0038564,2026,3,JAX,0,0,0,0,0,0,0,0,0,0,0,0,0
2026_03_CAR_CLE,00-0038565,2026,3,CAR,0,0,0,0,0,0,0,0,0,0,0,0,0
2026_03_ARI_SF,00-0038567,2026,3,SF,0,0,0,0,0,0,0,0,0,0,0,0,0
2026_03_NE_JAX,00-0038570,2026,3,NE,0,0,0,0,0,0,0,0,0,0,0,0,0
2026_03_LAC_BUF,00-0038573,2026,3,BUF,0,0,0,0,0,0,0,0,0,0,0,0,0
2026_03_CAR_CLE,00-0038574,2026,3,CAR,0,0,0,0,0,0,0,0,0,0,0,0,0
2026_03_CIN_PIT,00-0038577,2026,3,CIN,0,0,0,0,0,0,0,0,0,0,0,0,0
2026_03_LV_NO,00-0038588,2026,3,LV,0,0,0,0,0,0,0,0,0,0,0,0,0
2026_03_NE_JAX,00-0038596,2026,3,NE,0,0,0,0,0,0,0,0,0,0,0,0,0
2026_03_CIN_PIT,00-0038597,2026,3,PIT,0,0,0,0,13,61,0,2,2,8,0,0,0
2026_03_LA_DEN,00-0038605,2026,3,LA,0,0,0,0,0,0,0,0,0,0,0,0,0
2026_03_NE_JAX,00-0038606,2026,3,NE,0,0,0,0,0,0,0,3,5,40,1,0,0
2026_03_HOU_IND,00-0038608,2026,3,IND,0,0,0,0,0,0,0,2,2,21,0,0,0
2026_03_NE_JAX,00-0038611,2026,3,NE,0,0,0,0,8,37,1,0,0,0,0,0,0
2026_03_HOU_IND,00-0038618,2026,3,IND,0,0,0,0,2,4,0,3,6,51,0,0,0
2026_03_TEN_NYG,00-0038620,2026,3,NYG,0,0,0,0,0,0,0,0,0,0,0,0,0
2026_03_NE_JAX,00-0038621,2026,3,JAX,0,0,0,0,0,0,0,1,5,38,0,0,0
2026_03_ARI_SF,00-0038623,2026,3,SF,0,0,0,0,0,0,0,0,0,0,0,0,0
2026_03_BAL_DAL,00-0038625,2026,3,BAL,0,0,0,0,0,0,0,0,0,0,0,0,0
2026_03_BAL_DAL,00-0038629,2026,3,DAL,0,0,0,0,0,0,0,0,0,0,0,0,0
2026_03_ARI_SF,00-0038640,2026,3,SF,0,0,0,0,0,0,0,0,1,0,0,0,0
2026_03_CIN_PIT,00-0038642,2026,3,PIT,0,0,0,0,0,0,0,0,0,0,0,0,0
2026_03_ARI_SF,00-0038643,2026,3,ARI,0,0,0,0,0,0,0,0,0,0,0,0,0
2026_03_NYJ_DET,00-0038660,2026,3,NYJ,0,0,0,0,0,0,0,0,0,0,0,0,0
2026_03_ATL_GB,00-0038685,2026,3,ATL,0,0,0,0,0,0,0,1,1,4,0,0,0
2026_03_CAR_CLE,00-0038715,2026,3,CAR,0,0,0,0,0,0,0,0,0,0,0,0,0
2026_03_HOU_IND,00-0038728,2026,3,IND,0,0,0,0,0,0,0,1,4,20,0,0,0
2026_03_LV_NO,00-0038740,2026,3,LV,0,0,0,0,0,0,0,0,0,0,0,0,0
2026_03_MIN_TB,00-0038778,2026,3,TB,0,0,0,0,0,0,0,0,0,0,0,0,0
2026_03_ARI_SF,00-0038782,2026,3,SF,0,0,0,0,0,0,0,0,0,0,0,0,0
2026_03_LA_DEN,00-0038783,2026,3,LA,0,0,0,0,0,0,0,1,2,8,1,0,0
2026_03_CAR_CLE,00-0038791,2026,3,CLE,0,0,0,0,0,0,0,0,0,0,0,0,0
2026_03_SEA_WAS,00-0038797,2026,3,WAS,0,0,0,0,9,14,0,0,0,0,0,0,0
2026_03_MIN_TB,00-0038807,2026,3,TB,0,0,0,0,0,0,0,0,0,0,0,0,0
2026_03_NYJ_DET,00-0038820,2026,3,NYJ,0,0,0,0,0,0,0,0,0,0,0,0,0
2026_03_KC_MIA,00-0038824,2026,3,KC,0,0,0,0,0,0,0,2,3,15,0,0,0
2026_03_CAR_CLE,00-0038840,2026,3,CLE,0,0,0,0,0,0,0,4,6,83,0,0,0
2026_03_SEA_WAS,00-0038866,2026,3,WAS,0,0,0,0,0,0,0,0,0,0,0,0,0
2026_03_NYJ_DET,00-0038896,2026,3,NYJ,0,0,0,0,0,0,0,0,0,0,0,0,0
2026_03_SEA_WAS,00-0038922,2026,3,WAS,0,0,0,0,0,0,0,0,0,0,0,0,0
2026_03_LAC_BUF,00-0038933,2026,3,LAC,0,0,0,0,0,0,0,2,3,38,0,0,1
2026_03_NE_JAX,00-0038935,2026,3,NE,0,0,0,0,0,0,0,3,5,32,0,0,0
2026_03_PHI_CHI,00-0038978,2026,3,CHI,0,0,0,0,0,0,0,0,0,0,0,0,0
2026_03_ATL_GB,00-0038980,2026,3,GB,0,0,0,0,0,0,0,0,0,0,0,0,0
2026_03_MIN_TB,00-0038994,2026,3,TB,0,0,0,0,0,0,0,5,9,90,1,0,0
2026_03_ATL_GB,00-0038996,2026,3,ATL,0,0,0,0,0,0,0,4,8,26,0,0,0
2026_03_HOU_IND,00-0038997,2026,3,HOU,0,0,0,0,0,0,0,5,11,77,0,0,0
2026_03_PHI_CHI,00-0039001,2026,3,CHI,0,0,0,0,0,0,0,0,0,0,0,0,0
2026_03_ATL_GB,00-0039002,2026,3,GB,0,0,0,0,0,0,0,0,0,0,0,0,0
2026_03_KC_MIA,00-0039006,2026,3,MIA,0,0,0,0,0,0,0,0,0,0,0,0,0
2026_03_ARI_SF,00-0039007,2026,3,SF,0,0,0,0,0,0,0,0,0,0,0,0,0
2026_03_PHI_CHI,00-0039013,2026,3,CHI,0,0,0,0,0,0,0,0,0,0,0,0,0
2026_03_NYJ_DET,00-0039018,2026,3,NYJ,0,0,0,0,0,0,0,0,0,0,0,0,0
2026_03_TEN_NYG,00-0039019,2026,3,TEN,0,0,0,0,0,0,0,0,0,0,0,0,0
2026_03_HOU_IND,00-0039031,2026,3,HOU,0,0,0,0,0,0,0,0,0,0,0,0,0
2026_03_TEN_NYG,00-0039032,2026,3,NYG,0,0,0,0,3,5,0,0,0,0,0,0,0
2026_03_KC_MIA,00-0039040,2026,3,KC,0,0,0,0,3,17,0,0,1,0,0,0,0
2026_03_ARI_SF,00-0039041,2026,3,SF,0,0,0,0,0,0,0,3,3,20,0,0,0
2026_03_SEA_WAS,00-0039047,2026,3,WAS,0,0,0,0,0,0,0,0,0,0,0,0,0
2026_03_MIN_TB,00-0039049,2026,3,MIN,0,0,0,0,0,0,0,0,0,0,0,0,0
2026_03_MIN_TB,00-0039050,2026,3,MIN,0,0,0,0,0,0,0,0,1,0,0,0,0
2026_03_NE_JAX,00-0039053,2026,3,JAX,0,0,0,0,0,0,0,0,0,0,0,0,0
2026_03_LA_DEN,00-0039058,2026,3,DEN,0,0,0,0,0,0,0,0,0,0,0,0,0
2026_03_LA_DEN,00-0039059,2026,3,DEN,0,0,0,0,0,0,0,0,0,0,0,0,0
2026_03_LA_DEN,00-0039061,2026,3,DEN,0,0,0,0,0,0,0,0,0,0,0,0,0
2026_03_MIN_TB,00-0039063,2026,3,MIN,0,0,0,0,0,0,0,0,0,0,0,0,0
2026_03_BAL_DAL,00-0039064,2026,3,DAL,0,0,0,0,1,20,0,5,6,84,0,0,0
2026_03_NYJ_DET,00-0039065,2026,3,NYJ,0,0,0,0,0,0,0,3,4,44,0,0,0
2026_03_LV_NO,00-0039066,2026,3,NO,0,0,0,0,0,0,0,3,3,32,1,0,0
2026_03_KC_MIA,00-0039067,2026,3,MIA,0,0,0,0,0,0,0,7,9,88,0,0,0
2026_03_MIN_TB,00-0039068,2026,3,MIN,0,0,0,0,0,0,0,0,0,0,0,0,0
2026_03_ATL_GB,00-0039070,2026,3,GB,0,0,0,0,0,0,0,0,0,0,0,0,0
2026_03_LA_DEN,00-0039074,2026,3,DEN,0,0,0,0,0,0,0,2,3,19,0,0,0
2026_03_LA_DEN,00-0039077,2026,3,DEN,0,0,0,0,0,0,0,0,0,0,0,0,0
2026_03_HOU_IND,00-0039108,2026,3,IND,0,0,0,0,0,0,0,0,0,0,0,0,0
2026_03_CIN_PIT,00-0039110,2026,3,CIN,0,0,0,0,0,0,0,0,0,0,0,0,0
2026_03_LAC_BUF,00-0039111,2026,3,BUF,0,0,0,0,0,0,0,0,0,0,0,0,0
2026_03_ATL_GB,00-0039112,2026,3,ATL,0,0,0,0,0,0,0,0,0,0,0,0,0
2026_03_LA_DEN,00-0039137,2026,3,DEN,0,0,0,0,0,0,0,0,0,0,0,0,0
2026_03_LA_DEN,00-0039138,2026,3,DEN,0,0,0,0,0,0,0,0,0,0,0,0,0
2026_03_NYJ_DET,00-0039139,2026,3,NYJ,0,0,0,0,20,99,2,7,8,65,1,0,0
2026_03_PHI_CHI,00-0039140,2026,3,CHI,0,0,0,0,0,0,0,0,0,0,0,0,0
2026_03_NYJ_DET,00-0039142,2026,3,DET,0,0,0,0,0,0,0,0,0,0,0,0,0
2026_03_NE_JAX,00-0039147,2026,3,JAX,0,0,0,0,0,0,0,0,0,0,0,0,0
2026_03_ARI_SF,00-0039148,2026,3,ARI,0,0,0,0,0,0,0,0,0,0,0,0,0
2026_03_SEA_WAS,00-0039149,2026,3,SEA,0,0,0,0,0,0,0,0,0,0,0,0,0
2026_03_CAR_CLE,00-0039150,2026,3,CLE,26,48,291,1,0,0,0,0,0,0,0,1,0
2026_03_LA_DEN,00-0039151,2026,3,DEN,0,0,0,0,0,0,0,0,0,0,0,0,0
2026_03_KC_MIA,00-0039156,2026,3,KC,0,0,0,0,0,0,0,0,0,0,0,0,0
2026_03_MIN_TB,00-0039157,2026,3,MIN,0,0,0,0,0,0,0,0,0,0,0,0,0
2026_03_HOU_IND,00-0039163,2026,3,IND,16,27,167,1,2,10,0,0,0,0,0,0,0
2026_03_SEA_WAS,00-0039169,2026,3,WAS,0,0,0,0,0,0,0,0,0,0,0,0,0
2026_03_NYJ_DET,00-0039172,2026,3,NYJ,0,0,0,0,0,0,0,0,0,0,0,0,0
2026_03_HOU_IND,00-0039178,2026,3,HOU,0,0,0,0,0,0,0,0,0,0,0,0,0
2026_03_BAL_DAL,00-0039232,2026,3,DAL,0,0,0,0,0,0,0,0,0,0,0,0,0
2026_03_ARI_SF,00-0039239,2026,3,SF,0,0,0,0,0,0,0,0,0,0,0,0,0
2026_03_SEA_WAS,00-0039299,2026,3,WAS,0,0,0,0,3,10,0,5,5,48,0,0,0
2026_03_SEA_WAS,00-0039309,2026,3,WAS,0,0,0,0,0,0,0,0,0,0,0,0,0
2026_03_CIN_PIT,00-0039313,2026,3,PIT,0,0,0,0,0,0,0,0,0,0,0,0,0
2026_03_CIN_PIT,00-0039323,2026,3,PIT,0,0,0,0,0,0,0,0,0,0,0,0,0
2026_03_KC_MIA,00-0039324,2026,3,MIA,0,0,0,0,0,0,0,0,0,0,0,0,0
2026_03_TEN_NYG,00-0039337,2026,3,TEN,0,0,0,0,0,0,0,5,6,26,0,0,0
2026_03_LV_NO,00-0039338,2026,3,NO,0,0,0,0,0,0,0,10,13,116,1,0,0
2026_03_HOU_IND,00-0039340,2026,3,HOU,0,0,0,0,0,0,0,0,0,0,0,0,0
2026_03_HOU_IND,00-0039343,2026,3,IND,0,0,0,0,0,0,0,0,0,0,0,0,0
2026_03_ARI_SF,00-0039345,2026,3,ARI,0,0,0,0,0,0,0,0,0,0,0,0,0
2026_03_NYJ_DET,00-0039347,2026,3,DET,0,0,0,0,0,0,0,0,0,0,0,0,0
2026_03_NE_JAX,00-0039353,2026,3,NE,0,0,0,0,0,0,0,0,0,0,0,0,0
2026_03_SEA_WAS,00-0039355,2026,3,SEA,0,0,0,0,0,0,0,0,0,0,0,0,0
2026_03_ARI_SF,00-0039360,2026,3,ARI,0,0,0,0,0,0,0,0,0,0,0,0,0
2026_03_MIN_TB,00-0039361,2026,3,MIN,0,0,0,0,15,46,0,2,4,12,0,0,0
2026_03_NYJ_DET,00-0039364,2026,3,NYJ,0,0,0,0,6,26,0,1,1,11,0,0,0
2026_03_ARI_SF,00-0039365,2026,3,ARI,0,0,0,0,0,0,0,0,2,0,0,0,0
2026_03_LAC_BUF,00-0039366,2026,3,BUF,0,0,0,0,0,0,0,0,0,0,0,0,0
2026_03_LAC_BUF,00-0039369,2026,3,BUF,0,0,0,0,0,0,0,0,0,0,0,0,0
2026_03_LA_DEN,00-0039371,2026,3,LA,0,0,0,0,0,0,0,0,0,0,0,0,0
2026_03_NYJ_DET,00-0039372,2026,3,DET,0,0,0,0,0,0,0,0,0,0,0,0,0
2026_03_LV_NO,00-0039374,2026,3,NO,0,0,0,0,0,0,0,0,0,0,0,0,0
2026_03_HOU_IND,00-0039377,2026,3,HOU,0,0,0,0,0,0,0,0,0,0,0,0,0
2026_03_CAR_CLE,00-0039380,2026,3,CLE,0,0,0,0,0,0,0,0,0,0,0,0,0
2026_03_TEN_NYG,00-0039384,2026,3,TEN,0,0,0,0,1,3,0,0,0,0,0,0,0
2026_03_BAL_DAL,00-0039387,2026,3,BAL,0,0,0,0,0,0,0,0,0,0,0,0,0
2026_03_LAC_BUF,00-0039391,2026,3,BUF,0,0,0,0,1,6,0,1,3,14,0,0,0
2026_03_HOU_IND,00-0039395,2026,3,IND,0,0,0,0,0,0,0,0,0,0,0,0,0
2026_03_LV_NO,00-0039401,2026,3,LV,0,0,0,0,0,0,0,0,0,0,0,0,0
2026_03_MIN_TB,00-0039404,2026,3,TB,0,0,0,0,0,0,0,0,0,0,0,0,0
2026_03_LV_NO,00-0039407,2026,3,NO,0,0,0,0,0,0,0,0,0,0,0,0,0
2026_03_NE_JAX,00-0039409,2026,3,NE,0,0,0,0,0,0,0,0,0,0,0,0,0
2026_03_BAL_DAL,00-0039410,2026,3,BAL,0,0,0,0,0,0,0,2,8,22,0,0,0
2026_03_CAR_CLE,00-0039417,2026,3,CAR,0,0,0,0,0,0,0,0,0,0,0,0,0
2026_03_MIN_TB,00-0039421,2026,3,TB,0,0,0,0,0,0,0,0,0,0,0,0,0
2026_03_LV_NO,00-0039424,2026,3,LV,0,0,0,0,0,0,0,3,6,39,0,0,0
2026_03_TEN_NYG,00-0039430,2026,3,NYG,0,0,0,0,0,0,0,0,0,0,0,0,0
2026_03_NYJ_DET,00-0039431,2026,3,DET,0,0,0,0,0,0,0,0,0,0,0,0,0
2026_03_NYJ_DET,00-0039451,2026,3,DET,0,0,0,0,0,0,0,1,2,21,0,0,0
2026_03_BAL_DAL,00-0039465,2026,3,BAL,0,0,0,0,0,0,0,0,0,0,0,0,0
2026_03_LAC_BUF,00-0039469,2026,3,LAC,0,0,0,0,0,0,0,0,0,0,0,0,0
2026_03_LAC_BUF,00-0039489,2026,3,BUF,0,0,0,0,0,0,0,0,0,0,0,0,0
2026_03_CAR_CLE,00-0039491,2026,3,CLE,0,0,0,0,0,0,0,2,4,18,0,0,0
2026_03_LA_DEN,00-0039498,2026,3,DEN,0,0,0,0,0,0,0,0,0,0,0,0,0
2026_03_BAL_DAL,00-0039530,2026,3,BAL,0,0,0,0,0,0,0,1,1,19,0,0,0
2026_03_HOU_IND,00-0039576,2026,3,HOU,0,0,0,0,0,0,0,0,0,0,0,0,0
2026_03_MIN_TB,00-0039589,2026,3,MIN,0,0,0,0,0,0,0,0,0,0,0,0,0
2026_03_LV_NO,00-0039622,2026,3,LV,0,0,0,0,0,0,0,0,0,0,0,0,0
2026_03_CIN_PIT,00-0039632,2026,3,PIT,0,0,0,0,0,0,0,0,0,0,0,0,0
2026_03_NYJ_DET,00-0039634,2026,3,DET,0,0,0,0,0,0,0,0,0,0,0,0,0
2026_03_CAR_CLE,00-0039637,2026,3,CLE,0,0,0,0,0,0,0,0,0,0,0,0,0
2026_03_SEA_WAS,00-0039681,2026,3,SEA,0,0,0,0,0,0,0,0,0,0,0,0,0
2026_03_SEA_WAS,00-0039686,2026,3,SEA,0,0,0,0,0,0,0,1,2,2,0,0,0
2026_03_MIN_TB,00-0039718,2026,3,TB,0,0,0,0,0,0,0,0,0,0,0,0,0
2026_03_LV_NO,00-0039725,2026,3,LV,0,0,0,0,0,0,0,0,0,0,0,0,0
2026_03_LA_DEN,00-0039732,2026,3,LA,17,34,186,2,4,7,1,0,0,0,0,1,0
2026_03_NE_JAX,00-0039733,2026,3,NE,0,0,0,0,0,0,0,0,0,0,0,0,0
2026_03_LA_DEN,00-0039734,2026,3,DEN,0,0,0,0,0,0,0,0,0,0,0,0,0
2026_03_LA_DEN,00-0039738,2026,3,DEN,0,0,0,0,6,15,0,2,4,0,0,0,0
2026_03_CIN_PIT,00-0039739,2026,3,CIN,0,0,0,0,0,0,0,3,6,60,1,0,0
2026_03_PHI_CHI,00-0039740,2026,3,CHI,0,0,0,0,0,0,0,0,0,0,0,0,0
2026_03_CIN_PIT,00-0039741,2026,3,CIN,0,0,0,0,0,0,0,0,0,0,0,0,0
2026_03_PHI_CHI,00-0039745,2026,3,PHI,0,0,0,0,0,0,0,0,0,0,0,0,0
2026_03_PHI_CHI,00-0039746,2026,3,CHI,0,0,0,0,0,0,0,1,2,11,0,0,0
2026_03_LA_DEN,00-0039749,2026,3,DEN,0,0,0,0,0,0,0,0,0,0,0,0,0
2026_03_CIN_PIT,00-0039752,2026,3,PIT,0,0,0,0,0,0,0,0,0,0,0,0,0
2026_03_LAC_BUF,00-0039763,2026,3,LAC,0,0,0,0,0,0,0,0,0,0,0,0,0
2026_03_NE_JAX,00-0039770,2026,3,JAX,0,0,0,0,0,0,0,0,0,0,0,0,0
2026_03_LA_DEN,00-0039772,2026,3,DEN,0,0,0,0,0,0,0,0,0,0,0,0,0
2026_03_LA_DEN,00-0039774,2026,3,DEN,0,0,0,0,0,0,0,0,0,0,0,0,0
2026_03_LA_DEN,00-0039776,2026,3,DEN,0,0,0,0,0,0,0,0,0,0,0,0,0
2026_03_NYJ_DET,00-0039789,2026,3,DET,0,0,0,0,0,0,0,0,0,0,0,0,0
2026_03_BAL_DAL,00-0039792,2026,3,DAL,0,0,0,0,0,0,0,0,1,0,0,0,0
2026_03_SEA_WAS,00-0039793,2026,3,WAS,0,0,0,0,0,0,0,5,9,69,0,0,0
2026_03_NYJ_DET,00-0039794,2026,3,DET,0,0,0,0,4,14,0,3,3,3,0,0,0
2026_03_SEA_WAS,00-0039795,2026,3,WAS,0,0,0,0,0,0,0,0,0,0,0,0,0
2026_03_BAL_DAL,00-0039796,2026,3,DAL,0,0,0,0,0,0,0,0,0,0,0,0,0
2026_03_NYJ_DET,00-0039798,2026,3,DET,0,0,0,0,0,0,0,0,0,0,0,0,0
2026_03_ARI_SF,00-0039807,2026,3,SF,0,0,0,0,0,0,0,0,0,0,0,0,0
2026_03_ARI_SF,00-0039808,2026,3,SF,0,0,0,0,0,0,0,0,0,0,0,0,0
2026_03_LA_DEN,00-0039809,2026,3,LA,0,0,0,0,0,0,0,0,0,0,0,0,0
2026_03_ATL_GB,00-0039811,2026,3,ATL,0,0,0,0,4,11,0,2,3,7,0,0,0
2026_03_ATL_GB,00-0039812,2026,3,ATL,0,0,0,0,0,0,0,0,0,0,0,0,0
2026_03_ATL_GB,00-0039813,2026,3,ATL,0,0,0,0,0,0,0,0,0,0,0,0,0
2026_03_HOU_IND,00-0039816,2026,3,HOU,0,0,0,0,0,0,0,0,0,0,0,0,0
2026_03_TEN_NYG,00-0039821,2026,3,TEN,0,0,0,0,0,0,0,0,0,0,0,0,0
2026_03_KC_MIA,00-0039825,2026,3,MIA,0,0,0,0,0,0,0,0,0,0,0,0,0
2026_03_LAC_BUF,00-0039835,2026,3,BUF,0,0,0,0,0,0,0,0,0,0,0,0,0
2026_03_ATL_GB,00-0039837,2026,3,GB,0,0,0,0,0,0,0,0,0,0,0,0,0
2026_03_HOU_IND,00-0039838,2026,3,IND,0,0,0,0,0,0,0,0,0,0,0,0,0
2026_03_PHI_CHI,00-0039840,2026,3,PHI,0,0,0,0,0,0,0,0,0,0,0,0,0
2026_03_PHI_CHI,00-0039841,2026,3,CHI,0,0,0,0,0,0,0,0,0,0,0,0,0
2026_03_MIN_TB,00-0039846,2026,3,MIN,0,0,0,0,0,0,0,0,0,0,0,0,0
2026_03_ARI_SF,00-0039849,2026,3,SF,0,0,0,0,0,0,0,3,5,40,0,0,0
2026_03_ATL_GB,00-0039850,2026,3,ATL,0,0,0,0,0,0,0,0,0,0,0,0,0
2026_03_NE_JAX,00-0039851,2026,3,JAX,14,25,199,0,4,18,0,0,0,0,0,2,1
2026_03_CAR_CLE,00-0039852,2026,3,CAR,0,0,0,0,0,0,0,0,0,0,0,0,0
2026_03_ARI_SF,00-0039854,2026,3,SF,0,0,0,0,0,0,0,0,0,0,0,0,0
2026_03_MIN_TB,00-0039855,2026,3,MIN,0,0,0,0,0,0,0,0,1,0,0,0,0
2026_03_TEN_NYG,00-0039858,2026,3,NYG,0,0,0,0,0,0,0,0,0,0,0,0,0
2026_03_ATL_GB,00-0039859,2026,3,GB,0,0,0,0,0,0,0,0,0,0,0,0,0
2026_03_LV_NO,00-0039860,2026,3,LV,0,0,0,0,0,0,0,0,0,0,0,0,0
2026_03_NYJ_DET,00-0039862,2026,3,NYJ,0,0,0,0,0,0,0,0,0,0,0,0,0
2026_03_ATL_GB,00-0039867,2026,3,ATL,0,0,0,0,0,0,0,0,0,0,0,0,0
2026_03_LA_DEN,00-0039868,2026,3,LA,0,0,0,0,0,0,0,1,1,21,0,0,0
2026_03_CIN_PIT,00-0039871,2026,3,CIN,0,0,0,0,0,0,0,0,0,0,0,0,0
2026_03_LAC_BUF,00-0039872,2026,3,LAC,0,0,0,0,0,0,0,0,0,0,0,0,0
2026_03_LAC_BUF,00-0039873,2026,3,LAC,0,0,0,0,0,0,0,0,0,0,0,0,0
2026_03_KC_MIA,00-0039880,2026,3,KC,0,0,0,0,2,5,0,5,10,56,0,0,0
2026_03_NYJ_DET,00-0039886,2026,3,DET,0,0,0,0,0,0,0,0,0,0,0,0,0
2026_03_PHI_CHI,00-0039888,2026,3,CHI,0,0,0,0,0,0,0,0,0,0,0,0,0
2026_03_ATL_GB,00-0039889,2026,3,GB,0,0,0,0,0,0,0,0,0,0,0,0,0
2026_03_NE_JAX,00-0039893,2026,3,NE,0,0,0,0,0,0,0,1,1,8,0,0,0
2026_03_KC_MIA,00-0039894,2026,3,MIA,0,0,0,0,0,0,0,2,2,20,0,0,0
2026_03_CAR_CLE,00-0039895,2026,3,CAR,0,0,0,0,0,0,0,0,0,0,0,0,0
2026_03_LAC_BUF,00-0039897,2026,3,BUF,0,0,0,0,0,0,0,0,0,0,0,0,0
2026_03_SEA_WAS,00-0039898,2026,3,SEA,0,0,0,0,0,0,0,0,0,0,0,0,0
2026_03_LAC_BUF,00-0039901,2026,3,LAC,0,0,0,0,0,0,0,1,2,37,0,0,0
2026_03_MIN_TB,00-0039905,2026,3,MIN,0,0,0,0,0,0,0,0,0,0,0,0,0
2026_03_CIN_PIT,00-0039908,2026,3,PIT,0,0,0,0,0,0,0,0,0,0,0,0,0
2026_03_KC_MIA,00-0039911,2026,3,KC,0,0,0,0,0,0,0,0,0,0,0,0,0
2026_03_SEA_WAS,00-0039912,2026,3,SEA,0,0,0,0,0,0,0,0,1,0,0,0,0
2026_03_LAC_BUF,00-0039915,2026,3,BUF,0,0,0,0,0,0,0,4,5,66,0,0,0
2026_03_ATL_GB,00-0039917,2026,3,GB,18,25,256,1,2,-2,0,0,0,0,0,1,0
2026_03_PHI_CHI,00-0039919,2026,3,PHI,0,0,0,0,0,0,0,3,6,44,0,0,0
2026_03_CAR_CLE,00-0039920,2026,3,CAR,0,0,0,0,0,0,0,0,0,0,0,0,0
2026_03_MIN_TB,00-0039924,2026,3,TB,0,0,0,0,0,0,0,0,0,0,0,0,0
2026_03_CIN_PIT,00-0039925,2026,3,PIT,0,0,0,0,0,0,0,0,0,0,0,0,0
2026_03_BAL_DAL,00-0040008,2026,3,BAL,0,0,0,0,0,0,0,0,0,0,0,0,0
2026_03_ATL_GB,00-0040010,2026,3,ATL,0,0,0,0,0,0,0,0,0,0,0,0,0
2026_03_PHI_CHI,00-0040013,2026,3,CHI,0,0,0,0,0,0,0,0,0,0,0,0,0
2026_03_TEN_NYG,00-0040020,2026,3,NYG,0,0,0,0,0,0,0,0,0,0,0,0,0
2026_03_PHI_CHI,00-0040024,2026,3,CHI,0,0,0,0,0,0,0,0,0,0,0,0,0
2026_03_BAL_DAL,00-0040045,2026,3,BAL,0,0,0,0,0,0,0,0,0,0,0,0,0
2026_03_BAL_DAL,00-0040070,2026,3,DAL,0,0,0,0,0,0,0,0,0,0,0,0,0
2026_03_KC_MIA,00-0040072,2026,3,MIA,0,0,0,0,0,0,0,0,0,0,0,0,0
2026_03_BAL_DAL,00-0040074,2026,3,DAL,0,0,0,0,0,0,0,0,0,0,0,0,0
2026_03_BAL_DAL,00-0040075,2026,3,DAL,0,0,0,0,0,0,0,0,0,0,0,0,0
2026_03_KC_MIA,00-0040078,2026,3,MIA,0,0,0,0,0,0,0,1,1,4,0,0,0
2026_03_KC_MIA,00-0040081,2026,3,MIA,0,0,0,0,0,0,0,0,1,0,0,0,0
2026_03_MIN_TB,00-0040089,2026,3,MIN,0,0,0,0,0,0,0,0,0,0,0,0,0
2026_03_BAL_DAL,00-0040100,2026,3,DAL,0,0,0,0,0,0,0,0,0,0,0,0,0
2026_03_BAL_DAL,00-0040104,2026,3,DAL,0,0,0,0,0,0,0,0,0,0,0,0,0
2026_03_LV_NO,00-0040122,2026,3,NO,0,0,0,0,19,56,0,3,3,37,0,0,0
2026_03_CAR_CLE,00-0040124,2026,3,CLE,0,0,0,0,0,0,0,2,5,17,0,0,0
2026_03_PHI_CHI,00-0040126,2026,3,PHI,0,0,0,0,0,0,0,4,4,31,0,0,0
2026_03_HOU_IND,00-0040128,2026,3,HOU,0,0,0,0,1,2,0,9,10,55,0,0,0
2026_03_MIN_TB,00-0040129,2026,3,MIN,0,0,0,0,0,0,0,5,9,62,0,0,0
2026_03_NE_JAX,00-0040131,2026,3,JAX,0,0,0,0,0,0,0,1,3,34,0,0,0
2026_03_LAC_BUF,00-0040132,2026,3,LAC,0,0,0,0,0,0,0,0,0,0,0,0,0
2026_03_NYJ_DET,00-0040133,2026,3,DET,0,0,0,0,0,0,0,0,0,0,0,0,0
2026_03_LA_DEN,00-0040134,2026,3,LA,0,0,0,0,0,0,0,2,2,44,1,0,0
2026_03_CAR_CLE,00-0040136,2026,3,CLE,0,0,0,0,0,0,0,0,0,0,0,0,0
2026_03_HOU_IND,00-0040138,2026,3,IND,0,0,0,0,1,8,0,2,2,17,0,0,0
2026_03_HOU_IND,00-0040139,2026,3,HOU,0,0,0,0,0,0,0,0,0,0,0,0,0
2026_03_TEN_NYG,00-0040141,2026,3,NYG,0,0,0,0,0,0,0,0,0,0,0,0,0
2026_03_ATL_GB,00-0040142,2026,3,ATL,0,0,0,0,4,6,0,1,3,10,0,0,0
2026_03_MIN_TB,00-0040143,2026,3,MIN,0,0,0,0,0,0,0,0,0,0,0,0,0
2026_03_NE_JAX,00-0040145,2026,3,NE,0,0,0,0,0,0,0,0,0,0,0,0,0
2026_03_ATL_GB,00-0040148,2026,3,GB,0,0,0,0,0,0,0,0,0,0,0,0,0
2026_03_ARI_SF,00-0040152,2026,3,ARI,0,0,0,0,0,0,0,0,0,0,0,0,0
2026_03_MIN_TB,00-0040154,2026,3,TB,0,0,0,0,0,0,0,0,2,0,0,0,0
2026_03_LV_NO,00-0040155,2026,3,LV,0,0,0,0,0,0,0,0,0,0,0,0,0
2026_03_ATL_GB,00-0040156,2026,3,GB,0,0,0,0,0,0,0,0,0,0,0,0,0
2026_03_CIN_PIT,00-0040157,2026,3,PIT,0,0,0,0,0,0,0,0,0,0,0,0,0
2026_03_MIN_TB,00-0040158,2026,3,MIN,0,0,0,0,0,0,0,0,0,0,0,0,0
2026_03_CAR_CLE,00-0040159,2026,3,CLE,0,0,0,0,0,0,0,0,0,0,0,0,0
2026_03_CIN_PIT,00-0040160,2026,3,CIN,0,0,0,0,0,0,0,0,0,0,0,0,0
2026_03_SEA_WAS,00-0040164,2026,3,SEA,0,0,0,0,0,0,0,1,1,21,0,0,0
2026_03_NYJ_DET,00-0040165,2026,3,DET,0,0,0,0,0,0,0,0,0,0,0,0,0
2026_03_LV_NO,00-0040166,2026,3,LV,0,0,0,0,0,0,0,0,0,0,0,0,0
2026_03_LA_DEN,00-0040168,2026,3,LA,0,0,0,0,0,0,0,0,0,0,0,0,0
2026_03_LV_NO,00-0040169,2026,3,NO,0,0,0,0,0,0,0,0,0,0,0,0,0
2026_03_TEN_NYG,00-0040170,2026,3,NYG,0,0,0,0,0,0,0,1,3,11,0,0,0
2026_03_NE_JAX,00-0040171,2026,3,JAX,0,0,0,0,0,0,0,0,0,0,0,0,0
2026_03_ARI_SF,00-0040172,2026,3,ARI,0,0,0,0,0,0,0,2,2,60,0,0,0
2026_03_MIN_TB,00-0040173,2026,3,TB,0,0,0,0,0,0,0,0,0,0,0,0,0
2026_03_KC_MIA,00-0040175,2026,3,KC,0,0,0,0,0,0,0,0,0,0,0,0,0
2026_03_KC_MIA,00-0040178,2026,3,KC,0,0,0,0,0,0,0,0,0,0,0,0,0
2026_03_KC_MIA,00-0040182,2026,3,KC,0,0,0,0,0,0,0,0,0,0,0,0,0
2026_03_MIN_TB,00-0040183,2026,3,MIN,0,0,0,0,0,0,0,0,0,0,0,0,0
2026_03_ARI_SF,00-0040185,2026,3,ARI,0,0,0,0,0,0,0,0,0,0,0,0,0
2026_03_CAR_CLE,00-0040187,2026,3,CLE,0,0,0,0,0,0,0,3,3,36,0,0,0
2026_03_CIN_PIT,00-0040188,2026,3,CIN,0,0,0,0,0,0,0,0,0,0,0,0,0
2026_03_LAC_BUF,00-0040189,2026,3,BUF,0,0,0,0,0,0,0,0,3,0,0,0,0
2026_03_LAC_BUF,00-0040194,2026,3,LAC,0,0,0,0,0,0,0,0,1,0,0,0,0
2026_03_ARI_SF,00-0040195,2026,3,SF,0,0,0,0,0,0,0,0,0,0,0,0,0
2026_03_KC_MIA,00-0040198,2026,3,KC,0,0,0,0,17,41,1,3,3,14,0,0,0
2026_03_NE_JAX,00-0040200,2026,3,JAX,0,0,0,0,0,0,0,0,0,0,0,0,0
2026_03_TEN_NYG,00-0040201,2026,3,NYG,0,0,0,0,0,0,0,0,0,0,0,0,0
2026_03_NE_JAX,00-0040204,2026,3,JAX,0,0,0,0,0,0,0,0,0,0,0,0,0
2026_03_HOU_IND,00-0040207,2026,3,HOU,0,0,0,0,0,0,0,0,0,0,0,0,0
2026_03_CIN_PIT,00-0040208,2026,3,PIT,0,0,0,0,0,0,0,0,0,0,0,0,0
2026_03_NE_JAX,00-0040209,2026,3,NE,0,0,0,0,0,0,0,0,0,0,0,0,0
2026_03_NE_JAX,00-0040213,2026,3,NE,0,0,0,0,0,0,0,0,0,0,0,0,0
2026_03_SEA_WAS,00-0040216,2026,3,SEA,0,0,0,0,0,0,0,0,0,0,0,0,0
2026_03_LAC_BUF,00-0040221,2026,3,BUF,0,0,0,0,0,0,0,0,0,0,0,0,0
2026_03_LA_DEN,00-0040223,2026,3,LA,0,0,0,0,0,0,0,0,0,0,0,0,0
2026_03_LV_NO,00-0040228,2026,3,NO,0,0,0,0,0,0,0,0,0,0,0,0,0
2026_03_CIN_PIT,00-0040231,2026,3,CIN,0,0,0,0,0,0,0,0,0,0,0,0,0
2026_03_HOU_IND,00-0040235,2026,3,HOU,0,0,0,0,0,0,0,0,0,0,0,0,0
2026_03_PHI_CHI,00-0040236,2026,3,PHI,0,0,0,0,10,31,0,0,0,0,0,0,0
2026_03_MIN_TB,00-0040237,2026,3,MIN,0,0,0,0,0,0,0,1,2,8,0,0,0
2026_03_NE_JAX,00-0040238,2026,3,NE,0,0,0,0,0,0,0,2,2,9,0,0,0
2026_03_SEA_WAS,00-0040242,2026,3,SEA,0,0,0,0,19,36,0,1,1,7,0,0,0
2026_03_ARI_SF,00-0040245,2026,3,ARI,0,0,0,0,0,0,0,0,0,0,0,0,0
2026_03_KC_MIA,00-0040248,2026,3,KC,0,0,0,0,0,0,0,0,0,0,0,0,0
2026_03_CAR_CLE,00-0040255,2026,3,CAR,0,0,0,0,0,0,0,0,0,0,0,0,0
2026_03_CAR_CLE,00-0040261,2026,3,CAR,0,0,0,0,0,0,0,0,0,0,0,0,0
2026_03_CAR_CLE,00-0040279,2026,3,CLE,0,0,0,0,0,0,0,0,0,0,0,0,0
2026_03_LV_NO,00-0040293,2026,3,LV,0,0,0,0,0,0,0,0,0,0,0,0,0
2026_03_SEA_WAS,00-0040318,2026,3,SEA,0,0,0,0,0,0,0,0,0,0,0,0,0
2026_03_NE_JAX,00-0040326,2026,3,NE,0,0,0,0,0,0,0,0,0,0,0,0,0
2026_03_CIN_PIT,00-0040341,2026,3,CIN,0,0,0,0,0,0,0,0,0,0,0,0,0
2026_03_NE_JAX,00-0040342,2026,3,NE,0,0,0,0,0,0,0,0,0,0,0,0,0
2026_03_MIN_TB,00-0040384,2026,3,MIN,0,0,0,0,0,0,0,0,0,0,0,0,0
2026_03_NYJ_DET,00-0040390,2026,3,NYJ,0,0,0,0,0,0,0,1,1,8,0,0,0
2026_03_CAR_CLE,00-0040394,2026,3,CLE,0,0,0,0,0,0,0,0,0,0,0,0,0
2026_03_NYJ_DET,00-0040405,2026,3,DET,0,0,0,0,0,0,0,0,0,0,0,0,0
2026_03_CAR_CLE,00-0040458,2026,3,CLE,0,0,0,0,0,0,0,0,0,0,0,0,0
2026_03_CAR_CLE,00-0040466,2026,3,CAR,0,0,0,0,1,17,0,4,5,34,0,0,0
2026_03_TEN_NYG,00-0040471,2026,3,TEN,0,0,0,0,0,0,0,0,0,0,0,0,0
2026_03_MIN_TB,00-0040496,2026,3,TB,0,0,0,0,0,0,0,0,0,0,0,0,0
2026_03_MIN_TB,00-0040506,2026,3,TB,0,0,0,0,0,0,0,0,0,0,0,0,0
2026_03_CIN_PIT,00-0040534,2026,3,PIT,0,0,0,0,0,0,0,0,0,0,0,0,0
2026_03_NE_JAX,00-0040556,2026,3,JAX,0,0,0,0,6,18,0,1,1,9,0,0,0
2026_03_ARI_SF,00-0040560,2026,3,ARI,0,0,0,0,0,0,0,0,0,0,0,0,0
2026_03_NE_JAX,00-0040563,2026,3,JAX,1,1,16,0,0,0,0,1,2,1,0,0,0
2026_03_NE_JAX,00-0040574,2026,3,JAX,0,0,0,0,0,0,0,0,0,0,0,0,0
2026_03_CAR_CLE,00-0040579,2026,3,CAR,0,0,0,0,0,0,0,0,0,0,0,0,0
2026_03_LA_DEN,00-0040580,2026,3,DEN,0,0,0,0,0,0,0,0,0,0,0,0,0
2026_03_HOU_IND,00-0040583,2026,3,IND,0,0,0,0,5,15,1,1,1,6,0,0,0
2026_03_TEN_NYG,00-0040584,2026,3,NYG,0,0,0,0,0,0,0,2,4,14,0,0,0
2026_03_LA_DEN,00-0040585,2026,3,DEN,0,0,0,0,0,0,0,0,0,0,0,0,0
2026_03_PHI_CHI,00-0040587,2026,3,CHI,0,0,0,0,0,0,0,0,0,0,0,0,0
2026_03_LA_DEN,00-0040590,2026,3,DEN,0,0,0,0,0,0,0,4,8,93,1,0,0
2026_03_LA_DEN,00-0040613,2026,3,DEN,0,0,0,0,0,0,0,0,0,0,0,0,0
2026_03_LA_DEN,00-0040634,2026,3,LA,0,0,0,0,0,0,0,0,0,0,0,0,0
2026_03_KC_MIA,00-0040640,2026,3,MIA,0,0,0,0,0,0,0,0,0,0,0,0,0
2026_03_LV_NO,00-0040641,2026,3,NO,0,0,0,0,0,0,0,0,0,0,0,0,0
2026_03_LV_NO,00-0040642,2026,3,LV,0,0,0,0,0,0,0,0,0,0,0,0,0
2026_03_LV_NO,00-0040643,2026,3,LV,0,0,0,0,0,0,0,0,0,0,0,0,0
2026_03_ARI_SF,00-0040645,2026,3,SF,0,0,0,0,0,0,0,0,0,0,0,0,0
2026_03_KC_MIA,00-0040646,2026,3,MIA,0,0,0,0,0,0,0,1,1,11,0,0,0
2026_03_SEA_WAS,00-0040648,2026,3,WAS,0,0,0,0,0,0,0,3,3,48,0,0,0
2026_03_HOU_IND,00-0040654,2026,3,IND,0,0,0,0,0,0,0,0,0,0,0,0,0
2026_03_KC_MIA,00-0040655,2026,3,KC,0,0,0,0,0,0,0,0,0,0,0,0,0
2026_03_MIN_TB,00-0040661,2026,3,TB,0,0,0,0,0,0,0,0,0,0,0,0,0
2026_03_PHI_CHI,00-0040662,2026,3,CHI,0,0,0,0,0,0,0,0,0,0,0,0,0
2026_03_CAR_CLE,00-0040663,2026,3,CAR,0,0,0,0,0,0,0,7,9,51,2,0,0
2026_03_LAC_BUF,00-0040666,2026,3,BUF,0,0,0,0,15,56,0,0,1,0,0,0,0
2026_03_ATL_GB,00-0040667,2026,3,ATL,0,0,0,0,0,0,0,5,12,100,1,0,0
2026_03_CAR_CLE,00-0040668,2026,3,CAR,1,1,0,0,0,0,0,0,0,0,0,0,0
2026_03_NYJ_DET,00-0040669,2026,3,NYJ,0,0,0,0,0,0,0,3,3,66,0,0,0
2026_03_KC_MIA,00-0040670,2026,3,MIA,0,0,0,0,0,0,0,0,0,0,0,0,0
2026_03_TEN_NYG,00-0040676,2026,3,NYG,23,36,181,1,1,2,0,0,0,0,0,1,0
2026_03_TEN_NYG,00-0040677,2026,3,TEN,0,0,0,0,0,0,0,0,0,0,0,0,0
2026_03_CIN_PIT,00-0040678,2026,3,CIN,0,0,0,0,0,0,0,0,0,0,0,0,0
2026_03_CAR_CLE,00-0040685,2026,3,CAR,0,0,0,0,0,0,0,0,0,0,0,0,0
2026_03_SEA_WAS,00-0040686,2026,3,SEA,0,0,0,0,0,0,0,0,0,0,0,0,0
2026_03_BAL_DAL,00-0040688,2026,3,DAL,0,0,0,0,0,0,0,0,0,0,0,0,0
2026_03_TEN_NYG,00-0040705,2026,3,NYG,0,0,0,0,0,0,0,1,1,3,0,0,0
2026_03_ARI_SF,00-0040706,2026,3,SF,0,0,0,0,0,0,0,0,0,0,0,0,0
2026_03_PHI_CHI,00-0040708,2026,3,CHI,0,0,0,0,0,0,0,0,0,0,0,0,0
2026_03_LAC_BUF,00-0040709,2026,3,LAC,0,0,0,0,0,0,0,0,0,0,0,0,0
2026_03_LAC_BUF,00-0040710,2026,3,LAC,0,0,0,0,0,0,0,0,0,0,0,0,0
2026_03_TEN_NYG,00-0040715,2026,3,TEN,0,0,0,0,20,60,0,3,4,40,0,0,0
2026_03_NE_JAX,00-0040718,2026,3,NE,0,0,0,0,0,0,0,0,0,0,0,0,0
2026_03_NE_JAX,00-0040719,2026,3,NE,0,0,0,0,15,73,1,2,2,17,0,0,0
2026_03_LA_DEN,00-0040720,2026,3,LA,0,0,0,0,0,0,0,0,0,0,0,0,0
2026_03_BAL_DAL,00-0040722,2026,3,DAL,0,0,0,0,0,0,0,0,0,0,0,0,0
2026_03_BAL_DAL,00-0040725,2026,3,BAL,0,0,0,0,0,0,0,0,0,0,0,0,0
2026_03_LAC_BUF,00-0040727,2026,3,BUF,0,0,0,0,0,0,0,6,7,76,0,0,0
2026_03_LA_DEN,00-0040730,2026,3,LA,0,0,0,0,2,6,0,6,7,41,0,0,0
2026_03_SEA_WAS,00-0040733,2026,3,WAS,0,0,0,0,0,0,0,0,0,0,0,0,0
2026_03_NE_JAX,00-0040734,2026,3,JAX,0,0,0,0,8,23,0,1,1,6,0,0,0
2026_03_PHI_CHI,00-0040735,2026,3,PHI,0,0,0,0,1,7,0,7,11,61,1,0,0
2026_03_LA_DEN,00-0040737,2026,3,DEN,0,0,0,0,0,0,0,1,2,9,0,0,0
2026_03_CIN_PIT,00-0040738,2026,3,PIT,0,0,0,0,0,0,0,0,0,0,0,0,0
2026_03_LV_NO,00-0040743,2026,3,LV,29,42,255,4,1,36,0,0,0,0,0,1,2
2026_03_HOU_IND,00-0040744,2026,3,HOU,0,0,0,0,0,0,0,0,0,0,0,0,0
2026_03_PHI_CHI,00-0040749,2026,3,CHI,0,0,0,0,0,0,0,0,0,0,0,0,0
2026_03_TEN_NYG,00-0040752,2026,3,NYG,0,0,0,0,0,0,0,0,0,0,0,0,0
2026_03_CAR_CLE,00-0040784,2026,3,CAR,0,0,0,0,18,70,0,2,2,9,0,0,0
2026_03_CIN_PIT,00-0040785,2026,3,PIT,0,0,0,0,0,0,0,3,5,29,0,0,0
2026_03_BAL_DAL,00-0040865,2026,3,BAL,0,0,0,0,0,0,0,0,0,0,0,0,0
2026_03_PHI_CHI,00-0040867,2026,3,CHI,0,0,0,0,0,0,0,3,4,29,0,0,0
2026_03_ATL_GB,00-0040869,2026,3,ATL,0,0,0,0,0,0,0,0,0,0,0,0,0
2026_03_BAL_DAL,00-0040872,2026,3,BAL,0,0,0,0,0,0,0,0,0,0,0,0,0
2026_03_SEA_WAS,00-0040873,2026,3,WAS,0,0,0,0,0,0,0,0,0,0,0,0,0
2026_03_ATL_GB,00-0040877,2026,3,ATL,0,0,0,0,0,0,0,0,0,0,0,0,0
2026_03_LV_NO,00-0040878,2026,3,NO,0,0,0,0,5,54,1,0,0,0,0,0,0
2026_03_BAL_DAL,00-0040879,2026,3,DAL,0,0,0,0,0,0,0,2,2,23,1,0,0
2026_03_BAL_DAL,00-0040880,2026,3,BAL,0,0,0,0,0,0,0,0,0,0,0,0,0
2026_03_ATL_GB,00-0040884,2026,3,ATL,0,0,0,0,0,0,0,0,0,0,0,0,0
2026_03_BAL_DAL,00-0040885,2026,3,DAL,0,0,0,0,0,0,0,0,0,0,0,0,0
2026_03_BAL_DAL,00-0040887,2026,3,DAL,0,0,0,0,0,0,0,1,1,14,0,0,0
2026_03_LV_NO,00-0040889,2026,3,NO,0,0,0,0,0,0,0,0,0,0,0,0,0
2026_03_LV_NO,00-0040894,2026,3,NO,0,0,0,0,0,0,0,0,1,0,0,0,0
2026_03_BAL_DAL,00-0040898,2026,3,DAL,0,0,0,0,0,0,0,0,0,0,0,0,0
2026_03_ATL_GB,00-0040899,2026,3,ATL,0,0,0,0,0,0,0,0,0,0,0,0,0
2026_03_HOU_IND,00-0040928,2026,3,HOU,0,0,0,0,0,0,0,0,0,0,0,0,0
2026_03_ATL_GB,00-0040948,2026,3,ATL,0,0,0,0,0,0,0,3,3,22,0,0,0
2026_03_KC_MIA,00-0040957,2026,3,MIA,0,0,0,0,0,0,0,0,0,0,0,0,0
2026_03_KC_MIA,00-0041013,2026,3,MIA,0,0,0,0,6,17,0,0,0,0,0,0,0
2026_03_NYJ_DET,00-0041026,2026,3,DET,0,0,0,0,0,0,0,0,0,0,0,0,0
2026_03_ARI_SF,00-0041027,2026,3,SF,0,0,0,0,21,90,0,5,5,19,1,0,0
2026_03_SEA_WAS,00-0041028,2026,3,SEA,0,0,0,0,0,0,0,0,0,0,0,0,0
2026_03_CAR_CLE,00-0041030,2026,3,CAR,0,0,0,0,0,0,0,0,0,0,0,0,0
2026_03_NYJ_DET,00-0041032,2026,3,DET,0,0,0,0,0,0,0,7,8,105,1,0,0
2026_03_MIN_TB,00-0041033,2026,3,TB,0,0,0,0,0,0,0,0,0,0,0,0,0
2026_03_CAR_CLE,00-0041034,2026,3,CLE,0,0,0,0,0,0,0,0,0,0,0,0,0
2026_03_CAR_CLE,00-0041037,2026,3,CAR,0,0,0,0,0,0,0,2,4,41,0,0,0
2026_03_SEA_WAS,00-0041040,2026,3,SEA,0,0,0,0,0,0,0,2,4,15,0,0,0
2026_03_TEN_NYG,00-0041042,2026,3,TEN,0,0,0,0,0,0,0,2,2,19,0,0,0
2026_03_HOU_IND,00-0041043,2026,3,HOU,0,0,0,0,0,0,0,0,0,0,0,0,0
2026_03_ATL_GB,00-0041044,2026,3,GB,0,0,0,0,0,0,0,1,2,7,0,0,0
2026_03_MIN_TB,00-0041048,2026,3,MIN,0,0,0,0,0,0,0,1,3,40,1,0,0
2026_03_CAR_CLE,00-0041049,2026,3,CAR,0,0,0,0,0,0,0,0,0,0,0,0,0
2026_03_NE_JAX,00-0041050,2026,3,NE,0,0,0,0,0,0,0,0,0,0,0,0,0
2026_03_PHI_CHI,00-0041051,2026,3,PHI,0,0,0,0,0,0,0,1,1,1,0,0,0
2026_03_ARI_SF,00-0041052,2026,3,ARI,0,0,0,0,4,17,0,0,1,0,0,0,0
2026_03_MIN_TB,00-0041057,2026,3,MIN,0,0,0,0,0,0,0,0,0,0,0,0,0
2026_03_PHI_CHI,00-0041060,2026,3,PHI,0,0,0,0,0,0,0,0,0,0,0,0,0
2026_03_CAR_CLE,00-0041063,2026,3,CLE,0,0,0,0,0,0,0,0,0,0,0,0,0
2026_03_LAC_BUF,00-0041064,2026,3,BUF,0,0,0,0,0,0,0,0,0,0,0,0,0
2026_03_ATL_GB,00-0041066,2026,3,GB,0,0,0,0,0,0,0,0,0,0,0,0,0
2026_03_LV_NO,00-0041067,2026,3,LV,0,0,0,0,0,0,0,0,3,0,0,0,0
2026_03_CIN_PIT,00-0041069,2026,3,PIT,0,0,0,0,0,0,0,1,1,2,0,0,0
2026_03_LAC_BUF,00-0041072,2026,3,BUF,0,0,0,0,0,0,0,0,0,0,0,0,0
2026_03_SEA_WAS,00-0041074,2026,3,SEA,0,0,0,0,0,0,0,0,0,0,0,0,0
2026_03_CAR_CLE,00-0041076,2026,3,CLE,0,0,0,0,0,0,0,0,0,0,0,0,0
2026_03_ARI_SF,00-0041078,2026,3,ARI,0,0,0,0,0,0,0,0,0,0,0,0,0
2026_03_MIN_TB,00-0041081,2026,3,TB,0,0,0,0,0,0,0,0,0,0,0,0,0
2026_03_ARI_SF,00-0041093,2026,3,SF,0,0,0,0,0,0,0,0,0,0,0,0,0
2026_03_MIN_TB,00-0041094,2026,3,MIN,0,0,0,0,0,0,0,0,0,0,0,0,0
2026_03_NE_JAX,00-0041100,2026,3,NE,0,0,0,0,0,0,0,1,2,12,1,0,0
2026_03_MIN_TB,00-0041104,2026,3,TB,0,0,0,0,3,1,0,0,0,0,0,0,0
2026_03_HOU_IND,00-0041111,2026,3,HOU,0,0,0,0,0,0,0,0,0,0,0,0,0
2026_03_ATL_GB,00-0041112,2026,3,GB,0,0,0,0,0,0,0,0,0,0,0,0,0
2026_03_CAR_CLE,00-0041115,2026,3,CAR,0,0,0,0,0,0,0,0,0,0,0,0,0
2026_03_CAR_CLE,00-0041119,2026,3,CLE,0,0,0,0,0,0,0,0,0,0,0,0,0
2026_03_HOU_IND,00-0041125,2026,3,HOU,0,0,0,0,4,14,0,0,0,0,0,0,0
2026_03_LAC_BUF,00-0041126,2026,3,LAC,0,0,0,0,0,0,0,0,0,0,0,0,0
2026_03_CAR_CLE,00-0041131,2026,3,CAR,0,0,0,0,0,0,0,0,0,0,0,0,0
2026_03_TEN_NYG,00-0041143,2026,3,TEN,0,0,0,0,0,0,0,0,0,0,0,0,0
2026_03_TEN_NYG,00-0041145,2026,3,TEN,0,0,0,0,0,0,0,0,0,0,0,0,0
2026_03_CAR_CLE,00-0041148,2026,3,CLE,0,0,0,0,0,0,0,0,0,0,0,0,0
2026_03_SEA_WAS,00-0041182,2026,3,SEA,0,0,0,0,0,0,0,0,0,0,0,0,0
2026_03_NE_JAX,00-0041218,2026,3,NE,0,0,0,0,0,0,0,0,0,0,0,0,0
2026_03_MIN_TB,00-0041251,2026,3,MIN,0,3,0,0,1,9,0,0,0,0,0,1,0
2026_03_NYJ_DET,00-0041267,2026,3,DET,0,0,0,0,0,0,0,0,0,0,0,0,0
2026_03_LA_DEN,00-0041292,2026,3,LA,0,0,0,0,0,0,0,0,0,0,0,0,0
2026_03_HOU_IND,00-0041305,2026,3,IND,0,0,0,0,0,0,0,0,0,0,0,0,0
2026_03_NE_JAX,00-0041316,2026,3,JAX,0,0,0,0,0,0,0,0,0,0,0,0,0
2026_03_LV_NO,00-0041326,2026,3,LV,0,0,0,0,1,5,0,0,0,0,0,0,0
2026_03_MIN_TB,00-0041354,2026,3,TB,0,0,0,0,0,0,0,0,0,0,0,0,0
2026_03_KC_MIA,00-0041358,2026,3,MIA,0,0,0,0,0,0,0,0,0,0,0,0,0
2026_03_ARI_SF,00-0041370,2026,3,SF,0,0,0,0,0,0,0,0,0,0,0,0,0
2026_03_LAC_BUF,00-0041381,2026,3,BUF,0,0,0,0,0,0,0,0,0,0,0,0,0
2026_03_LAC_BUF,00-0041391,2026,3,LAC,0,0,0,0,0,0,0,0,0,0,0,0,0
2026_03_CIN_PIT,00-0041393,2026,3,CIN,0,0,0,0,0,0,0,0,0,0,0,0,0
2026_03_CIN_PIT,00-0041397,2026,3,CIN,0,0,0,0,0,0,0,0,0,0,0,0,0
2026_03_CIN_PIT,00-0041401,2026,3,CIN,0,0,0,0,0,0,0,0,0,0,0,0,0
2026_03_LA_DEN,00-0041404,2026,3,DEN,0,0,0,0,0,0,0,0,0,0,0,0,0
2026_03_LA_DEN,00-0041415,2026,3,DEN,0,0,0,0,0,0,0,0,0,0,0,0,0
2026_03_KC_MIA,00-0041436,2026,3,KC,0,0,0,0,0,0,0,0,0,0,0,0,0
2026_03_TEN_NYG,00-0041438,2026,3,NYG,0,0,0,0,0,0,0,6,9,58,0,0,0
2026_03_NYJ_DET,00-0041439,2026,3,NYJ,0,0,0,0,0,0,0,0,0,0,0,0,0
2026_03_NYJ_DET,00-0041442,2026,3,NYJ,0,0,0,0,0,0,0,0,0,0,0,0,0
2026_03_LAC_BUF,00-0041444,2026,3,LAC,0,0,0,0,0,0,0,0,0,0,0,0,0
2026_03_NYJ_DET,00-0041447,2026,3,NYJ,0,0,0,0,0,0,0,0,0,0,0,0,0
2026_03_NE_JAX,00-0041455,2026,3,JAX,0,0,0,0,0,0,0,0,0,0,0,0,0
2026_03_NYJ_DET,00-0041459,2026,3,NYJ,0,0,0,0,0,0,0,0,0,0,0,0,0
2026_03_TEN_NYG,00-0041462,2026,3,TEN,0,0,0,0,0,0,0,0,0,0,0,0,0
2026_03_CIN_PIT,00-0041464,2026,3,PIT,0,0,0,0,0,0,0,0,0,0,0,0,0
2026_03_HOU_IND,00-0041465,2026,3,IND,0,0,0,0,0,0,0,0,0,0,0,0,0
2026_03_HOU_IND,00-0041466,2026,3,IND,0,0,0,0,0,0,0,0,0,0,0,0,0
2026_03_HOU_IND,00-0041467,2026,3,IND,0,0,0,0,0,0,0,0,1,0,0,0,0
2026_03_ATL_GB,00-0041469,2026,3,GB,0,0,0,0,0,0,0,0,0,0,0,0,0
2026_03_ATL_GB,00-0041470,2026,3,ATL,0,0,0,0,0,0,0,0,0,0,0,0,0
2026_03_CAR_CLE,00-0041471,2026,3,CAR,0,0,0,0,0,0,0,0,0,0,0,0,0
2026_03_CAR_CLE,00-0041478,2026,3,CLE,0,0,0,0,0,0,0,0,0,0,0,0,0
2026_03_TEN_NYG,00-0041479,2026,3,NYG,0,0,0,0,0,0,0,0,0,0,0,0,0
2026_03_CIN_PIT,00-0041489,2026,3,CIN,0,0,0,0,0,0,0,1,1,14,0,0,0
2026_03_BAL_DAL,00-0041494,2026,3,DAL,0,0,0,0,0,0,0,0,0,0,0,0,0
2026_03_MIN_TB,00-0041495,2026,3,TB,0,0,0,0,0,0,0,0,0,0,0,0,0
2026_03_KC_MIA,00-0041501,2026,3,MIA,0,0,0,0,0,0,0,0,0,0,0,0,0
2026_03_NE_JAX,00-0041503,2026,3,NE,0,0,0,0,0,0,0,0,1,0,0,0,0
2026_03_TEN_NYG,00-0041508,2026,3,NYG,0,0,0,0,0,0,0,0,0,0,0,0,0
2026_03_TEN_NYG,00-0041509,2026,3,TEN,0,0,0,0,0,0,0,0,0,0,0,0,0
2026_03_SEA_WAS,00-0041512,2026,3,WAS,0,0,0,0,5,15,0,1,3,7,0,0,1
2026_03_HOU_IND,00-0041518,2026,3,HOU,0,0,0,0,0,0,0,0,0,0,0,0,0
2026_03_KC_MIA,00-0041522,2026,3,KC,0,0,0,0,0,0,0,0,0,0,0,0,0
2026_03_KC_MIA,00-0041524,2026,3,KC,0,0,0,0,0,0,0,0,0,0,0,0,0
2026_03_KC_MIA,00-0041525,2026,3,KC,0,0,0,0,0,0,0,4,7,67,0,0,0
2026_03_KC_MIA,00-0041528,2026,3,KC,0,0,0,0,0,0,0,0,0,0,0,0,0
2026_03_KC_MIA,00-0041529,2026,3,KC,0,0,0,0,0,0,0,1,4,3,0,0,0
2026_03_KC_MIA,00-0041533,2026,3,KC,0,0,0,0,0,0,0,0,0,0,0,0,0
2026_03_BAL_DAL,00-0041537,2026,3,BAL,0,0,0,0,0,0,0,0,0,0,0,0,0
2026_03_PHI_CHI,00-0041538,2026,3,PHI,0,0,0,0,0,0,0,0,0,0,0,0,0
2026_03_KC_MIA,00-0041543,2026,3,MIA,0,0,0,0,0,0,0,0,0,0,0,0,0
2026_03_LAC_BUF,00-0041544,2026,3,BUF,0,0,0,0,0,0,0,0,0,0,0,0,0
2026_03_KC_MIA,00-0041545,2026,3,MIA,0,0,0,0,0,0,0,0,0,0,0,0,0
2026_03_CIN_PIT,00-0041546,2026,3,PIT,0,0,0,0,0,0,0,0,0,0,0,0,0
2026_03_CAR_CLE,00-0041547,2026,3,CAR,0,0,0,0,0,0,0,2,9,9,0,0,0
2026_03_NYJ_DET,00-0041549,2026,3,DET,0,0,0,0,0,0,0,0,0,0,0,0,0
2026_03_ARI_SF,00-0041557,2026,3,ARI,0,0,0,0,0,0,0,0,0,0,0,0,0
2026_03_PHI_CHI,00-0041558,2026,3,PHI,0,0,0,0,0,0,0,1,1,16,0,0,0
2026_03_NE_JAX,00-0041569,2026,3,JAX,0,0,0,0,0,0,0,0,0,0,0,0,0
2026_03_ATL_GB,0,2026,3,GB,0,0,0,0,0,0,0,0,0,0,0,0,0
2026_04_PIT_CLE,00-0023459,2026,4,CLE,22,40,299,3,0,0,0,0,0,0,0,2,0
2026_04_TEN_BAL,00-0026190,2026,4,TEN,0,0,0,0,0,0,0,0,0,0,0,0,0
2026_04_LA_PHI,00-0026498,2026,4,PHI,32,51,317,0,3,10,0,0,0,0,0,2,0
2026_04_PIT_CLE,00-0027969,2026,4,CLE,0,0,0,0,0,0,0,0,0,0,0,0,0
2026_04_MIA_MIN,00-0028872,2026,4,MIA,0,0,0,0,0,0,0,0,0,0,0,0,0
2026_04_KC_LV,00-0029604,2026,4,KC,31,52,365,2,0,0,0,0,0,0,0,1,0
2026_04_MIA_MIN,00-0029606,2026,4,MIA,0,0,0,0,0,0,0,0,0,0,0,0,0
2026_04_NYJ_CHI,00-0029607,2026,4,CHI,0,0,0,0,0,0,0,0,0,0,0,0,0
2026_04_DAL_HOU,00-0029692,2026,4,HOU,0,0,0,0,0,0,0,0,0,0,0,0,0
2026_04_DEN_SF,00-0029892,2026,4,DEN,0,0,0,0,0,0,0,2,2,28,0,0,0
2026_04_LA_PHI,00-0030061,2026,4,LA,0,0,0,0,0,0,0,2,4,13,0,0,0
2026_04_TEN_BAL,00-0030070,2026,4,TEN,0,0,0,0,0,0,0,0,0,0,0,0,0
2026_04_DET_CAR,00-0030092,2026,4,DET,0,0,0,0,0,0,0,0,0,0,0,0,0
2026_04_IND_WAS,00-0030140,2026,4,IND,0,0,0,0,0,0,0,0,0,0,0,0,0
2026_04_LAC_SEA,00-0030294,2026,4,SEA,0,0,0,0,0,0,0,0,0,0,0,0,0
2026_04_KC_LV,00-0030506,2026,4,LV,0,0,0,0,0,0,0,2,4,15,0,0,0
2026_04_NYJ_CHI,00-0030565,2026,4,CHI,8,15,119,1,0,0,0,0,0,0,0,0,0
2026_04_LAC_SEA,00-0031040,2026,4,SEA,0,0,0,0,0,0,0,0,0,0,0,0,0
2026_04_NE_BUF,00-0031054,2026,4,BUF,0,0,0,0,0,0,0,0,0,0,0,0,0
2026_04_PIT_CLE,00-0031136,2026,4,CLE,0,0,0,0,0,0,0,0,0,0,0,0,0
2026_04_NYJ_CHI,00-0031203,2026,4,NYJ,0,0,0,0,0,0,0,0,0,0,0,0,0
2026_04_DEN_SF,00-0031236,2026,4,DEN,0,0,0,0,0,0,0,0,1,0,0,0,0
2026_04_ARI_NYG,00-0031270,2026,4,ARI,0,0,0,0,0,0,0,0,0,0,0,0,0
2026_04_MIA_MIN,00-0031360,2026,4,MIA,0,0,0,0,0,0,0,0,0,0,0,0,0
2026_04_DAL_HOU,00-0031364,2026,4,DAL,0,0,0,0,0,0,0,0,0,0,0,0,0
2026_04_LA_PHI,00-0031381,2026,4,PHI,0,0,0,0,0,0,0,4,9,32,0,0,0
2026_04_DEN_SF,00-0031408,2026,4,DEN,0,0,0,0,0,0,0,5,8,76,0,0,0
2026_04_LAC_SEA,00-0031411,2026,4,LAC,0,0,0,0,0,0,0,0,0,0,0,0,0
2026_04_ARI_NYG,00-0031484,2026,4,ARI,0,0,0,0,0,0,0,0,0,0,0,0,0
2026_04_LAC_SEA,00-0031492,2026,4,LAC,0,0,0,0,0,0,0,0,0,0,0,0,0
2026_04_ARI_NYG,00-0031503,2026,4,ARI,18,29,250,3,0,0,0,0,0,0,0,2,0
2026_04_DAL_HOU,00-0031565,2026,4,DAL,0,0,0,0,0,0,0,0,0,0,0,0,0
2026_04_NYJ_CHI,00-0031583,2026,4,NYJ,0,0,0,0,0,0,0,0,0,0,0,0,0
2026_04_IND_WAS,00-0031588,2026,4,IND,0,0,0,0,0,0,0,5,9,35,0,0,0
2026_04_DET_CAR,00-0031610,2026,4,DET,0,0,0,0,0,0,0,3,6,36,0,0,0
2026_04_DEN_SF,00-0031898,2026,4,SF,0,0,0,0,0,0,0,0,0,0,0,0,0
2026_04_LAC_SEA,00-0031933,2026,4,LAC,0,0,0,0,0,0,0,0,0,0,0,0,0
2026_04_GB_TB,00-0031957,2026,4,GB,0,0,0,0,0,0,0,0,0,0,0,0,0
2026_04_LAC_SEA,00-0032052,2026,4,LAC,0,0,0,0,0,0,0,0,0,0,0,0,0
2026_04_MIA_MIN,00-0032065,2026,4,MIN,0,0,0,0,0,0,0,0,0,0,0,0,0
2026_04_JAX_CIN,00-0032104,2026,4,CIN,0,0,0,0,0,0,0,0,0,0,0,0,0
2026_04_JAX_CIN,00-0032164,2026,4,CIN,0,0,0,0,0,0,0,0,0,0,0,0,0
2026_04_GB_TB,00-0032234,2026,4,TB,0,0,0,0,0,0,0,0,0,0,0,0,0
2026_04_IND_WAS,00-0032268,2026,4,IND,3,4,46,0,1,35,0,0,0,0,0,0,0
2026_04_IND_WAS,00-0032378,2026,4,WAS,0,0,0,0,0,0,0,0,0,0,0,0,0
2026_04_NYJ_CHI,00-0032385,2026,4,CHI,0,0,0,0,0,0,0,0,1,0,0,0,0
2026_04_LAC_SEA,00-0032387,2026,4,LAC,0,0,0,0,0,0,0,0,0,0,0,0,0
2026_04_GB_TB,00-0032399,2026,4,GB,0,0,0,0,0,0,0,0,0,0,0,0,0
2026_04_DEN_SF,00-0032415,2026,4,DEN,0,0,0,0,0,0,0,0,0,0,0,0,0
2026_04_ARI_NYG,00-0032424,2026,4,ARI,0,0,0,0,0,0,0,0,0,0,0,0,0
2026_04_NYJ_CHI,00-0032464,2026,4,NYJ,0,0,0,0,0,0,0,2,2,6,0,0,0
2026_04_DEN_SF,00-0032569,2026,4,SF,0,0,0,0,0,0,0,0,0,0,0,0,0
2026_04_LA_PHI,00-0032580,2026,4,LA,0,0,0,0,0,0,0,0,0,0,0,0,0
2026_04_DAL_HOU,00-0032726,2026,4,DAL,0,0,0,0,0,0,0,0,0,0,0,0,0
2026_04_DAL_HOU,00-0032759,2026,4,DAL,0,0,0,0,0,0,0,0,0,0,0,0,0
2026_04_KC_LV,00-0032762,2026,4,LV,0,0,0,0,0,0,0,0,0,0,0,0,0
2026_04_TEN_BAL,00-0032764,2026,4,TEN,0,0,0,0,23,73,1,2,2,6,0,0,0
2026_04_DET_CAR,00-0032803,2026,4,CAR,0,0,0,0,0,0,0,0,0,0,0,0,0
2026_04_GB_TB,00-0032889,2026,4,GB,0,0,0,0,0,0,0,0,0,0,0,0,0
2026_04_GB_TB,00-0032943,2026,4,GB,0,0,0,0,0,0,0,0,0,0,0,0,0
2026_04_IND_WAS,00-0032951,2026,4,WAS,0,0,0,0,0,0,0,5,6,42,0,0,0
2026_04_ARI_NYG,00-0032954,2026,4,NYG,0,0,0,0,0,0,0,0,0,0,0,0,0
2026_04_JAX_CIN,00-0033038,2026,4,CIN,0,0,0,0,0,0,0,0,0,0,0,0,0
2026_04_PIT_CLE,00-0033055,2026,4,CLE,0,0,0,0,0,0,0,0,0,0,0,0,0
2026_04_ARI_NYG,00-0033066,2026,4,NYG,0,0,0,0,0,0,0,0,0,0,0,0,0
2026_04_DAL_HOU,00-0033077,2026,4,HOU,32,45,335,1,2,7,0,0,0,0,0,0,0
2026_04_NE_BUF,00-0033090,2026,4,BUF,0,0,0,0,0,0,0,5,5,62,0,0,0
2026_04_DET_CAR,00-0033106,2026,4,CAR,32,52,412,1,0,0,0,0,0,0,0,0,0
2026_04_GB_TB,00-0033109,2026,4,TB,0,0,0,0,0,0,0,0,0,0,0,0,0
2026_04_LA_PHI,00-0033110,2026,4,PHI,0,0,0,0,0,0,0,5,6,67,0,0,0
2026_04_ARI_NYG,00-0033119,2026,4,NYG,21,35,166,2,4,18,0,0,0,0,0,3,0
2026_04_DAL_HOU,00-0033120,2026,4,HOU,0,0,0,0,0,0,0,0,0,0,0,0,0
2026_04_PIT_CLE,00-0033131,2026,4,PIT,0,0,0,0,0,0,0,0,0,0,0,0,0
2026_04_NE_BUF,00-0033132,2026,4,BUF,0,0,0,0,0,0,0,0,0,0,0,0,0
2026_04_LA_PHI,00-0033246,2026,4,LA,0,0,0,0,0,0,0,0,0,0,0,0,0
2026_04_IND_WAS,00-0033269,2026,4,WAS,0,0,0,0,0,0,0,0,0,0,0,0,0
2026_04_DEN_SF,00-0033280,2026,4,DEN,0,0,0,0,15,52,1,3,5,18,0,0,0
2026_04_TEN_BAL,00-0033281,2026,4,TEN,0,0,0,0,0,0,0,0,0,0,0,0,0
2026_04_DEN_SF,00-0033288,2026,4,DEN,0,0,0,0,0,0,0,4,6,70,1,0,0
2026_04_ARI_NYG,00-0033290,2026,4,ARI,0,0,0,0,0,0,0,0,0,0,0,0,0
2026_04_MIA_MIN,00-0033293,2026,4,MIA,0,0,0,0,20,94,0,4,8,34,0,0,0
2026_04_DET_CAR,00-0033294,2026,4,CAR,0,0,0,0,0,0,0,0,0,0,0,0,0
2026_04_DEN_SF,00-0033297,2026,4,SF,0,0,0,0,0,0,0,0,0,0,0,0,0
2026_04_KC_LV,00-0033303,2026,4,LV,0,0,0,0,0,0,0,0,0,0,0,0,0
2026_04_MIA_MIN,00-0033336,2026,4,MIA,0,0,0,0,0,0,0,0,0,0,0,0,0
2026_04_ARI_NYG,00-0033376,2026,4,ARI,0,0,0,0,0,0,0,1,2,1,0,0,0
2026_04_KC_LV,00-0033381,2026,4,KC,0,0,0,0,0,0,0,0,0,0,0,0,0
2026_04_JAX_CIN,00-0033523,2026,4,JAX,0,0,0,0,0,0,0,0,0,0,0,0,0
2026_04_JAX_CIN,00-0033526,2026,4,JAX,0,0,0,0,3,7,0,0,1,0,0,0,0
2026_04_PIT_CLE,00-0033537,2026,4,PIT,24,33,268,1,7,22,0,0,0,0,0,1,1
2026_04_DEN_SF,00-0033538,2026,4,SF,0,0,0,0,0,0,0,0,0,0,0,0,0
2026_04_TEN_BAL,00-0033548,2026,4,TEN,0,0,0,0,0,0,0,0,0,0,0,0,0
2026_04_IND_WAS,00-0033551,2026,4,IND,0,0,0,0,0,0,0,0,0,0,0,0,0
2026_04_NE_BUF,00-0033555,2026,4,BUF,0,0,0,0,0,0,0,3,4,53,0,0,0
2026_04_LAC_SEA,00-0033576,2026,4,LAC,0,0,0,0,0,0,0,0,0,0,0,0,0
2026_04_NYJ_CHI,00-0033579,2026,4,NYJ,0,0,0,0,0,0,0,0,0,0,0,0,0
2026_04_DET_CAR,00-0033589,2026,4,DET,0,0,0,0,0,0,0,0,0,0,0,0,0
2026_04_IND_WAS,00-0033699,2026,4,IND,0,0,0,0,4,29,0,1,2,11,0,0,0
2026_04_PIT_CLE,00-0033729,2026,4,CLE,0,0,0,0,0,0,0,0,0,0,0,0,0
2026_04_LA_PHI,00-0033787,2026,4,LA,0,0,0,0,0,0,0,0,0,0,0,0,0
2026_04_GB_TB,00-0033858,2026,4,TB,0,0,0,0,0,0,0,1,1,19,0,0,0
2026_04_TEN_BAL,00-0033870,2026,4,BAL,0,0,0,0,0,0,0,0,0,0,0,0,0
2026_04_KC_LV,00-0033873,2026,4,LV,15,30,225,2,2,0,0,0,0,0,0,0,0
2026_04_PIT_CLE,00-0033876,2026,4,PIT,0,0,0,0,0,0,0,0,0,0,0,0,0
2026_04_DAL_HOU,00-0033877,2026,4,HOU,0,0,0,0,0,0,0,0,0,0,0,0,0
2026_04_DEN_SF,00-0033881,2026,4,SF,0,0,0,0,0,0,0,1,5,6,0,0,0
2026_04_PIT_CLE,00-0033886,2026,4,CLE,0,0,0,0,0,0,0,0,0,0,0,0,0
2026_04_ARI_NYG,00-0033890,2026,4,NYG,0,0,0,0,0,0,0,0,0,0,0,0,0
2026_04_NE_BUF,00-0033904,2026,4,NE,0,0,0,0,0,0,0,0,0,0,0,0,0
2026_04_LAC_SEA,00-0033908,2026,4,LAC,0,0,0,0,0,0,0,1,2,13,0,0,0
2026_04_GB_TB,00-0033914,2026,4,GB,0,0,0,0,0,0,0,0,0,0,0,0,0
2026_04_IND_WAS,00-0033918,2026,4,IND,0,0,0,0,0,0,0,0,0,0,0,0,0
2026_04_GB_TB,00-0033921,2026,4,GB,0,0,0,0,0,0,0,6,7,31,0,0,0
2026_04_JAX_CIN,00-0033928,2026,4,CIN,0,0,0,0,0,0,0,0,0,0,0,0,0
2026_04_IND_WAS,00-0033952,2026,4,WAS,0,0,0,0,0,0,0,0,0,0,0,0,0
2026_04_GB_TB,00-0033964,2026,4,GB,0,0,0,0,0,0,0,0,0,0,0,0,0
2026_04_TEN_BAL,00-0034112,2026,4,BAL,0,0,0,0,0,0,0,0,0,0,0,0,0
2026_04_MIA_MIN,00-0034158,2026,4,MIA,0,0,0,0,0,0,0,0,0,0,0,0,0
2026_04_LAC_SEA,00-0034160,2026,4,LAC,0,0,0,0,0,0,0,0,0,0,0,0,0
2026_04_LAC_SEA,00-0034162,2026,4,SEA,0,0,0,0,0,0,0,0,0,0,0,0,0
2026_04_TEN_BAL,00-0034163,2026,4,BAL,0,0,0,0,0,0,0,0,0,0,0,0,0
2026_04_DEN_SF,00-0034173,2026,4,DEN,0,0,0,0,0,0,0,0,0,0,0,0,0
2026_04_LA_PHI,00-0034234,2026,4,PHI,0,0,0,0,0,0,0,0,0,0,0,0,0
2026_04_LAC_SEA,00-0034272,2026,4,SEA,0,0,0,0,0,0,0,0,1,0,0,0,0
2026_04_KC_LV,00-0034275,2026,4,KC,0,0,0,0,0,0,0,0,0,0,0,0,0
2026_04_DAL_HOU,00-0034278,2026,4,DAL,0,0,0,0,0,0,0,0,0,0,0,0,0
2026_04_MIA_MIN,00-0034285,2026,4,MIN,0,0,0,0,0,0,0,0,0,0,0,0,0
2026_04_IND_WAS,00-0034302,2026,4,IND,0,0,0,0,0,0,0,0,0,0,0,0,0
2026_04_NYJ_CHI,00-0034320,2026,4,NYJ,0,0,0,0,0,0,0,0,0,0,0,0,0
2026_04_IND_WAS,00-0034333,2026,4,IND,0,0,0,0,0,0,0,0,0,0,0,0,0
2026_04_NYJ_CHI,00-0034344,2026,4,NYJ,0,0,0,0,0,0,0,0,0,0,0,0,0
2026_04_DEN_SF,00-0034348,2026,4,SF,0,0,0,0,0,0,0,1,6,4,0,0,0
2026_04_LAC_SEA,00-0034350,2026,4,LAC,0,0,0,0,0,0,0,0,0,0,0,0,0
2026_04_LAC_SEA,00-0034356,2026,4,SEA,0,0,0,0,0,0,0,0,0,0,0,0,0
2026_04_KC_LV,00-0034365,2026,4,KC,0,0,0,0,0,0,0,2,2,32,1,0,0
2026_04_IND_WAS,00-0034373,2026,4,IND,0,0,0,0,0,0,0,0,0,0,0,0,0
2026_04_KC_LV,00-0034376,2026,4,KC,0,0,0,0,0,0,0,0,0,0,0,0,0
2026_04_ARI_NYG,00-0034381,2026,4,NYG,0,0,0,0,0,0,0,0,0,0,0,0,0
2026_04_DAL_HOU,00-0034383,2026,4,DAL,0,0,0,0,0,0,0,2,2,9,0,0,0
2026_04_DET_CAR,00-0034384,2026,4,CAR,0,0,0,0,0,0,0,0,0,0,0,0,0
2026_04_DEN_SF,00-0034391,2026,4,DEN,0,0,0,0,0,0,0,0,0,0,0,0,0
2026_04_IND_WAS,00-0034397,2026,4,IND,0,0,0,0,0,0,0,0,0,0,0,0,0
2026_04_JAX_CIN,00-0034413,2026,4,CIN,0,0,0,0,0,0,0,0,0,0,0,0,0
2026_04_ARI_NYG,00-0034419,2026,4,ARI,0,0,0,0,0,0,0,0,1,0,0,0,0
2026_04_GB_TB,00-0034431,2026,4,TB,0,0,0,0,0,0,0,0,0,0,0,0,0
2026_04_JAX_CIN,00-0034437,2026,4,CIN,0,0,0,0,0,0,0,0,0,0,0,0,0
2026_04_IND_WAS,00-0034465,2026,4,IND,0,0,0,0,0,0,0,0,0,0,0,0,0
2026_04_JAX_CIN,00-0034473,2026,4,CIN,0,0,0,0,0,0,0,0,0,0,0,0,0
2026_04_IND_WAS,00-0034485,2026,4,WAS,0,0,0,0,0,0,0,0,0,0,0,0,0
2026_04_IND_WAS,00-0034573,2026,4,WAS,0,0,0,0,0,0,0,0,0,0,0,0,0
2026_04_JAX_CIN,00-0034613,2026,4,JAX,0,0,0,0,0,0,0,1,1,2,0,0,0
2026_04_ARI_NYG,00-0034673,2026,4,ARI,0,0,0,0,0,0,0,0,0,0,0,0,0
2026_04_NE_BUF,00-0034720,2026,4,BUF,0,0,0,0,0,0,0,0,0,0,0,0,0
2026_04_PIT_CLE,00-0034721,2026,4,PIT,0,0,0,0,0,0,0,0,0,0,0,0,0
2026_04_JAX_CIN,00-0034752,2026,4,JAX,0,0,0,0,0,0,0,0,0,0,0,0,0
2026_04_TEN_BAL,00-0034753,2026,4,TEN,0,0,0,0,0,0,0,5,6,27,1,0,0
2026_04_JAX_CIN,00-0034754,2026,4,JAX,0,0,0,0,0,0,0,0,0,0,0,0,0
2026_04_GB_TB,00-0034773,2026,4,GB,0,0,0,0,0,0,0,0,0,0,0,0,0
2026_04_NE_BUF,00-0034778,2026,4,BUF,0,0,0,0,0,0,0,0,0,0,0,0,0
2026_04_NYJ_CHI,00-0034782,2026,4,CHI,0,0,0,0,0,0,0,0,0,0,0,0,0
2026_04_NYJ_CHI,00-0034789,2026,4,CHI,0,0,0,0,0,0,0,0,0,0,0,0,0
2026_04_NYJ_CHI,00-0034794,2026,4,CHI,0,0,0,0,0,0,0,0,0,0,0,0,0
2026_04_TEN_BAL,00-0034796,2026,4,TEN,15,20,222,2,2,20,0,0,0,0,0,0,0
2026_04_TEN_BAL,00-0034798,2026,4,TEN,0,0,0,0,0,0,0,0,0,0,0,0,0
2026_04_TEN_BAL,00-0034805,2026,4,BAL,0,0,0,0,0,0,0,0,0,0,0,0,0
2026_04_DEN_SF,00-0034807,2026,4,DEN,0,0,0,0,0,0,0,0,0,0,0,0,0
2026_04_PIT_CLE,00-0034810,2026,4,CLE,0,0,0,0,0,0,0,0,0,0,0,0,0
2026_04_DEN_SF,00-0034815,2026,4,DEN,0,0,0,0,0,0,0,0,0,0,0,0,0
2026_04_IND_WAS,00-0034825,2026,4,WAS,0,0,0,0,0,0,0,0,0,0,0,0,0
2026_04_NE_BUF,00-0034827,2026,4,NE,0,0,0,0,1,6,0,1,2,11,0,0,0
2026_04_JAX_CIN,00-0034829,2026,4,JAX,0,0,0,0,0,0,0,3,5,40,1,0,0
2026_04_NE_BUF,00-0034832,2026,4,NE,0,0,0,0,0,0,0,0,0,0,0,0,0
2026_04_TEN_BAL,00-0034837,2026,4,BAL,0,0,0,0,0,0,0,1,2,13,0,0,0
2026_04_LA_PHI,00-0034844,2026,4,LA,0,0,0,0,2,8,0,1,1,2,0,0,0
2026_04_DEN_SF,00-0034847,2026,4,SF,0,0,0,0,0,0,0,0,0,0,0,0,0
2026_04_PIT_CLE,00-0034856,2026,4,PIT,0,0,0,0,0,0,0,0,0,0,0,0,0
2026_04_NE_BUF,00-0034857,2026,4,NE,23,33,253,1,5,4,1,0,0,0,0,1,0
2026_04_LAC_SEA,00-0034869,2026,4,LAC,13,22,168,2,3,6,0,0,0,0,0,1,0
2026_04_TEN_BAL,00-0034874,2026,4,TEN,0,0,0,0,0,0,0,0,0,0,0,0,0
2026_04_NE_BUF,00-0034941,2026,4,BUF,0,0,0,0,0,0,0,0,0,0,0,0,0
2026_04_NYJ_CHI,00-0034959,2026,4,CHI,0,0,0,0,0,0,0,0,0,0,0,0,0
2026_04_JAX_CIN,00-0034960,2026,4,CIN,0,0,0,0,0,0,0,3,4,33,0,0,0
2026_04_DAL_HOU,00-0034967,2026,4,HOU,0,0,0,0,0,0,0,0,0,0,0,0,0
2026_04_KC_LV,00-0034973,2026,4,KC,0,0,0,0,0,0,0,0,0,0,0,0,0
2026_04_LAC_SEA,00-0034974,2026,4,LAC,0,0,0,0,0,0,0,0,0,0,0,0,0
2026_04_TEN_BAL,00-0034975,2026,4,TEN,0,0,0,0,1,3,0,2,3,22,0,0,0
2026_04_DAL_HOU,00-0034981,2026,4,DAL,0,0,0,0,0,0,0,1,1,1,0,0,0
2026_04_DEN_SF,00-0034982,2026,4,DEN,0,0,0,0,0,0,0,0,0,0,0,0,0
2026_04_IND_WAS,00-0035021,2026,4,WAS,0,0,0,0,0,0,0,3,6,29,0,0,0
2026_04_GB_TB,00-0035133,2026,4,TB,0,0,0,0,0,0,0,0,0,0,0,0,0
2026_04_ARI_NYG,00-0035144,2026,4,NYG,0,0,0,0,0,0,0,0,0,0,0,0,0
2026_04_DET_CAR,00-0035156,2026,4,CAR,0,0,0,0,0,0,0,0,0,0,0,0,0
2026_04_KC_LV,00-0035190,2026,4,KC,0,0,0,0,0,0,0,0,0,0,0,0,0
2026_04_TEN_BAL,00-0035192,2026,4,BAL,0,0,0,0,0,0,0,0,0,0,0,0,0
2026_04_LAC_SEA,00-0035202,2026,4,SEA,0,0,0,0,0,0,0,0,0,0,0,0,0
2026_04_MIA_MIN,00-0035228,2026,4,MIA,27,37,247,0,6,16,0,0,0,0,0,0,0
2026_04_MIA_MIN,00-0035229,2026,4,MIA,0,0,0,0,0,0,0,13,13,119,0,0,0
2026_04_NE_BUF,00-0035230,2026,4,NE,0,0,0,0,0,0,0,0,0,0,0,0,0
2026_04_MIA_MIN,00-0035236,2026,4,MIA,0,0,0,0,0,0,0,0,0,0,0,0,0
2026_04_DEN_SF,00-0035248,2026,4,SF,0,0,0,0,0,0,0,0,0,0,0,0,0
2026_04_NE_BUF,00-0035253,2026,4,NE,0,0,0,0,0,0,0,0,0,0,0,0,0
2026_04_GB_TB,00-0035254,2026,4,GB,0,0,0,0,0,0,0,0,0,0,0,0,0
2026_04_TEN_BAL,00-0035261,2026,4,BAL,0,0,0,0,16,48,1,2,4,2,0,0,0
2026_04_KC_LV,00-0035262,2026,4,LV,0,0,0,0,0,0,0,0,0,0,0,0,0
2026_04_KC_LV,00-0035269,2026,4,KC,0,0,0,0,0,0,0,0,0,0,0,0,0
2026_04_MIA_MIN,00-0035272,2026,4,MIA,0,0,0,0,0,0,0,0,0,0,0,0,0
2026_04_MIA_MIN,00-0035276,2026,4,MIA,0,0,0,0,0,0,0,0,0,0,0,0,0
2026_04_PIT_CLE,00-0035286,2026,4,CLE,0,0,0,0,0,0,0,0,0,0,0,0,0
2026_04_DET_CAR,00-0035352,2026,4,DET,0,0,0,0,0,0,0,0,0,0,0,0,0
2026_04_GB_TB,00-0035358,2026,4,GB,0,0,0,0,0,0,0,0,0,0,0,0,0
2026_04_JAX_CIN,00-0035363,2026,4,JAX,0,0,0,0,0,0,0,0,0,0,0,0,0
2026_04_ARI_NYG,00-0035378,2026,4,NYG,0,0,0,0,0,0,0,0,0,0,0,0,0
2026_04_NYJ_CHI,00-0035386,2026,4,NYJ,0,0,0,0,0,0,0,0,0,0,0,0,0
2026_04_DEN_SF,00-0035413,2026,4,DEN,0,0,0,0,0,0,0,0,0,0,0,0,0
2026_04_NE_BUF,00-0035500,2026,4,NE,0,0,0,0,0,0,0,0,0,0,0,0,0
2026_04_NYJ_CHI,00-0035525,2026,4,NYJ,0,0,0,0,0,0,0,0,0,0,0,0,0
2026_04_NE_BUF,00-0035537,2026,4,NE,0,0,0,0,1,3,0,2,2,9,0,0,0
2026_04_DET_CAR,00-0035544,2026,4,CAR,0,0,0,0,0,0,0,0,0,0,0,0,0
2026_04_IND_WAS,00-0035567,2026,4,IND,0,0,0,0,2,4,0,0,0,0,0,0,0
2026_04_PIT_CLE,00-0035594,2026,4,CLE,0,0,0,0,2,-1,0,0,0,0,0,0,0
2026_04_LA_PHI,00-0035602,2026,4,PHI,0,0,0,0,0,0,0,0,0,0,0,0,0
2026_04_TEN_BAL,00-0035632,2026,4,BAL,0,0,0,0,0,0,0,0,0,0,0,0,0
2026_04_ARI_NYG,00-0035636,2026,4,NYG,0,0,0,0,0,0,0,0,0,0,0,0,0
2026_04_PIT_CLE,00-0035640,2026,4,CLE,0,0,0,0,0,0,0,5,9,115,0,0,0
2026_04_JAX_CIN,00-0035642,2026,4,CIN,0,0,0,0,0,0,0,0,0,0,0,0,0
2026_04_TEN_BAL,00-0035643,2026,4,BAL,0,0,0,0,0,0,0,0,0,0,0,0,0
2026_04_NYJ_CHI,00-0035647,2026,4,NYJ,0,0,0,0,0,0,0,0,0,0,0,0,0
2026_04_NE_BUF,00-0035667,2026,4,NE,0,0,0,0,0,0,0,0,0,0,0,0,0
2026_04_DET_CAR,00-0035669,2026,4,DET,0,0,0,0,0,0,0,0,0,0,0,0,0
2026_04_TEN_BAL,00-0035672,2026,4,BAL,0,0,0,0,0,0,0,0,0,0,0,0,0
2026_04_IND_WAS,00-0035674,2026,4,WAS,0,0,0,0,0,0,0,0,0,0,0,0,0
2026_04_NE_BUF,00-0035679,2026,4,NE,0,0,0,0,0,0,0,0,0,0,0,0,0
2026_04_PIT_CLE,00-0035680,2026,4,PIT,0,0,0,0,0,0,0,0,0,0,0,0,0
2026_04_JAX_CIN,00-0035683,2026,4,JAX,0,0,0,0,0,0,0,0,0,0,0,0,0
2026_04_DAL_HOU,00-0035685,2026,4,DAL,0,0,0,0,10,24,0,0,0,19,0,0,0
2026_04_DET_CAR,00-0035687,2026,4,DET,0,0,0,0,0,0,0,0,0,0,0,0,0
2026_04_NE_BUF,00-0035689,2026,4,NE,0,0,0,0,0,0,0,2,2,13,0,0,0
2026_04_PIT_CLE,00-0035699,2026,4,CLE,0,0,0,0,0,0,0,0,0,0,0,0,0
2026_04_IND_WAS,00-0035710,2026,4,WAS,19,34,143,0,4,2,1,0,0,0,0,1,1
2026_04_DAL_HOU,00-0035718,2026,4,HOU,0,0,0,0,0,0,0,0,0,0,0,0,0
2026_04_DEN_SF,00-0035719,2026,4,DEN,0,0,0,0,3,44,0,5,6,26,1,0,0
2026_04_DEN_SF,00-0035763,2026,4,SF,0,0,0,0,0,0,0,0,0,0,0,0,0
2026_04_DEN_SF,00-0035821,2026,4,DEN,0,0,0,0,0,0,0,0,0,0,0,0,0
2026_04_ARI_NYG,00-0035859,2026,4,NYG,0,0,0,0,0,0,0,0,0,0,0,0,0
2026_04_TEN_BAL,00-0035889,2026,4,BAL,0,0,0,0,0,0,0,0,0,0,0,0,0
2026_04_KC_LV,00-0035891,2026,4,KC,0,0,0,0,0,0,0,2,4,36,0,0,0
2026_04_KC_LV,00-0035900,2026,4,LV,0,0,0,0,0,0,0,0,0,0,0,0,0
2026_04_NE_BUF,00-0035933,2026,4,NE,0,0,0,0,0,0,0,0,0,0,0,0,0
2026_04_GB_TB,00-0035942,2026,4,GB,0,0,0,0,0,0,0,0,0,0,0,0,0
2026_04_TEN_BAL,00-0035993,2026,4,TEN,8,9,63,0,4,16,0,0,0,0,0,0,0
2026_04_NE_BUF,00-0036037,2026,4,NE,0,0,0,0,0,0,0,0,0,0,0,0,0
2026_04_TEN_BAL,00-0036081,2026,4,TEN,0,0,0,0,0,0,0,0,0,0,0,0,0
2026_04_DET_CAR,00-0036124,2026,4,CAR,0,0,0,0,0,0,0,0,0,0,0,0,0
2026_04_TEN_BAL,00-0036130,2026,4,TEN,0,0,0,0,0,0,0,0,0,0,0,0,0
2026_04_DEN_SF,00-0036158,2026,4,SF,0,0,0,0,11,40,0,2,2,12,0,0,0
2026_04_MIA_MIN,00-0036159,2026,4,MIN,0,0,0,0,0,0,0,0,0,0,0,0,0
2026_04_NE_BUF,00-0036162,2026,4,NE,0,0,0,0,0,0,0,0,0,0,0,0,0
2026_04_LAC_SEA,00-0036181,2026,4,SEA,0,0,0,0,0,0,0,0,0,0,0,0,0
2026_04_IND_WAS,00-0036182,2026,4,WAS,0,0,0,0,0,0,0,0,0,0,0,0,0
2026_04_LA_PHI,00-0036192,2026,4,LA,0,0,0,0,0,0,0,0,0,0,0,0,0
2026_04_DET_CAR,00-0036220,2026,4,DET,0,0,0,0,0,0,0,0,0,0,0,0,0
2026_04_DEN_SF,00-0036221,2026,4,SF,0,0,0,0,0,0,0,0,0,0,0,0,0
2026_04_MIA_MIN,00-0036222,2026,4,MIA,0,0,0,0,0,0,0,0,0,0,0,0,0
2026_04_IND_WAS,00-0036223,2026,4,WAS,0,0,0,0,20,95,2,1,4,2,0,0,0
2026_04_LA_PHI,00-0036224,2026,4,LA,0,0,0,0,0,0,0,0,0,0,0,0,0
2026_04_LA_PHI,00-0036237,2026,4,PHI,0,0,0,0,0,0,0,0,0,0,0,0,0
2026_04_ARI_NYG,00-0036246,2026,4,ARI,0,0,0,0,0,0,0,0,0,0,0,0,0
2026_04_PIT_CLE,00-0036252,2026,4,CLE,0,0,0,0,0,0,0,2,4,15,0,0,0
2026_04_DEN_SF,00-0036256,2026,4,DEN,0,0,0,0,0,0,0,0,0,0,0,0,0
2026_04_MIA_MIN,00-0036259,2026,4,MIA,0,0,0,0,0,0,0,1,1,8,0,0,0
2026_04_IND_WAS,00-0036260,2026,4,IND,0,0,0,0,0,0,0,0,0,0,0,0,0
2026_04_JAX_CIN,00-0036262,2026,4,CIN,0,0,0,0,0,0,0,0,0,0,0,0,0
2026_04_GB_TB,00-0036264,2026,4,TB,22,30,197,2,4,-8,0,0,0,0,0,1,0
2026_04_DET_CAR,00-0036265,2026,4,DET,0,0,0,0,5,2,0,1,1,5,0,0,0
2026_04_TEN_BAL,00-0036266,2026,4,BAL,0,0,0,0,0,0,0,0,0,0,0,0,0
2026_04_NYJ_CHI,00-0036275,2026,4,NYJ,0,0,0,0,15,58,0,2,2,16,0,0,1
2026_04_PIT_CLE,00-0036282,2026,4,PIT,0,0,0,0,0,0,0,0,0,0,0,0,0
2026_04_IND_WAS,00-0036286,2026,4,IND,0,0,0,0,0,0,0,0,0,0,0,0,0
2026_04_NYJ_CHI,00-0036290,2026,4,NYJ,0,0,0,0,0,0,0,2,2,13,0,0,0
2026_04_KC_LV,00-0036293,2026,4,KC,0,0,0,0,0,0,0,0,0,0,0,0,0
2026_04_IND_WAS,00-0036298,2026,4,WAS,0,0,0,0,0,0,0,0,0,0,0,0,0
2026_04_TEN_BAL,00-0036302,2026,4,TEN,0,0,0,0,0,0,0,0,0,0,0,0,0
2026_04_DET_CAR,00-0036305,2026,4,DET,0,0,0,0,0,0,0,0,0,0,0,0,0
2026_04_PIT_CLE,00-0036306,2026,4,PIT,0,0,0,0,0,0,0,0,0,0,0,0,0
2026_04_NE_BUF,00-0036307,2026,4,BUF,0,0,0,0,0,0,0,0,0,0,0,0,0
2026_04_ARI_NYG,00-0036309,2026,4,ARI,0,0,0,0,0,0,0,0,2,0,0,0,0
2026_04_LA_PHI,00-0036313,2026,4,LA,0,0,0,0,0,0,0,0,0,0,0,0,0
2026_04_PIT_CLE,00-0036323,2026,4,CLE,0,0,0,0,0,0,0,0,0,0,0,0,0
2026_04_DET_CAR,00-0036325,2026,4,DET,0,0,0,0,0,0,0,0,0,0,0,0,0
2026_04_JAX_CIN,00-0036327,2026,4,CIN,0,0,0,0,0,0,0,0,0,0,0,0,0
2026_04_ARI_NYG,00-0036331,2026,4,NYG,0,0,0,0,0,0,0,0,0,0,0,0,0
2026_04_PIT_CLE,00-0036333,2026,4,CLE,0,0,0,0,0,0,0,0,0,0,0,0,0
2026_04_DET_CAR,00-0036335,2026,4,CAR,0,0,0,0,0,0,0,0,0,0,0,0,0
2026_04_LAC_SEA,00-0036338,2026,4,SEA,0,0,0,0,0,0,0,0,0,0,0,0,0
2026_04_DEN_SF,00-0036341,2026,4,DEN,0,0,0,0,0,0,0,0,0,0,0,0,0
2026_04_MIA_MIN,00-0036348,2026,4,MIA,0,0,0,0,0,0,0,0,0,0,0,0,0
2026_04_LA_PHI,00-0036349,2026,4,PHI,0,0,0,0,0,0,0,0,0,0,0,0,0
2026_04_LAC_SEA,00-0036355,2026,4,SEA,19,31,189,1,6,40,0,0,1,0,0,2,1
2026_04_DET_CAR,00-0036356,2026,4,DET,0,0,0,0,0,0,0,0,0,0,0,0,0
2026_04_DAL_HOU,00-0036358,2026,4,HOU,0,0,0,0,1,-6,0,17,21,189,1,0,0
2026_04_MIA_MIN,00-0036362,2026,4,MIN,0,0,0,0,0,0,0,0,0,0,0,0,0
2026_04_LAC_SEA,00-0036363,2026,4,LAC,0,0,0,0,0,0,0,0,0,0,0,0,0
2026_04_NYJ_CHI,00-0036366,2026,4,NYJ,0,0,0,0,0,0,0,0,0,0,0,0,0
2026_04_KC_LV,00-0036374,2026,4,LV,0,0,0,0,0,0,0,0,0,0,0,0,0
2026_04_IND_WAS,00-0036375,2026,4,IND,0,0,0,0,0,0,0,0,0,0,0,0,0
2026_04_KC_LV,00-0036380,2026,4,LV,0,0,0,0,0,0,0,0,0,0,0,0,0
2026_04_GB_TB,00-0036388,2026,4,TB,0,0,0,0,0,0,0,0,0,0,0,0,0
2026_04_LA_PHI,00-0036389,2026,4,LA,12,27,93,2,5,18,0,0,0,0,0,0,0
2026_04_PIT_CLE,00-0036407,2026,4,PIT,0,0,0,0,0,0,0,3,3,36,0,0,0
2026_04_MIA_MIN,00-0036409,2026,4,MIN,0,0,0,0,0,0,0,0,0,0,0,0,0
2026_04_JAX_CIN,00-0036410,2026,4,JAX,0,0,0,0,0,0,0,11,16,157,0,0,0
2026_04_GB_TB,00-0036411,2026,4,GB,0,0,0,0,0,0,0,0,0,0,0,0,0
2026_04_KC_LV,00-0036416,2026,4,LV,0,0,0,0,0,0,0,0,0,0,0,0,0
2026_04_TEN_BAL,00-0036421,2026,4,BAL,0,0,0,0,0,0,0,0,0,0,0,0,0
2026_04_DEN_SF,00-0036422,2026,4,SF,0,0,0,0,0,0,0,0,1,0,0,0,0
2026_04_MIA_MIN,00-0036425,2026,4,MIA,0,0,0,0,0,0,0,1,1,10,0,0,0
2026_04_DEN_SF,00-0036428,2026,4,SF,0,0,0,0,0,0,0,0,0,0,0,0,0
2026_04_DAL_HOU,00-0036441,2026,4,DAL,0,0,0,0,0,0,0,0,0,0,0,0,0
2026_04_JAX_CIN,00-0036442,2026,4,JAX,39,54,428,1,3,6,1,0,0,0,0,2,0
2026_04_NYJ_CHI,00-0036480,2026,4,NYJ,0,0,0,0,0,0,0,0,0,0,0,0,0
2026_04_NYJ_CHI,00-0036500,2026,4,CHI,0,0,0,0,0,0,0,0,0,0,0,0,0
2026_04_LA_PHI,00-0036501,2026,4,LA,0,0,0,0,0,0,0,0,0,0,0,0,0
2026_04_TEN_BAL,00-0036550,2026,4,TEN,0,0,0,0,0,0,0,2,2,46,0,0,0
2026_04_DAL_HOU,00-0036554,2026,4,DAL,0,0,0,0,0,0,0,7,8,118,2,0,0
2026_04_DET_CAR,00-0036555,2026,4,DET,0,0,0,0,20,122,2,1,2,7,0,0,0
2026_04_DAL_HOU,00-0036556,2026,4,DAL,0,0,0,0,0,0,0,1,1,13,0,0,0
2026_04_DEN_SF,00-0036563,2026,4,DEN,0,0,0,0,0,0,0,0,0,0,0,0,0
2026_04_DEN_SF,00-0036564,2026,4,SF,0,0,0,0,0,0,0,0,0,0,0,0,0
2026_04_ARI_NYG,00-0036568,2026,4,NYG,0,0,0,0,0,0,0,0,0,0,0,0,0
2026_04_JAX_CIN,00-0036590,2026,4,CIN,0,0,0,0,0,0,0,0,0,0,0,0,0
2026_04_LA_PHI,00-0036603,2026,4,PHI,0,0,0,0,0,0,0,0,0,0,0,0,0
2026_04_DEN_SF,00-0036613,2026,4,SF,0,0,0,0,0,0,0,5,6,35,1,0,0
2026_04_PIT_CLE,00-0036617,2026,4,CLE,0,0,0,0,0,0,0,0,0,0,0,0,0
2026_04_KC_LV,00-0036621,2026,4,LV,0,0,0,0,0,0,0,0,0,0,0,0,0
2026_04_KC_LV,00-0036623,2026,4,LV,0,0,0,0,0,0,0,0,0,0,0,0,0
2026_04_DET_CAR,00-0036624,2026,4,CAR,0,0,0,0,0,0,0,0,0,0,0,0,0
2026_04_IND_WAS,00-0036626,2026,4,IND,0,0,0,0,0,0,0,3,4,65,0,0,0
2026_04_IND_WAS,00-0036629,2026,4,WAS,0,0,0,0,0,0,0,0,0,0,0,0,0
2026_04_KC_LV,00-0036637,2026,4,LV,0,0,0,0,0,0,0,2,3,17,0,0,0
2026_04_JAX_CIN,00-0036642,2026,4,JAX,0,0,0,0,0,0,0,0,0,0,0,0,0
2026_04_ARI_NYG,00-0036646,2026,4,NYG,0,0,0,0,0,0,0,0,0,0,0,0,0
2026_04_DET_CAR,00-0036653,2026,4,DET,0,0,0,0,0,0,0,0,0,0,0,0,0
2026_04_GB_TB,00-0036658,2026,4,TB,0,0,0,0,0,0,0,0,0,0,0,0,0
2026_04_LA_PHI,00-0036672,2026,4,PHI,0,0,0,0,0,0,0,0,0,0,0,0,0
2026_04_MIA_MIN,00-0036677,2026,4,MIN,0,0,0,0,0,0,0,0,0,0,0,0,0
2026_04_MIA_MIN,00-0036682,2026,4,MIN,0,0,0,0,0,0,0,0,0,0,0,0,0
2026_04_DEN_SF,00-0036683,2026,4,SF,0,0,0,0,0,0,0,0,0,0,0,0,0
2026_04_DEN_SF,00-0036695,2026,4,DEN,0,0,0,0,0,0,0,0,0,0,0,0,0
2026_04_DET_CAR,00-0036716,2026,4,CAR,0,0,0,0,0,0,0,0,0,0,0,0,0
2026_04_DEN_SF,00-0036727,2026,4,SF,0,0,0,0,0,0,0,0,0,0,0,0,0
2026_04_DET_CAR,00-0036754,2026,4,CAR,0,0,0,0,0,0,0,1,2,8,0,0,0
2026_04_NE_BUF,00-0036813,2026,4,BUF,0,0,0,0,0,0,0,0,0,0,0,0,0
2026_04_MIA_MIN,00-0036816,2026,4,MIN,0,0,0,0,0,0,0,0,0,0,0,0,0
2026_04_DET_CAR,00-0036825,2026,4,DET,0,0,0,0,0,0,0,0,0,0,0,0,0
2026_04_NYJ_CHI,00-0036842,2026,4,CHI,0,0,0,0,0,0,0,0,0,0,0,0,0
2026_04_LA_PHI,00-0036849,2026,4,PHI,0,0,0,0,0,0,0,1,1,8,0,0,0
2026_04_JAX_CIN,00-0036854,2026,4,JAX,0,0,0,0,0,0,0,0,0,0,0,0,0
2026_04_PIT_CLE,00-0036862,2026,4,CLE,0,0,0,0,0,0,0,1,2,7,0,0,0
2026_04_DEN_SF,00-0036874,2026,4,SF,0,0,0,0,0,0,0,0,0,0,0,0,0
2026_04_NE_BUF,00-0036875,2026,4,BUF,0,0,0,0,13,47,1,3,5,27,0,0,0
2026_04_DAL_HOU,00-0036883,2026,4,DAL,0,0,0,0,0,0,0,0,0,0,0,0,0
2026_04_DEN_SF,00-0036887,2026,4,DEN,0,0,0,0,0,0,0,0,0,0,0,0,0
2026_04_NE_BUF,00-0036888,2026,4,NE,0,0,0,0,0,0,0,0,0,0,0,0,0
2026_04_ARI_NYG,00-0036893,2026,4,ARI,0,0,0,0,9,30,0,0,0,0,0,0,1
2026_04_PIT_CLE,00-0036894,2026,4,CLE,0,0,0,0,0,0,0,3,5,17,1,0,0
2026_04_JAX_CIN,00-0036900,2026,4,JAX,0,0,0,0,0,0,0,3,3,27,0,0,0
2026_04_KC_LV,00-0036901,2026,4,KC,0,0,0,0,0,0,0,0,0,0,0,0,0
2026_04_NYJ_CHI,00-0036902,2026,4,CHI,0,0,0,0,0,0,0,0,0,0,0,0,0
2026_04_DET_CAR,00-0036903,2026,4,DET,0,0,0,0,0,0,0,0,0,0,0,0,0
2026_04_DET_CAR,00-0036904,2026,4,DET,0,0,0,0,0,0,0,0,0,0,0,0,0
2026_04_KC_LV,00-0036909,2026,4,LV,0,0,0,0,1,0,0,0,0,0,0,0,0
2026_04_NE_BUF,00-0036914,2026,4,NE,0,0,0,0,0,0,0,0,0,0,0,0,0
2026_04_NE_BUF,00-0036916,2026,4,BUF,0,0,0,0,0,0,0,0,0,0,0,0,0
2026_04_GB_TB,00-0036919,2026,4,GB,0,0,0,0,3,5,0,2,2,22,1,0,0
2026_04_KC_LV,00-0036922,2026,4,KC,0,0,0,0,0,0,0,0,0,0,0,0,0
2026_04_ARI_NYG,00-0036933,2026,4,NYG,0,0,0,0,0,0,0,0,0,0,0,0,0
2026_04_DET_CAR,00-0036934,2026,4,DET,0,0,0,0,0,0,0,0,0,0,0,0,0
2026_04_IND_WAS,00-0036940,2026,4,IND,0,0,0,0,0,0,0,0,0,0,0,0,0
2026_04_NYJ_CHI,00-0036941,2026,4,CHI,0,0,0,0,0,0,0,0,0,0,0,0,0
2026_04_DEN_SF,00-0036942,2026,4,DEN,0,0,0,0,0,0,0,0,0,0,0,0,0
2026_04_DET_CAR,00-0036954,2026,4,CAR,0,0,0,0,0,0,0,0,0,0,0,0,0
2026_04_DET_CAR,00-0036962,2026,4,DET,0,0,0,0,0,0,0,0,0,0,0,0,0
2026_04_DET_CAR,00-0036963,2026,4,CAR,0,0,0,0,0,0,0,8,11,75,0,0,0
2026_04_DET_CAR,00-0036964,2026,4,CAR,0,0,0,0,0,0,0,0,0,0,0,0,0
2026_04_JAX_CIN,00-0036971,2026,4,CIN,18,23,227,1,3,0,0,0,0,0,0,0,0
2026_04_PIT_CLE,00-0036974,2026,4,PIT,0,0,0,0,0,0,0,0,0,0,0,0,0
2026_04_ARI_NYG,00-0036982,2026,4,ARI,0,0,0,0,0,0,0,0,0,0,0,0,0
2026_04_JAX_CIN,00-0036985,2026,4,CIN,0,0,0,0,0,0,0,0,0,0,0,0,0
2026_04_NYJ_CHI,00-0036987,2026,4,CHI,0,0,0,0,0,0,0,0,0,0,0,0,0
2026_04_NE_BUF,00-0036988,2026,4,NE,0,0,0,0,0,0,0,1,4,3,0,0,0
2026_04_LAC_SEA,00-0036992,2026,4,SEA,0,0,0,0,0,0,0,0,0,0,0,0,0
2026_04_LAC_SEA,00-0036994,2026,4,LAC,0,0,0,0,0,0,0,0,0,0,0,0,0
2026_04_ARI_NYG,00-0036995,2026,4,NYG,0,0,0,0,0,0,0,0,0,0,0,0,0
2026_04_ARI_NYG,00-0036996,2026,4,ARI,0,0,0,0,0,0,0,0,0,0,0,0,0
2026_04_DAL_HOU,00-0036997,2026,4,HOU,0,0,0,0,19,62,3,5,5,21,0,0,0
2026_04_ARI_NYG,00-0036998,2026,4,ARI,0,0,0,0,0,0,0,0,0,0,0,0,0
2026_04_DEN_SF,00-0037001,2026,4,SF,0,0,0,0,0,0,0,0,0,0,0,0,0
2026_04_ARI_NYG,00-0037004,2026,4,NYG,0,0,0,0,0,0,0,1,1,10,0,0,0
2026_04_DET_CAR,00-0037005,2026,4,DET,0,0,0,0,0,0,0,4,4,12,0,0,0
2026_04_DET_CAR,00-0037007,2026,4,DET,0,0,0,0,0,0,0,0,0,0,0,0,0
2026_04_LAC_SEA,00-0037009,2026,4,SEA,0,0,0,0,0,0,0,0,0,0,0,0,0
2026_04_NE_BUF,00-0037034,2026,4,NE,0,0,0,0,0,0,0,0,0,0,0,0,0
2026_04_DAL_HOU,00-0037051,2026,4,HOU,0,0,0,0,0,0,0,0,0,0,0,0,0
2026_04_LA_PHI,00-0037073,2026,4,LA,0,0,0,0,0,0,0,0,0,0,0,0,0
2026_04_KC_LV,00-0037074,2026,4,KC,0,0,0,0,0,0,0,0,0,0,0,0,0
2026_04_GB_TB,00-0037075,2026,4,TB,0,0,0,0,0,0,0,0,0,0,0,0,0
2026_04_LA_PHI,00-0037079,2026,4,LA,0,0,0,0,0,0,0,0,0,0,0,0,0
2026_04_DAL_HOU,00-0037082,2026,4,DAL,0,0,0,0,0,0,0,0,0,0,0,0,0
2026_04_DEN_SF,00-0037085,2026,4,SF,0,0,0,0,2,7,0,2,2,32,0,0,0
2026_04_GB_TB,00-0037091,2026,4,TB,0,0,0,0,0,0,0,0,1,0,0,0,0
2026_04_IND_WAS,00-0037092,2026,4,IND,0,0,0,0,0,0,0,0,0,0,0,0,0
2026_04_KC_LV,00-0037093,2026,4,KC,0,0,0,0,0,0,0,1,2,9,0,0,0
2026_04_NYJ_CHI,00-0037096,2026,4,NYJ,0,0,0,0,0,0,0,0,0,0,0,0,0
2026_04_DAL_HOU,00-0037120,2026,4,HOU,0,0,0,0,3,12,0,0,1,0,0,0,0
2026_04_DAL_HOU,00-0037130,2026,4,DAL,0,0,0,0,0,0,0,0,0,0,0,0,0
2026_04_LA_PHI,00-0037132,2026,4,LA,0,0,0,0,0,0,0,0,0,0,0,0,0
2026_04_LAC_SEA,00-0037137,2026,4,LAC,0,0,0,0,0,0,0,0,0,0,0,0,0
2026_04_TEN_BAL,00-0037155,2026,4,BAL,0,0,0,0,0,0,0,0,0,0,0,0,0
2026_04_IND_WAS,00-0037190,2026,4,WAS,0,0,0,0,0,0,0,0,0,0,0,0,0
2026_04_LA_PHI,00-0037191,2026,4,PHI,0,0,0,0,0,0,0,0,0,0,0,0,0
2026_04_KC_LV,00-0037192,2026,4,LV,0,0,0,0,0,0,0,0,0,0,0,0,0
2026_04_KC_LV,00-0037208,2026,4,LV,0,0,0,0,0,0,0,0,0,0,0,0,0
2026_04_LAC_SEA,00-0037224,2026,4,SEA,0,0,0,0,0,0,0,0,0,0,0,0,0
2026_04_PIT_CLE,00-0037228,2026,4,CLE,0,0,0,0,17,93,0,3,6,33,0,0,0
2026_04_JAX_CIN,00-0037235,2026,4,CIN,0,0,0,0,0,0,0,0,0,0,0,0,0
2026_04_DET_CAR,00-0037236,2026,4,CAR,0,0,0,0,0,0,0,0,0,0,0,0,0
2026_04_DAL_HOU,00-0037237,2026,4,DAL,0,0,0,0,0,0,0,0,0,0,0,0,0
2026_04_DET_CAR,00-0037240,2026,4,CAR,0,0,0,0,0,0,0,6,8,102,0,0,0
2026_04_LAC_SEA,00-0037241,2026,4,SEA,0,0,0,0,0,0,0,0,0,0,0,0,0
2026_04_DET_CAR,00-0037244,2026,4,DET,0,0,0,0,0,0,0,0,0,0,0,0,0
2026_04_DAL_HOU,00-0037246,2026,4,DAL,0,0,0,0,0,0,0,0,0,0,0,0,0
2026_04_DAL_HOU,00-0037247,2026,4,HOU,0,0,0,0,0,0,0,2,3,75,0,0,0
2026_04_NE_BUF,00-0037248,2026,4,NE,0,0,0,0,12,75,1,2,2,8,0,0,0
2026_04_DEN_SF,00-0037249,2026,4,SF,0,0,0,0,0,0,0,0,0,0,0,0,0
2026_04_NE_BUF,00-0037253,2026,4,BUF,0,0,0,0,0,0,0,0,0,0,0,0,0
2026_04_NE_BUF,00-0037254,2026,4,NE,0,0,0,0,0,0,0,0,0,0,0,0,0
2026_04_ARI_NYG,00-0037259,2026,4,ARI,0,0,0,0,0,0,0,0,0,0,0,0,0
2026_04_NE_BUF,00-0037261,2026,4,NE,0,0,0,0,0,0,0,7,8,82,0,0,1
2026_04_KC_LV,00-0037262,2026,4,KC,0,0,0,0,0,0,0,0,0,0,0,0,0
2026_04_ARI_NYG,00-0037263,2026,4,NYG,0,0,0,0,8,42,1,2,2,7,0,0,0
2026_04_GB_TB,00-0037268,2026,4,GB,0,0,0,0,0,0,0,0,0,0,0,0,0
2026_04_DAL_HOU,00-0037270,2026,4,HOU,0,0,0,0,0,0,0,0,0,0,0,0,0
2026_04_NYJ_CHI,00-0037271,2026,4,NYJ,0,0,0,0,0,0,0,0,0,0,0,0,0
2026_04_DAL_HOU,00-0037275,2026,4,HOU,0,0,0,0,0,0,0,0,0,0,0,0,0
2026_04_KC_LV,00-0037284,2026,4,LV,0,0,0,0,1,12,0,0,0,0,0,0,0
2026_04_DET_CAR,00-0037289,2026,4,CAR,0,0,0,0,0,0,0,0,0,0,0,0,0
2026_04_IND_WAS,00-0037292,2026,4,WAS,0,0,0,0,0,0,0,0,0,0,0,0,0
2026_04_DEN_SF,00-0037294,2026,4,SF,0,0,0,0,0,0,0,0,0,0,0,0,0
2026_04_MIA_MIN,00-0037301,2026,4,MIA,0,0,0,0,0,0,0,0,0,0,0,0,0
2026_04_KC_LV,00-0037304,2026,4,KC,0,0,0,0,2,-4,0,1,1,9,0,0,0
2026_04_LAC_SEA,00-0037320,2026,4,SEA,0,0,0,0,0,0,0,0,0,0,0,0,0
2026_04_LAC_SEA,00-0037323,2026,4,LAC,0,0,0,0,0,0,0,0,0,0,0,0,0
2026_04_DEN_SF,00-0037384,2026,4,SF,0,0,0,0,0,0,0,0,0,0,0,0,0
2026_04_DAL_HOU,00-0037457,2026,4,DAL,0,0,0,0,0,0,0,0,0,0,0,0,0
2026_04_NE_BUF,00-0037493,2026,4,BUF,0,0,0,0,0,0,0,0,0,0,0,0,0
2026_04_DET_CAR,00-0037524,2026,4,CAR,0,0,0,0,0,0,0,0,0,0,0,0,0
2026_04_KC_LV,00-0037527,2026,4,KC,0,0,0,0,0,0,0,0,0,0,0,0,0
2026_04_LAC_SEA,00-0037545,2026,4,LAC,0,0,0,0,2,33,1,1,3,20,0,0,0
2026_04_GB_TB,00-0037547,2026,4,TB,0,0,0,0,0,0,0,0,0,0,0,0,0
2026_04_DAL_HOU,00-0037561,2026,4,HOU,0,0,0,0,0,0,0,0,0,0,0,0,0
2026_04_LA_PHI,00-0037587,2026,4,PHI,0,0,0,0,0,0,0,0,0,0,0,0,0
2026_04_TEN_BAL,00-0037594,2026,4,BAL,0,0,0,0,0,0,0,0,0,0,0,0,0
2026_04_ARI_NYG,00-0037596,2026,4,NYG,0,0,0,0,0,0,0,0,0,0,0,0,0
2026_04_ARI_NYG,00-0037611,2026,4,ARI,0,0,0,0,0,0,0,0,0,0,0,0,0
2026_04_DET_CAR,00-0037614,2026,4,DET,0,0,0,0,0,0,0,3,5,37,0,0,0
2026_04_KC_LV,00-0037615,2026,4,KC,0,0,0,0,0,0,0,0,0,0,0,0,0
2026_04_TEN_BAL,00-0037663,2026,4,BAL,0,0,0,0,0,0,0,0,0,0,0,0,0
2026_04_PIT_CLE,00-0037665,2026,4,PIT,0,0,0,0,0,0,0,0,0,0,0,0,0
2026_04_MIA_MIN,00-0037666,2026,4,MIN,0,0,0,0,0,0,0,0,1,0,0,0,0
2026_04_DAL_HOU,00-0037692,2026,4,HOU,0,0,0,0,0,0,0,0,0,0,0,0,0
2026_04_NYJ_CHI,00-0037740,2026,4,CHI,0,0,0,0,0,0,0,3,4,27,0,0,0
2026_04_IND_WAS,00-0037742,2026,4,IND,0,0,0,0,0,0,0,1,3,47,1,0,0
2026_04_JAX_CIN,00-0037743,2026,4,JAX,0,0,0,0,0,0,0,0,0,0,0,0,0
2026_04_ARI_NYG,00-0037744,2026,4,NYG,0,0,0,0,0,0,0,7,12,31,0,0,0
2026_04_IND_WAS,00-0037753,2026,4,WAS,0,0,0,0,0,0,0,0,0,0,0,0,0
2026_04_NYJ_CHI,00-0037755,2026,4,CHI,0,0,0,0,0,0,0,1,1,11,0,0,0
2026_04_TEN_BAL,00-0037758,2026,4,BAL,0,0,0,0,0,0,0,0,0,0,0,0,0
2026_04_DAL_HOU,00-0037801,2026,4,HOU,0,0,0,0,0,0,0,0,0,0,0,0,0
2026_04_IND_WAS,00-0037809,2026,4,IND,0,0,0,0,0,0,0,2,4,5,0,0,0
2026_04_DET_CAR,00-0037814,2026,4,DET,0,0,0,0,0,0,0,0,0,0,0,0,0
2026_04_NE_BUF,00-0037816,2026,4,BUF,0,0,0,0,0,0,0,6,9,58,2,0,0
2026_04_PIT_CLE,00-0037818,2026,4,PIT,0,0,0,0,0,0,0,0,0,0,0,0,0
2026_04_KC_LV,00-0037829,2026,4,KC,0,0,0,0,0,0,0,0,0,0,0,0,0
2026_04_DEN_SF,00-0037834,2026,4,DEN,19,30,218,2,10,29,0,0,0,0,0,0,0
2026_04_ARI_NYG,00-0037838,2026,4,ARI,0,0,0,0,0,0,0,7,12,66,0,0,0
2026_04_LA_PHI,00-0037840,2026,4,PHI,0,0,0,0,16,80,2,10,13,67,0,0,0
2026_04_LA_PHI,00-0037841,2026,4,PHI,0,0,0,0,0,0,0,0,0,0,0,0,0
2026_04_NYJ_CHI,00-0037843,2026,4,NYJ,0,0,0,0,0,0,0,0,0,0,0,0,0
2026_04_JAX_CIN,00-0037844,2026,4,JAX,0,0,0,0,0,0,0,0,0,0,0,0,0
2026_04_TEN_BAL,00-0038038,2026,4,TEN,0,0,0,0,0,0,0,0,0,0,0,0,0
2026_04_DEN_SF,00-0038039,2026,4,DEN,0,0,0,0,0,0,0,0,0,0,0,0,0
2026_04_DAL_HOU,00-0038041,2026,4,HOU,0,0,0,0,0,0,0,3,4,11,0,0,0
2026_04_GB_TB,00-0038090,2026,4,TB,0,0,0,0,0,0,0,1,2,-2,0,0,0
2026_04_ARI_NYG,00-0038094,2026,4,ARI,0,0,0,0,0,0,0,0,0,0,0,0,0
2026_04_IND_WAS,00-0038100,2026,4,IND,0,0,0,0,0,0,0,0,0,0,0,0,0
2026_04_DET_CAR,00-0038101,2026,4,DET,0,0,0,0,0,0,0,0,0,0,0,0,0
2026_04_LAC_SEA,00-0038103,2026,4,SEA,0,0,0,0,0,0,0,0,0,0,0,0,0
2026_04_KC_LV,00-0038104,2026,4,LV,0,0,0,0,0,0,0,5,8,111,2,0,0
2026_04_DEN_SF,00-0038106,2026,4,SF,0,0,0,0,0,0,0,0,0,0,0,0,0
2026_04_LA_PHI,00-0038112,2026,4,LA,0,0,0,0,0,0,0,0,0,0,0,0,0
2026_04_TEN_BAL,00-0038115,2026,4,BAL,0,0,0,0,0,0,0,1,1,2,0,0,0
2026_04_LA_PHI,00-0038116,2026,4,LA,0,0,0,0,0,0,0,0,0,0,0,0,0
2026_04_TEN_BAL,00-0038117,2026,4,BAL,0,0,0,0,1,1,0,3,5,19,1,0,0
2026_04_TEN_BAL,00-0038121,2026,4,BAL,0,0,0,0,0,0,0,0,0,0,0,0,0
2026_04_NYJ_CHI,00-0038123,2026,4,CHI,0,0,0,0,0,0,0,0,0,0,0,0,0
2026_04_GB_TB,00-0038124,2026,4,TB,0,0,0,0,0,0,0,3,3,47,0,0,0
2026_04_DET_CAR,00-0038125,2026,4,CAR,0,0,0,0,0,0,0,0,0,0,0,0,0
2026_04_DAL_HOU,00-0038127,2026,4,DAL,0,0,0,0,0,0,0,0,0,0,0,0,0
2026_04_MIA_MIN,00-0038128,2026,4,MIN,9,17,85,0,2,11,0,0,0,0,0,0,1
2026_04_GB_TB,00-0038129,2026,4,GB,0,0,0,0,0,0,0,4,6,37,0,0,0
2026_04_DAL_HOU,00-0038131,2026,4,DAL,0,0,0,0,0,0,0,0,0,0,0,0,0
2026_04_JAX_CIN,00-0038133,2026,4,JAX,0,0,0,0,0,0,0,0,0,0,0,0,0
2026_04_KC_LV,00-0038134,2026,4,LV,0,0,0,0,22,177,2,1,1,2,0,0,0
2026_04_PIT_CLE,00-0038135,2026,4,CLE,0,0,0,0,0,0,0,0,0,0,0,0,0
2026_04_LA_PHI,00-0038386,2026,4,LA,0,0,0,0,0,0,0,0,0,0,0,0,0
2026_04_LA_PHI,00-0038393,2026,4,LA,0,0,0,0,0,0,0,3,5,18,0,0,0
2026_04_GB_TB,00-0038398,2026,4,TB,0,0,0,0,0,0,0,0,0,0,0,0,0
2026_04_ARI_NYG,00-0038399,2026,4,ARI,0,0,0,0,0,0,0,0,0,0,0,0,0
2026_04_GB_TB,00-0038408,2026,4,TB,0,0,0,0,0,0,0,0,0,0,0,0,0
2026_04_PIT_CLE,00-0038409,2026,4,CLE,0,0,0,0,0,0,0,0,0,0,0,0,0
2026_04_LA_PHI,00-0038412,2026,4,LA,0,0,0,0,0,0,0,0,0,0,0,0,0
2026_04_LAC_SEA,00-0038414,2026,4,SEA,0,0,0,0,0,0,0,0,0,0,0,0,0
2026_04_NYJ_CHI,00-0038416,2026,4,NYJ,25,34,268,0,4,1,0,0,0,0,0,1,0
2026_04_PIT_CLE,00-0038428,2026,4,PIT,0,0,0,0,0,0,0,0,0,0,0,0,0
2026_04_LAC_SEA,00-0038454,2026,4,SEA,0,0,0,0,10,39,0,5,6,24,0,0,0
2026_04_GB_TB,00-0038463,2026,4,TB,0,0,0,0,0,0,0,0,0,0,0,0,0
2026_04_LAC_SEA,00-0038488,2026,4,LAC,0,0,0,0,0,0,0,0,0,0,0,0,0
2026_04_LA_PHI,00-0038498,2026,4,LA,0,0,0,0,0,0,0,0,0,0,0,0,0
2026_04_TEN_BAL,00-0038504,2026,4,TEN,0,0,0,0,0,0,0,0,0,0,0,0,0
2026_04_TEN_BAL,00-0038505,2026,4,TEN,0,0,0,0,0,0,0,0,0,0,0,0,0
2026_04_TEN_BAL,00-0038514,2026,4,BAL,0,0,0,0,0,0,0,0,0,0,0,0,0
2026_04_KC_LV,00-0038519,2026,4,LV,0,0,0,0,0,0,0,0,0,0,0,0,0
2026_04_MIA_MIN,00-0038521,2026,4,MIN,0,0,0,0,0,0,0,0,0,0,0,0,0
2026_04_LAC_SEA,00-0038543,2026,4,LAC,0,0,0,0,0,0,0,5,6,76,0,0,0
2026_04_LAC_SEA,00-0038544,2026,4,SEA,0,0,0,0,1,-4,0,1,2,44,0,0,0
2026_04_JAX_CIN,00-0038546,2026,4,JAX,0,0,0,0,0,0,0,0,0,0,0,0,0
2026_04_JAX_CIN,00-0038549,2026,4,JAX,0,0,0,0,0,0,0,0,0,0,0,0,0
2026_04_DEN_SF,00-0038552,2026,4,SF,0,0,0,0,0,0,0,0,0,0,0,0,0
2026_04_LAC_SEA,00-0038553,2026,4,SEA,0,0,0,0,0,0,0,0,0,0,0,0,0
2026_04_DEN_SF,00-0038554,2026,4,DEN,0,0,0,0,0,0,0,0,0,0,0,0,0
2026_04_LA_PHI,00-0038555,2026,4,LA,0,0,0,0,14,55,0,0,1,0,0,0,0
2026_04_NE_BUF,00-0038557,2026,4,NE,0,0,0,0,0,0,0,0,0,0,0,0,0
2026_04_PIT_CLE,00-0038558,2026,4,CLE,0,0,0,0,0,0,0,3,5,27,1,0,0
2026_04_ARI_NYG,00-0038559,2026,4,NYG,0,0,0,0,0,0,0,7,13,95,0,0,0
2026_04_JAX_CIN,00-0038560,2026,4,JAX,0,0,0,0,0,0,0,0,0,0,0,0,0
2026_04_KC_LV,00-0038563,2026,4,KC,0,0,0,0,0,0,0,4,8,44,0,0,0
2026_04_NE_BUF,00-0038564,2026,4,BUF,0,0,0,0,0,0,0,0,0,0,0,0,0
2026_04_PIT_CLE,00-0038565,2026,4,PIT,0,0,0,0,0,0,0,0,0,0,0,0,0
2026_04_ARI_NYG,00-0038567,2026,4,NYG,0,0,0,0,0,0,0,0,0,0,0,0,0
2026_04_JAX_CIN,00-0038570,2026,4,CIN,0,0,0,0,0,0,0,0,0,0,0,0,0
2026_04_LAC_SEA,00-0038573,2026,4,SEA,0,0,0,0,0,0,0,1,1,6,0,0,0
2026_04_PIT_CLE,00-0038574,2026,4,PIT,0,0,0,0,0,0,0,0,0,0,0,0,0
2026_04_ARI_NYG,00-0038576,2026,4,ARI,0,0,0,0,0,0,0,0,0,0,0,0,0
2026_04_PIT_CLE,00-0038577,2026,4,CLE,0,0,0,0,0,0,0,0,0,0,0,0,0
2026_04_MIA_MIN,00-0038578,2026,4,MIA,0,0,0,0,0,0,0,0,0,0,0,0,0
2026_04_LAC_SEA,00-0038591,2026,4,LAC,0,0,0,0,0,0,0,0,0,0,0,0,0
2026_04_JAX_CIN,00-0038596,2026,4,CIN,0,0,0,0,0,0,0,0,0,0,0,0,0
2026_04_JAX_CIN,00-0038597,2026,4,JAX,0,0,0,0,9,10,0,11,11,71,0,0,0
2026_04_JAX_CIN,00-0038606,2026,4,CIN,0,0,0,0,1,3,0,1,3,7,0,0,0
2026_04_DAL_HOU,00-0038608,2026,4,DAL,0,0,0,0,0,0,0,3,4,36,0,0,0
2026_04_PIT_CLE,00-0038609,2026,4,PIT,0,0,0,0,0,0,0,0,0,0,0,0,0
2026_04_JAX_CIN,00-0038611,2026,4,CIN,0,0,0,0,6,35,1,0,0,0,0,0,0
2026_04_DAL_HOU,00-0038618,2026,4,DAL,0,0,0,0,0,0,0,3,5,46,0,0,0
2026_04_TEN_BAL,00-0038620,2026,4,BAL,0,0,0,0,0,0,0,0,0,0,0,0,0
2026_04_NE_BUF,00-0038621,2026,4,BUF,0,0,0,0,0,0,0,2,3,15,0,0,0
2026_04_ARI_NYG,00-0038623,2026,4,NYG,0,0,0,0,0,0,0,0,0,0,0,0,0
2026_04_DAL_HOU,00-0038624,2026,4,HOU,0,0,0,0,0,0,0,0,0,0,0,0,0
2026_04_DAL_HOU,00-0038625,2026,4,HOU,0,0,0,0,0,0,0,0,0,0,0,0,0
2026_04_ARI_NYG,00-0038640,2026,4,NYG,0,0,0,0,0,0,0,0,0,0,0,0,0
2026_04_JAX_CIN,00-0038642,2026,4,JAX,0,0,0,0,0,0,0,0,0,0,0,0,0
2026_04_DEN_SF,00-0038643,2026,4,DEN,0,0,0,0,0,0,0,0,0,0,0,0,0
2026_04_NE_BUF,00-0038653,2026,4,BUF,0,0,0,0,0,0,0,0,0,0,0,0,0
2026_04_DET_CAR,00-0038660,2026,4,CAR,0,0,0,0,0,0,0,0,0,0,0,0,0
2026_04_GB_TB,00-0038685,2026,4,TB,0,0,0,0,4,30,0,1,1,5,0,0,0
2026_04_PIT_CLE,00-0038710,2026,4,PIT,0,0,0,0,0,0,0,0,0,0,0,0,0
2026_04_PIT_CLE,00-0038715,2026,4,PIT,0,0,0,0,0,0,0,0,0,0,0,0,0
2026_04_DAL_HOU,00-0038731,2026,4,HOU,0,0,0,0,0,0,0,0,0,0,0,0,0
2026_04_DAL_HOU,00-0038738,2026,4,HOU,0,0,0,0,0,0,0,1,1,2,0,0,0
2026_04_LAC_SEA,00-0038764,2026,4,LAC,0,0,0,0,0,0,0,0,0,0,0,0,0
2026_04_MIA_MIN,00-0038778,2026,4,MIA,0,0,0,0,0,0,0,0,0,0,0,0,0
2026_04_ARI_NYG,00-0038782,2026,4,NYG,0,0,0,0,0,0,0,0,0,0,0,0,0
2026_04_DET_CAR,00-0038791,2026,4,DET,0,0,0,0,0,0,0,0,0,0,0,0,0
2026_04_PIT_CLE,00-0038794,2026,4,PIT,0,0,0,0,1,28,1,0,0,0,0,0,0
2026_04_LAC_SEA,00-0038797,2026,4,LAC,0,0,0,0,21,81,1,3,4,39,1,0,0
2026_04_MIA_MIN,00-0038807,2026,4,MIA,0,0,0,0,0,0,0,0,0,0,0,0,0
2026_04_DET_CAR,00-0038820,2026,4,CAR,0,0,0,0,0,0,0,0,0,0,0,0,0
2026_04_MIA_MIN,00-0038824,2026,4,MIN,0,0,0,0,0,0,0,0,0,0,0,0,0
2026_04_JAX_CIN,00-0038839,2026,4,JAX,0,0,0,0,0,0,0,3,7,49,0,0,0
2026_04_DET_CAR,00-0038840,2026,4,DET,0,0,0,0,0,0,0,2,3,32,0,0,0
2026_04_LAC_SEA,00-0038866,2026,4,LAC,0,0,0,0,0,0,0,0,0,0,0,0,0
2026_04_DET_CAR,00-0038896,2026,4,CAR,0,0,0,0,0,0,0,0,0,0,0,0,0
2026_04_LAC_SEA,00-0038922,2026,4,LAC,0,0,0,0,0,0,0,0,0,0,0,0,0
2026_04_NE_BUF,00-0038933,2026,4,NE,0,0,0,0,0,0,0,1,2,7,0,0,0
2026_04_JAX_CIN,00-0038934,2026,4,CIN,0,0,0,0,0,0,0,0,0,0,0,0,0
2026_04_JAX_CIN,00-0038935,2026,4,CIN,0,0,0,0,0,0,0,7,8,95,0,0,0
2026_04_DET_CAR,00-0038936,2026,4,CAR,0,0,0,0,0,0,0,0,0,0,0,0,0
2026_04_DET_CAR,00-0038940,2026,4,CAR,0,0,0,0,0,0,0,0,0,0,0,0,0
2026_04_GB_TB,00-0038951,2026,4,GB,0,0,0,0,3,10,1,0,0,0,0,0,0
2026_04_DEN_SF,00-0038976,2026,4,SF,0,0,0,0,0,0,0,1,3,10,0,0,0
2026_04_KC_LV,00-0038982,2026,4,LV,0,0,0,0,0,0,0,0,0,0,0,0,0
2026_04_ARI_NYG,00-0038984,2026,4,NYG,0,0,0,0,0,0,0,0,0,0,0,0,0
2026_04_ARI_NYG,00-0038986,2026,4,ARI,0,0,0,0,0,0,0,0,0,0,0,0,0
2026_04_MIA_MIN,00-0038994,2026,4,MIA,0,0,0,0,1,-1,0,4,6,52,0,0,0
2026_04_GB_TB,00-0038996,2026,4,TB,0,0,0,0,1,3,0,6,7,42,1,0,0
2026_04_IND_WAS,00-0038997,2026,4,WAS,0,0,0,0,0,0,0,3,4,16,0,0,0
2026_04_ARI_NYG,00-0039000,2026,4,ARI,0,0,0,0,0,0,0,0,0,0,0,0,0
2026_04_KC_LV,00-0039006,2026,4,LV,0,0,0,0,0,0,0,0,0,0,0,0,0
2026_04_ARI_NYG,00-0039007,2026,4,NYG,0,0,0,0,0,0,0,0,0,0,0,0,0
2026_04_LA_PHI,00-0039013,2026,4,LA,0,0,0,0,0,0,0,0,0,0,0,0,0
2026_04_DET_CAR,00-0039018,2026,4,CAR,0,0,0,0,0,0,0,0,0,0,0,0,0
2026_04_NYJ_CHI,00-0039021,2026,4,NYJ,0,0,0,0,4,16,0,1,1,7,0,0,0
2026_04_IND_WAS,00-0039031,2026,4,WAS,0,0,0,0,0,0,0,0,0,0,0,0,0
2026_04_TEN_BAL,00-0039032,2026,4,BAL,0,0,0,0,2,7,0,1,1,-1,0,0,0
2026_04_ARI_NYG,00-0039041,2026,4,NYG,0,0,0,0,0,0,0,2,2,19,1,0,0
2026_04_LAC_SEA,00-0039047,2026,4,LAC,0,0,0,0,0,0,0,0,0,0,0,0,0
2026_04_LA_PHI,00-0039059,2026,4,PHI,0,0,0,0,0,0,0,0,0,0,0,0,0
2026_04_DAL_HOU,00-0039062,2026,4,HOU,0,0,0,0,0,0,0,0,2,0,0,0,0
2026_04_TEN_BAL,00-0039064,2026,4,TEN,0,0,0,0,0,0,0,8,10,118,1,0,0
2026_04_DET_CAR,00-0039065,2026,4,CAR,0,0,0,0,0,0,0,8,13,84,1,0,0
2026_04_KC_LV,00-0039066,2026,4,KC,0,0,0,0,0,0,0,8,10,82,0,0,0
2026_04_GB_TB,00-0039068,2026,4,GB,0,0,0,0,0,0,0,0,0,0,0,0,0
2026_04_NYJ_CHI,00-0039071,2026,4,NYJ,0,0,0,0,0,0,0,0,0,0,0,0,0
2026_04_LA_PHI,00-0039074,2026,4,PHI,0,0,0,0,0,0,0,0,2,0,0,0,0
2026_04_LA_PHI,00-0039075,2026,4,PHI,0,0,0,0,1,2,1,9,12,125,0,0,0
2026_04_DAL_HOU,00-0039108,2026,4,DAL,0,0,0,0,0,0,0,0,0,0,0,0,0
2026_04_PIT_CLE,00-0039110,2026,4,CLE,0,0,0,0,0,0,0,0,0,0,0,0,0
2026_04_LAC_SEA,00-0039111,2026,4,SEA,0,0,0,0,0,0,0,0,0,0,0,0,0
2026_04_GB_TB,00-0039112,2026,4,TB,0,0,0,0,0,0,0,0,0,0,0,0,0
2026_04_LA_PHI,00-0039137,2026,4,PHI,0,0,0,0,0,0,0,0,0,0,0,0,0
2026_04_LA_PHI,00-0039138,2026,4,PHI,0,0,0,0,0,0,0,0,0,0,0,0,0
2026_04_DET_CAR,00-0039139,2026,4,CAR,0,0,0,0,15,46,1,4,7,31,0,0,0
2026_04_LA_PHI,00-0039140,2026,4,LA,0,0,0,0,0,0,0,0,0,0,0,0,0
2026_04_NYJ_CHI,00-0039142,2026,4,CHI,0,0,0,0,0,0,0,0,0,0,0,0,0
2026_04_DEN_SF,00-0039148,2026,4,DEN,0,0,0,0,0,0,0,0,0,0,0,0,0
2026_04_IND_WAS,00-0039149,2026,4,IND,0,0,0,0,0,0,0,0,0,0,0,0,0
2026_04_DET_CAR,00-0039150,2026,4,DET,29,41,329,2,3,3,0,0,0,0,0,0,0
2026_04_LA_PHI,00-0039151,2026,4,PHI,0,0,0,0,0,0,0,0,0,0,0,0,0
2026_04_MIA_MIN,00-0039156,2026,4,MIN,0,0,0,0,0,0,0,0,0,0,0,0,0
2026_04_DAL_HOU,00-0039163,2026,4,DAL,21,31,347,2,2,12,0,0,0,0,0,0,0
2026_04_LAC_SEA,00-0039169,2026,4,LAC,0,0,0,0,0,0,0,0,0,0,0,0,0
2026_04_DET_CAR,00-0039172,2026,4,CAR,0,0,0,0,0,0,0,0,0,0,0,0,0
2026_04_ARI_NYG,00-0039176,2026,4,ARI,0,0,0,0,0,0,0,0,0,0,0,0,0
2026_04_IND_WAS,00-0039178,2026,4,WAS,0,0,0,0,0,0,0,0,0,0,0,0,0
2026_04_TEN_BAL,00-0039232,2026,4,TEN,0,0,0,0,0,0,0,0,0,0,0,0,0
2026_04_TEN_BAL,00-0039233,2026,4,TEN,0,0,0,0,0,0,0,0,0,0,0,0,0
2026_04_NYJ_CHI,00-0039284,2026,4,CHI,0,0,0,0,0,0,0,0,0,0,0,0,0
2026_04_LAC_SEA,00-0039299,2026,4,LAC,0,0,0,0,7,18,0,1,1,2,0,0,0
2026_04_LAC_SEA,00-0039309,2026,4,LAC,0,0,0,0,0,0,0,0,0,0,0,0,0
2026_04_JAX_CIN,00-0039323,2026,4,JAX,0,0,0,0,0,0,0,0,0,0,0,0,0
2026_04_KC_LV,00-0039324,2026,4,LV,0,0,0,0,0,0,0,0,0,0,0,0,0
2026_04_ARI_NYG,00-0039337,2026,4,ARI,0,0,0,0,0,0,0,6,7,112,1,0,0
2026_04_KC_LV,00-0039338,2026,4,KC,0,0,0,0,0,0,0,6,11,86,1,0,0
2026_04_IND_WAS,00-0039340,2026,4,WAS,0,0,0,0,0,0,0,0,0,0,0,0,0
2026_04_DAL_HOU,00-0039341,2026,4,HOU,0,0,0,0,0,0,0,0,0,0,0,0,0
2026_04_DAL_HOU,00-0039343,2026,4,DAL,0,0,0,0,0,0,0,0,0,0,0,0,0
2026_04_DEN_SF,00-0039345,2026,4,DEN,0,0,0,0,0,0,0,0,0,0,0,0,0
2026_04_JAX_CIN,00-0039353,2026,4,CIN,0,0,0,0,0,0,0,0,0,0,0,0,0
2026_04_DAL_HOU,00-0039359,2026,4,DAL,0,0,0,0,0,0,0,1,1,20,0,0,0
2026_04_DEN_SF,00-0039360,2026,4,DEN,0,0,0,0,0,0,0,0,0,0,0,0,0
2026_04_GB_TB,00-0039361,2026,4,GB,0,0,0,0,16,61,0,0,0,0,0,0,0
2026_04_DET_CAR,00-0039364,2026,4,CAR,0,0,0,0,0,0,0,1,2,17,0,0,0
2026_04_DEN_SF,00-0039365,2026,4,DEN,0,0,0,0,1,2,0,0,1,0,0,0,0
2026_04_LAC_SEA,00-0039366,2026,4,SEA,0,0,0,0,0,0,0,0,0,0,0,0,0
2026_04_LAC_SEA,00-0039369,2026,4,SEA,0,0,0,0,0,0,0,0,0,0,0,0,0
2026_04_DEN_SF,00-0039371,2026,4,SF,0,0,0,0,0,0,0,0,0,0,0,0,0
2026_04_KC_LV,00-0039374,2026,4,KC,0,0,0,0,0,0,0,0,0,0,0,0,0
2026_04_IND_WAS,00-0039377,2026,4,WAS,0,0,0,0,0,0,0,0,0,0,0,0,0
2026_04_DET_CAR,00-0039380,2026,4,DET,0,0,0,0,0,0,0,0,0,0,0,0,0
2026_04_MIA_MIN,00-0039383,2026,4,MIN,0,0,0,0,0,0,0,0,0,0,0,0,0
2026_04_ARI_NYG,00-0039384,2026,4,ARI,0,0,0,0,1,-1,0,0,0,0,0,0,0
2026_04_LAC_SEA,00-0039391,2026,4,SEA,0,0,0,0,5,25,0,2,3,11,1,0,0
2026_04_DAL_HOU,00-0039395,2026,4,DAL,0,0,0,0,0,0,0,0,0,0,0,0,0
2026_04_DAL_HOU,00-0039402,2026,4,DAL,0,0,0,0,0,0,0,0,0,0,0,0,0
2026_04_MIA_MIN,00-0039404,2026,4,MIA,0,0,0,0,0,0,0,0,0,0,0,0,0
2026_04_KC_LV,00-0039407,2026,4,KC,0,0,0,0,0,0,0,0,0,0,0,0,0
2026_04_JAX_CIN,00-0039409,2026,4,CIN,0,0,0,0,0,0,0,0,0,0,0,0,0
2026_04_DAL_HOU,00-0039410,2026,4,HOU,0,0,0,0,0,0,0,4,5,37,0,0,0
2026_04_PIT_CLE,00-0039417,2026,4,PIT,0,0,0,0,0,0,0,0,0,0,0,0,0
2026_04_NYJ_CHI,00-0039431,2026,4,CHI,0,0,0,0,0,0,0,0,0,0,0,0,0
2026_04_NYJ_CHI,00-0039451,2026,4,CHI,0,0,0,0,0,0,0,2,3,73,1,0,0
2026_04_NYJ_CHI,00-0039459,2026,4,NYJ,0,0,0,0,0,0,0,0,0,0,0,0,0
2026_04_DAL_HOU,00-0039465,2026,4,HOU,0,0,0,0,0,0,0,0,0,0,0,0,0
2026_04_LA_PHI,00-0039498,2026,4,PHI,0,0,0,0,0,0,0,0,0,0,0,0,0
2026_04_PIT_CLE,00-0039515,2026,4,PIT,0,0,0,0,0,0,0,0,0,0,0,0,0
2026_04_DAL_HOU,00-0039530,2026,4,HOU,0,0,0,0,0,0,0,0,1,0,0,0,0
2026_04_MIA_MIN,00-0039532,2026,4,MIN,0,0,0,0,0,0,0,0,0,0,0,0,0
2026_04_IND_WAS,00-0039576,2026,4,WAS,0,0,0,0,0,0,0,0,0,0,0,0,0
2026_04_GB_TB,00-0039589,2026,4,GB,0,0,0,0,0,0,0,1,2,3,0,0,0
2026_04_JAX_CIN,00-0039632,2026,4,JAX,0,0,0,0,0,0,0,0,0,0,0,0,0
2026_04_NYJ_CHI,00-0039634,2026,4,CHI,0,0,0,0,0,0,0,0,0,0,0,0,0
2026_04_IND_WAS,00-0039681,2026,4,IND,0,0,0,0,0,0,0,0,0,0,0,0,0
2026_04_IND_WAS,00-0039686,2026,4,IND,0,0,0,0,0,0,0,0,1,0,0,0,0
2026_04_MIA_MIN,00-0039710,2026,4,MIA,0,0,0,0,0,0,0,0,0,0,0,0,0
2026_04_DEN_SF,00-0039732,2026,4,SF,25,42,214,1,2,10,0,0,0,0,0,0,0
2026_04_JAX_CIN,00-0039733,2026,4,CIN,0,0,0,0,0,0,0,0,0,0,0,0,0
2026_04_LA_PHI,00-0039734,2026,4,PHI,0,0,0,0,0,0,0,0,0,0,0,0,0
2026_04_LA_PHI,00-0039738,2026,4,PHI,0,0,0,0,5,14,0,1,2,7,0,0,0
2026_04_PIT_CLE,00-0039739,2026,4,CLE,0,0,0,0,0,0,0,3,6,74,1,0,0
2026_04_LA_PHI,00-0039740,2026,4,LA,0,0,0,0,0,0,0,0,0,0,0,0,0
2026_04_PIT_CLE,00-0039741,2026,4,CLE,0,0,0,0,0,0,0,0,0,0,0,0,0
2026_04_LA_PHI,00-0039746,2026,4,LA,0,0,0,0,6,23,0,0,1,0,0,0,0
2026_04_LA_PHI,00-0039749,2026,4,PHI,0,0,0,0,0,0,0,0,0,0,0,0,0
2026_04_LA_PHI,00-0039751,2026,4,PHI,0,0,0,0,0,0,0,1,2,4,0,0,0
2026_04_JAX_CIN,00-0039752,2026,4,JAX,0,0,0,0,0,0,0,0,0,0,0,0,0
2026_04_NE_BUF,00-0039763,2026,4,NE,0,0,0,0,0,0,0,0,0,0,0,0,0
2026_04_NE_BUF,00-0039770,2026,4,BUF,0,0,0,0,0,0,0,0,0,0,0,0,0
2026_04_LA_PHI,00-0039772,2026,4,PHI,0,0,0,0,0,0,0,0,0,0,0,0,0
2026_04_LA_PHI,00-0039774,2026,4,PHI,0,0,0,0,0,0,0,0,0,0,0,0,0
2026_04_NYJ_CHI,00-0039789,2026,4,CHI,0,0,0,0,0,0,0,0,0,0,0,0,0
2026_04_TEN_BAL,00-0039792,2026,4,TEN,0,0,0,0,0,0,0,1,2,19,0,0,0
2026_04_LAC_SEA,00-0039793,2026,4,LAC,0,0,0,0,0,0,0,1,3,12,0,0,0
2026_04_NYJ_CHI,00-0039794,2026,4,CHI,0,0,0,0,14,59,0,2,2,8,0,0,0
2026_04_LAC_SEA,00-0039795,2026,4,LAC,0,0,0,0,0,0,0,0,0,0,0,0,0
2026_04_NYJ_CHI,00-0039798,2026,4,CHI,0,0,0,0,0,0,0,0,0,0,0,0,0
2026_04_ARI_NYG,00-0039807,2026,4,NYG,0,0,0,0,0,0,0,0,0,0,0,0,0
2026_04_ARI_NYG,00-0039808,2026,4,NYG,0,0,0,0,0,0,0,0,0,0,0,0,0
2026_04_DEN_SF,00-0039809,2026,4,SF,0,0,0,0,0,0,0,0,0,0,0,0,0
2026_04_GB_TB,00-0039811,2026,4,TB,0,0,0,0,7,13,0,5,5,36,0,0,0
2026_04_GB_TB,00-0039812,2026,4,TB,0,0,0,0,0,0,0,0,0,0,0,0,0
2026_04_GB_TB,00-0039813,2026,4,TB,0,0,0,0,0,0,0,0,0,0,0,0,0
2026_04_IND_WAS,00-0039816,2026,4,WAS,0,0,0,0,0,0,0,0,0,0,0,0,0
2026_04_GB_TB,00-0039819,2026,4,TB,0,0,0,0,0,0,0,0,0,0,0,0,0
2026_04_ARI_NYG,00-0039821,2026,4,ARI,0,0,0,0,0,0,0,0,0,0,0,0,0
2026_04_KC_LV,00-0039825,2026,4,LV,0,0,0,0,0,0,0,0,0,0,0,0,0
2026_04_LA_PHI,00-0039826,2026,4,LA,0,0,0,0,0,0,0,0,0,0,0,0,0
2026_04_NE_BUF,00-0039829,2026,4,BUF,0,0,0,0,0,0,0,0,0,0,0,0,0
2026_04_LA_PHI,00-0039834,2026,4,PHI,0,0,0,0,0,0,0,0,0,0,0,0,0
2026_04_LAC_SEA,00-0039835,2026,4,SEA,0,0,0,0,0,0,0,0,0,0,0,0,0
2026_04_DAL_HOU,00-0039838,2026,4,DAL,0,0,0,0,0,0,0,0,0,0,0,0,0
2026_04_NYJ_CHI,00-0039840,2026,4,NYJ,0,0,0,0,0,0,0,0,0,0,0,0,0
2026_04_LA_PHI,00-0039841,2026,4,LA,0,0,0,0,0,0,0,0,0,0,0,0,0
2026_04_GB_TB,00-0039846,2026,4,GB,0,0,0,0,0,0,0,0,0,0,0,0,0
2026_04_ARI_NYG,00-0039847,2026,4,ARI,0,0,0,0,0,0,0,1,1,11,1,0,0
2026_04_ARI_NYG,00-0039849,2026,4,NYG,0,0,0,0,0,0,0,1,4,12,1,0,0
2026_04_GB_TB,00-0039850,2026,4,TB,0,0,0,0,0,0,0,0,0,0,0,0,0
2026_04_NE_BUF,00-0039851,2026,4,BUF,22,37,269,3,8,54,0,0,0,0,0,1,1
2026_04_PIT_CLE,00-0039852,2026,4,PIT,0,0,0,0,0,0,0,0,0,0,0,0,0
2026_04_ARI_NYG,00-0039854,2026,4,NYG,0,0,0,0,0,0,0,0,0,0,0,0,0
2026_04_TEN_BAL,00-0039858,2026,4,BAL,0,0,0,0,0,0,0,0,0,0,0,0,0
2026_04_ARI_NYG,00-0039861,2026,4,ARI,0,0,0,0,0,0,0,0,0,0,0,0,0
2026_04_DET_CAR,00-0039862,2026,4,CAR,0,0,0,0,0,0,0,0,0,0,0,0,0
2026_04_GB_TB,00-0039867,2026,4,TB,0,0,0,0,0,0,0,0,0,0,0,0,0
2026_04_NE_BUF,00-0039872,2026,4,NE,0,0,0,0,0,0,0,0,0,0,0,0,0
2026_04_NE_BUF,00-0039873,2026,4,NE,0,0,0,0,0,0,0,0,0,0,0,0,0
2026_04_MIA_MIN,00-0039874,2026,4,MIN,0,0,0,0,5,7,0,0,0,0,0,0,0
2026_04_NE_BUF,00-0039875,2026,4,NE,0,0,0,0,1,3,0,1,1,4,0,0,0
2026_04_MIA_MIN,00-0039880,2026,4,MIN,0,0,0,0,2,3,0,5,5,67,0,0,0
2026_04_NYJ_CHI,00-0039886,2026,4,CHI,0,0,0,0,0,0,0,0,0,0,0,0,0
2026_04_LA_PHI,00-0039888,2026,4,LA,0,0,0,0,0,0,0,0,0,0,0,0,0
2026_04_JAX_CIN,00-0039893,2026,4,CIN,0,0,0,0,0,0,0,2,2,17,1,0,0
2026_04_KC_LV,00-0039894,2026,4,LV,0,0,0,0,0,0,0,4,7,70,0,0,0
2026_04_PIT_CLE,00-0039895,2026,4,PIT,0,0,0,0,0,0,0,0,0,0,0,0,0
2026_04_MIA_MIN,00-0039899,2026,4,MIN,0,0,0,0,0,0,0,0,0,0,0,0,0
2026_04_NE_BUF,00-0039901,2026,4,NE,0,0,0,0,0,0,0,6,7,116,1,0,0
2026_04_GB_TB,00-0039905,2026,4,GB,0,0,0,0,0,0,0,0,0,0,0,0,0
2026_04_JAX_CIN,00-0039908,2026,4,JAX,0,0,0,0,0,0,0,0,0,0,0,0,0
2026_04_MIA_MIN,00-0039911,2026,4,MIN,0,0,0,0,0,0,0,0,0,0,0,0,0
2026_04_IND_WAS,00-0039913,2026,4,IND,0,0,0,0,0,0,0,1,1,13,0,0,0
2026_04_LAC_SEA,00-0039915,2026,4,SEA,0,0,0,0,0,0,0,0,2,0,0,0,0
2026_04_NYJ_CHI,00-0039919,2026,4,NYJ,0,0,0,0,0,0,0,6,7,94,0,0,0
2026_04_PIT_CLE,00-0039920,2026,4,PIT,0,0,0,0,0,0,0,0,0,0,0,0,0
2026_04_MIA_MIN,00-0039924,2026,4,MIA,0,0,0,0,0,0,0,0,0,0,0,0,0
2026_04_LAC_SEA,00-0039926,2026,4,LAC,0,0,0,0,0,0,0,0,0,0,0,0,0
2026_04_GB_TB,00-0040010,2026,4,TB,0,0,0,0,0,0,0,0,0,0,0,0,0
2026_04_DAL_HOU,00-0040011,2026,4,HOU,0,0,0,0,0,0,0,0,0,0,0,0,0
2026_04_LA_PHI,00-0040013,2026,4,LA,0,0,0,0,0,0,0,0,0,0,0,0,0
2026_04_TEN_BAL,00-0040020,2026,4,BAL,0,0,0,0,0,0,0,0,0,0,0,0,0
2026_04_LA_PHI,00-0040024,2026,4,LA,0,0,0,0,0,0,0,3,7,33,2,0,0
2026_04_TEN_BAL,00-0040041,2026,4,BAL,0,0,0,0,0,0,0,0,0,0,0,0,0
2026_04_DAL_HOU,00-0040043,2026,4,HOU,0,0,0,0,0,0,0,0,0,0,0,0,0
2026_04_DAL_HOU,00-0040045,2026,4,HOU,0,0,0,0,0,0,0,0,0,0,0,0,0
2026_04_LAC_SEA,00-0040061,2026,4,LAC,0,0,0,0,0,0,0,0,0,0,0,0,0
2026_04_MIA_MIN,00-0040066,2026,4,MIN,0,0,0,0,0,0,0,0,0,0,0,0,0
2026_04_TEN_BAL,00-0040069,2026,4,TEN,0,0,0,0,0,0,0,0,0,0,0,0,0
2026_04_LA_PHI,00-0040071,2026,4,LA,0,0,0,0,0,0,0,0,0,0,0,0,0
2026_04_KC_LV,00-0040072,2026,4,LV,0,0,0,0,0,0,0,0,0,0,0,0,0
2026_04_TEN_BAL,00-0040074,2026,4,TEN,0,0,0,0,0,0,0,0,0,0,0,0,0
2026_04_TEN_BAL,00-0040075,2026,4,TEN,0,0,0,0,0,0,0,0,0,0,0,0,0
2026_04_KC_LV,00-0040081,2026,4,LV,0,0,0,0,0,0,0,0,0,0,0,0,0
2026_04_GB_TB,00-0040089,2026,4,GB,0,0,0,0,0,0,0,0,0,0,0,0,0
2026_04_TEN_BAL,00-0040104,2026,4,TEN,0,0,0,0,0,0,0,0,0,0,0,0,0
2026_04_KC_LV,00-0040122,2026,4,KC,0,0,0,0,15,58,0,6,8,68,0,0,0
2026_04_DET_CAR,00-0040124,2026,4,DET,0,0,0,0,0,0,0,14,16,192,2,0,0
2026_04_NYJ_CHI,00-0040126,2026,4,NYJ,0,0,0,0,0,0,0,6,9,57,0,0,0
2026_04_IND_WAS,00-0040128,2026,4,WAS,0,0,0,0,0,0,0,5,5,41,0,0,0
2026_04_GB_TB,00-0040129,2026,4,GB,0,0,0,0,0,0,0,2,4,13,0,0,0
2026_04_NE_BUF,00-0040131,2026,4,BUF,0,0,0,0,0,0,0,0,2,0,0,0,0
2026_04_NE_BUF,00-0040132,2026,4,NE,0,0,0,0,0,0,0,0,0,0,0,0,0
2026_04_NYJ_CHI,00-0040133,2026,4,CHI,0,0,0,0,0,0,0,0,0,0,0,0,0
2026_04_DEN_SF,00-0040134,2026,4,SF,0,0,0,0,0,0,0,3,3,47,0,0,0
2026_04_DET_CAR,00-0040136,2026,4,DET,0,0,0,0,0,0,0,0,0,0,0,0,0
2026_04_ARI_NYG,00-0040137,2026,4,NYG,0,0,0,0,0,0,0,0,0,0,0,0,0
2026_04_DAL_HOU,00-0040138,2026,4,DAL,0,0,0,0,1,4,0,3,3,85,0,0,0
2026_04_IND_WAS,00-0040139,2026,4,WAS,0,0,0,0,0,0,0,0,0,0,0,0,0
2026_04_JAX_CIN,00-0040140,2026,4,JAX,0,0,0,0,0,0,0,0,0,0,0,0,0
2026_04_TEN_BAL,00-0040141,2026,4,BAL,0,0,0,0,0,0,0,0,0,0,0,0,0
2026_04_GB_TB,00-0040142,2026,4,TB,0,0,0,0,8,42,0,0,0,0,0,0,1
2026_04_GB_TB,00-0040143,2026,4,GB,0,0,0,0,0,0,0,0,0,0,0,0,0
2026_04_LAC_SEA,00-0040144,2026,4,SEA,0,0,0,0,0,0,0,0,0,0,0,0,0
2026_04_NE_BUF,00-0040147,2026,4,BUF,0,0,0,0,0,0,0,0,0,0,0,0,0
2026_04_KC_LV,00-0040150,2026,4,KC,0,0,0,0,0,0,0,0,0,0,0,0,0
2026_04_DEN_SF,00-0040152,2026,4,DEN,0,0,0,0,0,0,0,0,0,0,0,0,0
2026_04_MIA_MIN,00-0040154,2026,4,MIA,0,0,0,0,0,0,0,1,1,14,0,0,0
2026_04_JAX_CIN,00-0040157,2026,4,JAX,0,0,0,0,0,0,0,0,0,0,0,0,0
2026_04_GB_TB,00-0040158,2026,4,GB,0,0,0,0,0,0,0,0,0,0,0,0,0
2026_04_DET_CAR,00-0040159,2026,4,DET,0,0,0,0,0,0,0,0,0,0,0,0,0
2026_04_PIT_CLE,00-0040160,2026,4,CLE,0,0,0,0,0,0,0,0,0,0,0,0,0
2026_04_IND_WAS,00-0040164,2026,4,IND,0,0,0,0,0,0,0,0,0,0,0,0,0
2026_04_NYJ_CHI,00-0040165,2026,4,CHI,0,0,0,0,0,0,0,0,0,0,0,0,0
2026_04_DEN_SF,00-0040168,2026,4,SF,0,0,0,0,0,0,0,0,0,0,0,0,0
2026_04_KC_LV,00-0040169,2026,4,KC,0,0,0,0,0,0,0,0,0,0,0,0,0
2026_04_TEN_BAL,00-0040170,2026,4,BAL,0,0,0,0,0,0,0,1,1,22,0,0,0
2026_04_NE_BUF,00-0040171,2026,4,BUF,0,0,0,0,0,0,0,0,0,0,0,0,0
2026_04_MIA_MIN,00-0040173,2026,4,MIA,0,0,0,0,0,0,0,0,0,0,0,0,0
2026_04_MIA_MIN,00-0040175,2026,4,MIN,0,0,0,0,0,0,0,0,0,0,0,0,0
2026_04_MIA_MIN,00-0040178,2026,4,MIN,0,0,0,0,0,0,0,0,0,0,0,0,0
2026_04_MIA_MIN,00-0040182,2026,4,MIN,0,0,0,0,0,0,0,0,0,0,0,0,0
2026_04_GB_TB,00-0040183,2026,4,GB,0,0,0,0,0,0,0,0,0,0,0,0,0
2026_04_DEN_SF,00-0040185,2026,4,DEN,0,0,0,0,0,0,0,0,0,0,0,0,0
2026_04_DET_CAR,00-0040187,2026,4,DET,0,0,0,0,0,0,0,1,1,8,0,0,0
2026_04_PIT_CLE,00-0040188,2026,4,CLE,0,0,0,0,0,0,0,0,0,0,0,0,0
2026_04_LAC_SEA,00-0040189,2026,4,SEA,0,0,0,0,1,2,0,5,8,36,0,0,0
2026_04_ARI_NYG,00-0040195,2026,4,NYG,0,0,0,0,0,0,0,0,0,0,0,0,0
2026_04_MIA_MIN,00-0040198,2026,4,MIN,0,0,0,0,9,100,1,2,2,0,0,0,0
2026_04_KC_LV,00-0040199,2026,4,KC,0,0,0,0,0,0,0,0,0,0,0,0,0
2026_04_NE_BUF,00-0040200,2026,4,BUF,0,0,0,0,0,0,0,0,0,0,0,0,0
2026_04_TEN_BAL,00-0040201,2026,4,BAL,0,0,0,0,0,0,0,0,0,0,0,0,0
2026_04_JAX_CIN,00-0040209,2026,4,CIN,0,0,0,0,0,0,0,0,0,0,0,0,0
2026_04_JAX_CIN,00-0040213,2026,4,CIN,0,0,0,0,0,0,0,0,0,0,0,0,0
2026_04_MIA_MIN,00-0040215,2026,4,MIA,0,0,0,0,0,0,0,1,1,4,0,0,0
2026_04_IND_WAS,00-0040216,2026,4,IND,0,0,0,0,0,0,0,0,0,0,0,0,0
2026_04_LAC_SEA,00-0040221,2026,4,SEA,0,0,0,0,0,0,0,0,0,0,0,0,0
2026_04_DEN_SF,00-0040223,2026,4,SF,0,0,0,0,0,0,0,0,0,0,0,0,0
2026_04_KC_LV,00-0040228,2026,4,KC,0,0,0,0,0,0,0,0,0,0,0,0,0
2026_04_NYJ_CHI,00-0040236,2026,4,NYJ,0,0,0,0,30,146,2,1,1,4,0,0,0
2026_04_GB_TB,00-0040237,2026,4,GB,0,0,0,0,1,10,0,2,2,17,0,0,0
2026_04_JAX_CIN,00-0040238,2026,4,CIN,0,0,0,0,0,0,0,0,0,0,0,0,0
2026_04_IND_WAS,00-0040242,2026,4,IND,0,0,0,0,9,15,0,2,4,35,0,0,0
2026_04_MIA_MIN,00-0040248,2026,4,MIN,0,0,0,0,0,0,0,0,0,0,0,0,0
2026_04_PIT_CLE,00-0040255,2026,4,PIT,0,0,0,0,0,0,0,0,0,0,0,0,0
2026_04_PIT_CLE,00-0040261,2026,4,PIT,0,0,0,0,0,0,0,0,0,0,0,0,0
2026_04_PIT_CLE,00-0040263,2026,4,PIT,0,0,0,0,0,0,0,0,0,0,0,0,0
2026_04_DET_CAR,00-0040265,2026,4,DET,0,0,0,0,0,0,0,0,1,0,0,0,0
2026_04_DET_CAR,00-0040279,2026,4,DET,0,0,0,0,0,0,0,0,0,0,0,0,0
2026_04_JAX_CIN,00-0040326,2026,4,CIN,0,0,0,0,0,0,0,0,0,0,0,0,0
2026_04_LAC_SEA,00-0040331,2026,4,SEA,0,0,0,0,0,0,0,0,0,0,0,0,0
2026_04_JAX_CIN,00-0040342,2026,4,CIN,0,0,0,0,0,0,0,0,0,0,0,0,0
2026_04_NE_BUF,00-0040363,2026,4,NE,0,0,0,0,0,0,0,0,0,0,0,0,0
2026_04_JAX_CIN,00-0040379,2026,4,JAX,0,0,0,0,0,0,0,0,0,0,0,0,0
2026_04_DET_CAR,00-0040394,2026,4,DET,0,0,0,0,0,0,0,0,0,0,0,0,0
2026_04_ARI_NYG,00-0040434,2026,4,ARI,0,0,0,0,0,0,0,0,0,0,0,0,0
2026_04_DEN_SF,00-0040449,2026,4,SF,0,0,0,0,0,0,0,0,0,0,0,0,0
2026_04_LAC_SEA,00-0040460,2026,4,SEA,0,0,0,0,0,0,0,0,0,0,0,0,0
2026_04_PIT_CLE,00-0040466,2026,4,PIT,0,0,0,0,2,9,0,2,2,7,0,0,0
2026_04_MIA_MIN,00-0040496,2026,4,MIA,0,0,0,0,0,0,0,0,0,0,0,0,0
2026_04_MIA_MIN,00-0040500,2026,4,MIA,0,0,0,0,0,0,0,0,0,0,0,0,0
2026_04_MIA_MIN,00-0040506,2026,4,MIA,0,0,0,0,1,2,0,2,2,6,0,0,0
2026_04_MIA_MIN,00-0040507,2026,4,MIA,0,0,0,0,0,0,0,0,0,0,0,0,0
2026_04_NE_BUF,00-0040556,2026,4,BUF,0,0,0,0,0,0,0,0,0,0,0,0,0
2026_04_DEN_SF,00-0040560,2026,4,DEN,0,0,0,0,0,0,0,0,0,0,0,0,0
2026_04_NE_BUF,00-0040563,2026,4,BUF,0,0,0,0,0,0,0,2,4,42,1,0,0
2026_04_NE_BUF,00-0040574,2026,4,BUF,0,0,0,0,0,0,0,0,0,0,0,0,0
2026_04_PIT_CLE,00-0040579,2026,4,PIT,0,0,0,0,0,0,0,0,0,0,0,0,0
2026_04_LA_PHI,00-0040580,2026,4,PHI,0,0,0,0,0,0,0,0,0,0,0,0,0
2026_04_DAL_HOU,00-0040583,2026,4,DAL,0,0,0,0,6,22,1,0,1,0,0,0,0
2026_04_TEN_BAL,00-0040584,2026,4,BAL,0,0,0,0,0,0,0,1,1,5,0,0,0
2026_04_LA_PHI,00-0040590,2026,4,PHI,0,0,0,0,0,0,0,1,3,7,0,0,0
2026_04_GB_TB,00-0040598,2026,4,TB,0,0,0,0,0,0,0,2,2,29,0,0,0
2026_04_LA_PHI,00-0040613,2026,4,PHI,0,0,0,0,0,0,0,0,0,0,0,0,0
2026_04_DEN_SF,00-0040634,2026,4,SF,0,0,0,0,0,0,0,0,0,0,0,0,0
2026_04_KC_LV,00-0040640,2026,4,LV,0,0,0,0,0,0,0,0,0,0,0,0,0
2026_04_ARI_NYG,00-0040645,2026,4,NYG,0,0,0,0,0,0,0,0,0,0,0,0,0
2026_04_KC_LV,00-0040646,2026,4,LV,0,0,0,0,0,0,0,0,2,0,0,0,0
2026_04_LAC_SEA,00-0040648,2026,4,LAC,0,0,0,0,0,0,0,1,1,6,1,0,0
2026_04_DAL_HOU,00-0040654,2026,4,DAL,0,0,0,0,0,0,0,0,0,0,0,0,0
2026_04_MIA_MIN,00-0040661,2026,4,MIA,0,0,0,0,0,0,0,0,0,0,0,0,0
2026_04_PIT_CLE,00-0040663,2026,4,PIT,0,0,0,0,0,0,0,3,5,27,1,0,0
2026_04_LAC_SEA,00-0040666,2026,4,SEA,0,0,0,0,9,45,1,2,2,8,0,0,0
2026_04_GB_TB,00-0040667,2026,4,TB,0,0,0,0,1,6,0,3,7,21,1,0,0
2026_04_DET_CAR,00-0040669,2026,4,CAR,0,0,0,0,0,0,0,4,8,95,0,0,0
2026_04_KC_LV,00-0040670,2026,4,LV,0,0,0,0,0,0,0,0,0,0,0,0,0
2026_04_DET_CAR,00-0040672,2026,4,CAR,0,0,0,0,0,0,0,0,0,0,0,0,0
2026_04_TEN_BAL,00-0040676,2026,4,BAL,20,31,222,1,4,27,0,0,0,0,0,1,0
2026_04_ARI_NYG,00-0040677,2026,4,ARI,0,0,0,0,0,0,0,0,0,0,0,0,0
2026_04_IND_WAS,00-0040686,2026,4,IND,0,0,0,0,0,0,0,0,0,0,0,0,0
2026_04_TEN_BAL,00-0040688,2026,4,TEN,0,0,0,0,0,0,0,0,0,0,0,0,0
2026_04_ARI_NYG,00-0040694,2026,4,ARI,0,0,0,0,0,0,0,0,0,0,0,0,0
2026_04_NE_BUF,00-0040699,2026,4,BUF,0,0,0,0,0,0,0,0,0,0,0,0,0
2026_04_TEN_BAL,00-0040705,2026,4,BAL,0,0,0,0,0,0,0,1,1,15,0,0,0
2026_04_ARI_NYG,00-0040706,2026,4,NYG,0,0,0,0,0,0,0,0,0,0,0,0,0
2026_04_LA_PHI,00-0040708,2026,4,LA,0,0,0,0,0,0,0,0,0,0,0,0,0
2026_04_NE_BUF,00-0040709,2026,4,NE,0,0,0,0,0,0,0,0,0,0,0,0,0
2026_04_NE_BUF,00-0040710,2026,4,NE,0,0,0,0,0,0,0,0,0,0,0,0,0
2026_04_ARI_NYG,00-0040715,2026,4,ARI,0,0,0,0,18,58,0,1,1,8,0,0,0
2026_04_NE_BUF,00-0040716,2026,4,BUF,0,0,0,0,0,0,0,0,0,0,0,0,0
2026_04_JAX_CIN,00-0040718,2026,4,CIN,0,0,0,0,0,0,0,0,0,0,0,0,0
2026_04_JAX_CIN,00-0040719,2026,4,CIN,0,0,0,0,17,73,0,2,2,18,0,0,0
2026_04_DEN_SF,00-0040720,2026,4,SF,0,0,0,0,0,0,0,0,0,0,0,0,0
2026_04_TEN_BAL,00-0040722,2026,4,TEN,0,0,0,0,0,0,0,0,0,0,0,0,0
2026_04_DAL_HOU,00-0040725,2026,4,HOU,0,0,0,0,0,0,0,0,0,0,0,0,0
2026_04_GB_TB,00-0040726,2026,4,TB,0,0,0,0,0,0,0,0,0,0,0,0,0
2026_04_LAC_SEA,00-0040727,2026,4,SEA,0,1,0,0,0,0,0,3,5,60,0,0,0
2026_04_DET_CAR,00-0040728,2026,4,CAR,0,0,0,0,0,0,0,0,0,0,0,0,0
2026_04_DEN_SF,00-0040730,2026,4,SF,0,0,0,0,7,25,0,10,10,68,0,0,0
2026_04_LAC_SEA,00-0040733,2026,4,LAC,0,0,0,0,0,0,0,0,0,0,0,0,0
2026_04_NE_BUF,00-0040734,2026,4,BUF,0,0,0,0,14,42,0,0,2,0,0,0,0
2026_04_NYJ_CHI,00-0040735,2026,4,NYJ,0,0,0,0,1,11,0,4,6,63,0,0,0
2026_04_JAX_CIN,00-0040738,2026,4,JAX,0,0,0,0,0,0,0,0,0,0,0,0,0
2026_04_IND_WAS,00-0040744,2026,4,WAS,0,0,0,0,0,0,0,0,0,0,0,0,0
2026_04_DAL_HOU,00-0040745,2026,4,DAL,0,0,0,0,0,0,0,0,0,0,0,0,0
2026_04_LA_PHI,00-0040749,2026,4,LA,0,0,0,0,0,0,0,0,0,0,0,0,0
2026_04_TEN_BAL,00-0040752,2026,4,BAL,0,0,0,0,0,0,0,0,0,0,0,0,0
2026_04_PIT_CLE,00-0040782,2026,4,PIT,0,0,0,0,0,0,0,1,1,2,0,0,0
2026_04_PIT_CLE,00-0040784,2026,4,PIT,0,0,0,0,17,53,1,6,7,43,0,0,0
2026_04_JAX_CIN,00-0040785,2026,4,JAX,0,0,0,0,0,0,0,7,9,82,0,0,0
2026_04_DAL_HOU,00-0040865,2026,4,HOU,0,0,0,0,0,0,0,0,0,0,0,0,0
2026_04_LA_PHI,00-0040867,2026,4,LA,0,0,0,0,0,0,0,3,6,27,0,0,0
2026_04_KC_LV,00-0040868,2026,4,KC,0,0,0,0,0,0,0,0,0,0,0,0,0
2026_04_GB_TB,00-0040869,2026,4,TB,0,0,0,0,0,0,0,0,0,0,0,0,0
2026_04_DAL_HOU,00-0040872,2026,4,HOU,0,0,0,0,0,0,0,0,0,0,0,0,0
2026_04_LAC_SEA,00-0040873,2026,4,LAC,0,0,0,0,0,0,0,0,0,0,0,0,0
2026_04_TEN_BAL,00-0040876,2026,4,TEN,0,0,0,0,0,0,0,1,2,13,0,0,0
2026_04_GB_TB,00-0040877,2026,4,TB,0,0,0,0,0,0,0,0,0,0,0,0,0
2026_04_KC_LV,00-0040878,2026,4,KC,0,0,0,0,9,18,0,1,2,-1,0,0,0
2026_04_TEN_BAL,00-0040879,2026,4,TEN,0,0,0,0,0,0,0,2,2,34,0,0,0
2026_04_DAL_HOU,00-0040880,2026,4,HOU,0,0,0,0,0,0,0,0,0,0,0,0,0
2026_04_TEN_BAL,00-0040885,2026,4,TEN,0,0,0,0,0,0,0,0,0,0,0,0,0
2026_04_TEN_BAL,00-0040886,2026,4,BAL,0,0,0,0,3,2,0,0,0,0,0,0,0
2026_04_TEN_BAL,00-0040887,2026,4,TEN,0,0,0,0,0,0,0,0,0,0,0,0,0
2026_04_KC_LV,00-0040889,2026,4,KC,0,0,0,0,0,0,0,0,0,0,0,0,0
2026_04_KC_LV,00-0040890,2026,4,LV,0,0,0,0,0,0,0,0,1,0,0,0,0
2026_04_KC_LV,00-0040894,2026,4,KC,0,0,0,0,0,0,0,0,0,0,0,0,0
2026_04_TEN_BAL,00-0040898,2026,4,TEN,0,0,0,0,0,0,0,0,0,0,0,0,0
2026_04_GB_TB,00-0040899,2026,4,TB,0,0,0,0,0,0,0,0,0,0,0,0,0
2026_04_LA_PHI,00-0040923,2026,4,PHI,0,0,0,0,0,0,0,0,0,0,0,0,0
2026_04_GB_TB,00-0040948,2026,4,TB,0,0,0,0,0,0,0,0,1,0,0,0,0
2026_04_KC_LV,00-0040957,2026,4,LV,0,0,0,0,0,0,0,0,0,0,0,0,0
2026_04_TEN_BAL,00-0040978,2026,4,TEN,0,0,0,0,0,0,0,0,0,0,0,0,0
2026_04_KC_LV,00-0041013,2026,4,LV,0,0,0,0,0,0,0,1,1,10,0,0,0
2026_04_NYJ_CHI,00-0041026,2026,4,CHI,0,0,0,0,0,0,0,0,0,0,0,0,0
2026_04_ARI_NYG,00-0041027,2026,4,NYG,0,0,0,0,14,63,0,1,1,-8,0,0,0
2026_04_IND_WAS,00-0041028,2026,4,IND,0,0,0,0,0,0,0,0,0,0,0,0,0
2026_04_NYJ_CHI,00-0041032,2026,4,CHI,0,0,0,0,0,0,0,0,4,0,0,0,0
2026_04_MIA_MIN,00-0041033,2026,4,MIA,0,0,0,0,0,0,0,0,0,0,0,0,0
2026_04_NE_BUF,00-0041036,2026,4,NE,0,0,0,0,0,0,0,0,0,0,0,0,0
2026_04_PIT_CLE,00-0041037,2026,4,PIT,0,0,0,0,0,0,0,4,7,89,0,0,0
2026_04_NYJ_CHI,00-0041038,2026,4,CHI,0,0,0,0,0,0,0,0,0,0,0,0,0
2026_04_IND_WAS,00-0041040,2026,4,IND,0,0,0,0,0,0,0,3,8,21,0,0,0
2026_04_ARI_NYG,00-0041042,2026,4,ARI,0,0,0,0,0,0,0,2,3,52,1,0,0
2026_04_IND_WAS,00-0041043,2026,4,WAS,0,0,0,0,0,0,0,0,0,0,0,0,0
2026_04_MIA_MIN,00-0041046,2026,4,MIA,0,0,0,0,0,0,0,0,0,0,0,0,0
2026_04_GB_TB,00-0041048,2026,4,GB,0,0,0,0,0,0,0,2,3,25,0,0,0
2026_04_JAX_CIN,00-0041050,2026,4,CIN,0,0,0,0,0,0,0,0,0,0,0,0,0
2026_04_NYJ_CHI,00-0041051,2026,4,NYJ,0,0,0,0,0,0,0,0,0,0,0,0,0
2026_04_DEN_SF,00-0041052,2026,4,DEN,0,0,0,0,6,13,0,0,0,0,0,0,0
2026_04_MIA_MIN,00-0041053,2026,4,MIA,0,0,0,0,0,0,0,0,0,0,0,0,0
2026_04_GB_TB,00-0041057,2026,4,GB,0,0,0,0,0,0,0,0,0,0,0,0,0
2026_04_LAC_SEA,00-0041058,2026,4,SEA,0,0,0,0,0,0,0,0,0,0,0,0,0
2026_04_NYJ_CHI,00-0041060,2026,4,NYJ,0,0,0,0,0,0,0,0,0,0,0,0,0
2026_04_DET_CAR,00-0041063,2026,4,DET,0,0,0,0,0,0,0,0,0,0,0,0,0
2026_04_LAC_SEA,00-0041064,2026,4,SEA,0,0,0,0,0,0,0,0,0,0,0,0,0
2026_04_LAC_SEA,00-0041072,2026,4,SEA,0,0,0,0,0,0,0,0,0,0,0,0,0
2026_04_IND_WAS,00-0041074,2026,4,IND,0,0,0,0,0,0,0,0,0,0,0,0,0
2026_04_DET_CAR,00-0041076,2026,4,DET,0,0,0,0,0,0,0,0,0,0,0,0,0
2026_04_ARI_NYG,00-0041093,2026,4,NYG,0,0,0,0,0,0,0,0,0,0,0,0,0
2026_04_GB_TB,00-0041094,2026,4,GB,0,0,0,0,0,0,0,0,0,0,0,0,0
2026_04_IND_WAS,00-0041096,2026,4,IND,0,0,0,0,3,1,0,0,0,0,0,0,0
2026_04_JAX_CIN,00-0041100,2026,4,CIN,0,0,0,0,0,0,0,2,2,42,0,0,0
2026_04_ARI_NYG,00-0041102,2026,4,ARI,0,0,0,0,0,0,0,0,0,0,0,0,0
2026_04_MIA_MIN,00-0041104,2026,4,MIA,0,0,0,0,3,12,0,0,0,0,0,0,0
2026_04_NE_BUF,00-0041109,2026,4,BUF,0,0,0,0,0,0,0,0,0,0,0,0,0
2026_04_NYJ_CHI,00-0041110,2026,4,NYJ,0,0,0,0,0,0,0,0,0,0,0,0,0
2026_04_IND_WAS,00-0041111,2026,4,WAS,0,0,0,0,0,0,0,0,0,0,0,0,0
2026_04_IND_WAS,00-0041117,2026,4,IND,15,33,186,1,3,16,0,0,0,0,0,1,0
2026_04_DET_CAR,00-0041119,2026,4,DET,0,0,0,0,0,0,0,0,0,0,0,0,0
2026_04_IND_WAS,00-0041125,2026,4,WAS,0,0,0,0,6,31,0,1,2,7,0,0,0
2026_04_NE_BUF,00-0041126,2026,4,NE,0,0,0,0,0,0,0,0,0,0,0,0,0
2026_04_IND_WAS,00-0041132,2026,4,WAS,0,0,0,0,0,0,0,1,2,6,0,0,0
2026_04_ARI_NYG,00-0041145,2026,4,ARI,0,0,0,0,0,0,0,0,0,0,0,0,0
2026_04_DET_CAR,00-0041148,2026,4,DET,0,0,0,0,0,0,0,0,0,0,0,0,0
2026_04_MIA_MIN,00-0041159,2026,4,MIN,0,0,0,0,0,0,0,0,0,0,0,0,0
2026_04_NYJ_CHI,00-0041175,2026,4,NYJ,0,0,0,0,0,0,0,0,0,0,0,0,0
2026_04_IND_WAS,00-0041182,2026,4,IND,0,0,0,0,0,0,0,0,0,0,0,0,0
2026_04_GB_TB,00-0041251,2026,4,GB,19,27,148,1,8,55,0,0,0,0,0,2,0
2026_04_NE_BUF,00-0041275,2026,4,NE,0,0,0,0,0,0,0,0,0,0,0,0,0
2026_04_ARI_NYG,00-0041370,2026,4,NYG,0,0,0,0,0,0,0,0,0,0,0,0,0
2026_04_LAC_SEA,00-0041381,2026,4,SEA,0,0,0,0,0,0,0,0,0,0,0,0,0
2026_04_NE_BUF,00-0041391,2026,4,NE,0,0,0,0,0,0,0,0,0,0,0,0,0
2026_04_PIT_CLE,00-0041393,2026,4,CLE,0,0,0,0,0,0,0,0,0,0,0,0,0
2026_04_NE_BUF,00-0041395,2026,4,BUF,0,0,0,0,0,0,0,1,2,12,0,0,0
2026_04_PIT_CLE,00-0041397,2026,4,CLE,0,0,0,0,0,0,0,0,0,0,0,0,0
2026_04_PIT_CLE,00-0041401,2026,4,CLE,0,0,0,0,0,0,0,0,0,0,0,0,0
2026_04_LA_PHI,00-0041404,2026,4,PHI,0,0,0,0,0,0,0,0,0,0,0,0,0
2026_04_NYJ_CHI,00-0041410,2026,4,CHI,0,0,0,0,0,0,0,0,0,0,0,0,0
2026_04_LA_PHI,00-0041415,2026,4,PHI,0,0,0,0,0,0,0,0,0,0,0,0,0
2026_04_TEN_BAL,00-0041438,2026,4,BAL,0,0,0,0,0,0,0,9,12,145,0,0,1
2026_04_DET_CAR,00-0041439,2026,4,CAR,0,0,0,0,0,0,0,0,0,0,0,0,0
2026_04_DET_CAR,00-0041441,2026,4,CAR,0,0,0,0,0,0,0,0,0,0,0,0,0
2026_04_DET_CAR,00-0041442,2026,4,CAR,0,0,0,0,0,0,0,0,0,0,0,0,0
2026_04_NE_BUF,00-0041444,2026,4,NE,0,0,0,0,0,0,0,0,0,0,0,0,0
2026_04_DET_CAR,00-0041447,2026,4,CAR,0,0,0,0,0,0,0,0,0,0,0,0,0
2026_04_DAL_HOU,00-0041449,2026,4,DAL,0,0,0,0,0,0,0,0,0,0,0,0,0
2026_04_NE_BUF,00-0041455,2026,4,BUF,0,0,0,0,0,0,0,0,0,0,0,0,0
2026_04_JAX_CIN,00-0041464,2026,4,JAX,0,0,0,0,0,0,0,0,0,0,0,0,0
2026_04_DAL_HOU,00-0041465,2026,4,DAL,0,0,0,0,0,0,0,0,0,0,0,0,0
2026_04_DAL_HOU,00-0041466,2026,4,DAL,0,0,0,0,0,0,0,0,0,0,0,0,0
2026_04_GB_TB,00-0041470,2026,4,TB,0,0,0,0,0,0,0,0,0,0,0,0,0
2026_04_PIT_CLE,00-0041471,2026,4,PIT,0,0,0,0,0,0,0,0,0,0,0,0,0
2026_04_DET_CAR,00-0041478,2026,4,DET,0,0,0,0,0,0,0,0,0,0,0,0,0
2026_04_TEN_BAL,00-0041479,2026,4,BAL,0,0,0,0,0,0,0,0,0,0,0,0,0
2026_04_PIT_CLE,00-0041482,2026,4,CLE,0,0,0,0,0,0,0,0,0,0,0,0,0
2026_04_PIT_CLE,00-0041489,2026,4,CLE,0,0,0,0,0,0,0,2,2,11,0,0,0
2026_04_TEN_BAL,00-0041494,2026,4,TEN,0,0,0,0,0,0,0,0,0,0,0,0,0
2026_04_MIA_MIN,00-0041495,2026,4,MIA,0,0,0,0,0,0,0,0,0,0,0,0,0
2026_04_KC_LV,00-0041501,2026,4,LV,0,0,0,0,0,0,0,0,0,0,0,0,0
2026_04_GB_TB,00-0041502,2026,4,GB,0,0,0,0,0,0,0,0,0,0,0,0,0
2026_04_JAX_CIN,00-0041503,2026,4,CIN,0,0,0,0,0,0,0,1,2,15,0,0,0
2026_04_TEN_BAL,00-0041508,2026,4,BAL,0,0,0,0,0,0,0,0,0,0,0,0,0
2026_04_ARI_NYG,00-0041509,2026,4,ARI,0,0,0,0,0,0,0,0,0,0,0,0,0
2026_04_IND_WAS,00-0041518,2026,4,WAS,0,0,0,0,0,0,0,0,0,0,0,0,0
2026_04_MIA_MIN,00-0041522,2026,4,MIN,0,0,0,0,0,0,0,0,0,0,0,0,0
2026_04_MIA_MIN,00-0041524,2026,4,MIN,0,0,0,0,0,0,0,1,2,15,0,0,0
2026_04_MIA_MIN,00-0041525,2026,4,MIN,0,0,0,0,0,0,0,0,3,0,0,0,0
2026_04_MIA_MIN,00-0041528,2026,4,MIN,0,0,0,0,0,0,0,0,0,0,0,0,0
2026_04_MIA_MIN,00-0041529,2026,4,MIN,0,0,0,0,0,0,0,1,4,3,0,0,0
2026_04_DAL_HOU,00-0041532,2026,4,DAL,0,0,0,0,0,0,0,0,0,0,0,0,0
2026_04_MIA_MIN,00-0041533,2026,4,MIN,0,0,0,0,0,0,0,0,0,0,0,0,0
2026_04_DAL_HOU,00-0041537,2026,4,HOU,0,0,0,0,0,0,0,0,0,0,0,0,0
2026_04_NYJ_CHI,00-0041538,2026,4,NYJ,0,0,0,0,0,0,0,0,0,0,0,0,0
2026_04_KC_LV,00-0041543,2026,4,LV,0,0,0,0,0,0,0,0,0,0,0,0,0
2026_04_LAC_SEA,00-0041544,2026,4,SEA,0,0,0,0,0,0,0,0,0,0,0,0,0
2026_04_KC_LV,00-0041545,2026,4,LV,0,0,0,0,0,0,0,0,0,0,0,0,0
2026_04_PIT_CLE,00-0041547,2026,4,PIT,0,0,0,0,0,0,0,5,8,64,0,0,0
2026_04_NYJ_CHI,00-0041549,2026,4,CHI,0,0,0,0,0,0,0,0,0,0,0,0,0
2026_04_LA_PHI,00-0041554,2026,4,LA,0,0,0,0,0,0,0,0,0,0,0,0,0
2026_04_DEN_SF,00-0041556,2026,4,DEN,0,0,0,0,0,0,0,0,0,0,0,0,0
2026_04_DEN_SF,00-0041557,2026,4,DEN,0,0,0,0,0,0,0,0,0,0,0,0,0
2026_04_NYJ_CHI,00-0041558,2026,4,NYJ,0,0,0,0,0,0,0,1,1,8,0,0,0
2026_04_NE_BUF,00-0041569,2026,4,BUF,0,0,0,0,0,0,0,0,0,0,0,0,0
2026_04_PIT_CLE,0,2026,4,PIT,0,0,0,0,0,0,0,0,0,0,0,0,0
